slot_id,schedule_id,doctor_id,date,shift,capacity,booked_slots,available_slots,utilization_percent,slot_status,location
SL000001,S000001,D001,2026-01-01,Morning,22,0,22,0.0,Available,Karimnagar
SL000002,S000002,D001,2026-01-02,Full Day,45,3,42,6.67,Available,Karimnagar
SL000003,S000003,D001,2026-01-05,Afternoon,25,2,23,8.0,Available,Karimnagar
SL000004,S000004,D001,2026-01-06,Afternoon,15,1,14,6.67,Available,Karimnagar
SL000005,S000005,D001,2026-01-07,Afternoon,15,2,13,13.33,Available,Karimnagar
SL000006,S000006,D001,2026-01-08,Full Day,41,1,40,2.44,Available,Karimnagar
SL000007,S000007,D001,2026-01-09,Afternoon,17,1,16,5.88,Available,Karimnagar
SL000008,S000008,D001,2026-01-10,Afternoon,19,2,17,10.53,Available,Karimnagar
SL000009,S000009,D001,2026-01-12,Morning,30,0,30,0.0,Available,Karimnagar
SL000010,S000010,D001,2026-01-13,Morning,15,3,12,20.0,Available,Karimnagar
SL000011,S000011,D001,2026-01-14,Afternoon,13,1,12,7.69,Available,Karimnagar
SL000012,S000012,D001,2026-01-15,Morning,24,2,22,8.33,Available,Karimnagar
SL000013,S000013,D001,2026-01-16,Morning,13,0,13,0.0,Available,Karimnagar
SL000014,S000014,D001,2026-01-19,Morning,19,1,18,5.26,Available,Karimnagar
SL000015,S000015,D001,2026-01-20,Morning,12,0,12,0.0,Available,Karimnagar
SL000016,S000016,D001,2026-01-21,Morning,14,1,13,7.14,Available,Karimnagar
SL000017,S000017,D001,2026-01-23,Full Day,36,3,33,8.33,Available,Karimnagar
SL000018,S000018,D001,2026-01-25,Afternoon,20,0,20,0.0,Available,Karimnagar
SL000019,S000019,D001,2026-01-28,Afternoon,19,7,12,36.84,Available,Karimnagar
SL000020,S000020,D001,2026-01-29,Morning,30,0,30,0.0,Available,Karimnagar
SL000021,S000021,D001,2026-02-02,Afternoon,15,1,14,6.67,Available,Karimnagar
SL000022,S000022,D001,2026-02-03,Full Day,45,2,43,4.44,Available,Karimnagar
SL000023,S000023,D001,2026-02-04,Morning,14,1,13,7.14,Available,Karimnagar
SL000024,S000024,D001,2026-02-05,Afternoon,19,0,19,0.0,Available,Karimnagar
SL000025,S000025,D001,2026-02-06,Afternoon,17,2,15,11.76,Available,Karimnagar
SL000026,S000026,D001,2026-02-09,Morning,15,1,14,6.67,Available,Karimnagar
SL000027,S000027,D001,2026-02-10,Afternoon,15,1,14,6.67,Available,Karimnagar
SL000028,S000028,D001,2026-02-11,Afternoon,17,2,15,11.76,Available,Karimnagar
SL000029,S000029,D001,2026-02-12,Afternoon,30,2,28,6.67,Available,Karimnagar
SL000030,S000030,D001,2026-02-13,Afternoon,24,0,24,0.0,Available,Karimnagar
SL000031,S000031,D001,2026-02-14,Full Day,34,0,34,0.0,Available,Karimnagar
SL000032,S000032,D001,2026-02-16,Afternoon,25,0,25,0.0,Available,Karimnagar
SL000033,S000033,D001,2026-02-17,Morning,12,1,11,8.33,Available,Karimnagar
SL000034,S000034,D001,2026-02-18,Morning,24,0,24,0.0,Available,Karimnagar
SL000035,S000035,D001,2026-02-19,Full Day,40,2,38,5.0,Available,Karimnagar
SL000036,S000036,D001,2026-02-20,Afternoon,19,1,18,5.26,Available,Karimnagar
SL000037,S000037,D001,2026-02-21,Afternoon,27,1,26,3.7,Available,Karimnagar
SL000038,S000038,D001,2026-02-23,Morning,22,0,22,0.0,Available,Karimnagar
SL000039,S000039,D001,2026-02-24,Morning,23,3,20,13.04,Available,Karimnagar
SL000040,S000040,D001,2026-02-25,Morning,25,0,25,0.0,Available,Karimnagar
SL000041,S000041,D001,2026-03-01,Morning,17,2,15,11.76,Available,Karimnagar
SL000042,S000042,D001,2026-03-02,Full Day,36,0,36,0.0,Available,Karimnagar
SL000043,S000043,D001,2026-03-03,Full Day,49,2,47,4.08,Available,Karimnagar
SL000044,S000044,D001,2026-03-04,Morning,30,1,29,3.33,Available,Karimnagar
SL000045,S000045,D001,2026-03-05,Afternoon,19,3,16,15.79,Available,Karimnagar
SL000046,S000046,D001,2026-03-06,Morning,16,0,16,0.0,Available,Karimnagar
SL000047,S000047,D001,2026-03-09,Morning,26,1,25,3.85,Available,Karimnagar
SL000048,S000048,D001,2026-03-10,Afternoon,25,0,25,0.0,Available,Karimnagar
SL000049,S000049,D001,2026-03-12,Afternoon,21,0,21,0.0,Available,Karimnagar
SL000050,S000050,D001,2026-03-13,Afternoon,22,1,21,4.55,Available,Karimnagar
SL000051,S000051,D001,2026-03-16,Afternoon,14,0,14,0.0,Available,Karimnagar
SL000052,S000052,D001,2026-03-17,Morning,16,1,15,6.25,Available,Karimnagar
SL000053,S000053,D001,2026-03-18,Full Day,31,2,29,6.45,Available,Karimnagar
SL000054,S000054,D001,2026-03-19,Full Day,45,2,43,4.44,Available,Karimnagar
SL000055,S000055,D001,2026-03-20,Full Day,43,1,42,2.33,Available,Karimnagar
SL000056,S000056,D001,2026-03-22,Full Day,42,1,41,2.38,Available,Karimnagar
SL000057,S000057,D001,2026-03-24,Afternoon,24,0,24,0.0,Available,Karimnagar
SL000058,S000058,D001,2026-03-25,Full Day,28,0,28,0.0,Available,Karimnagar
SL000059,S000059,D001,2026-03-26,Morning,20,0,20,0.0,Available,Karimnagar
SL000060,S000060,D001,2026-03-27,Afternoon,20,0,20,0.0,Available,Karimnagar
SL000061,S000061,D001,2026-04-01,Full Day,49,4,45,8.16,Available,Karimnagar
SL000062,S000062,D001,2026-04-02,Afternoon,20,0,20,0.0,Available,Karimnagar
SL000063,S000063,D001,2026-04-03,Full Day,49,1,48,2.04,Available,Karimnagar
SL000064,S000064,D001,2026-04-06,Morning,19,0,19,0.0,Available,Karimnagar
SL000065,S000065,D001,2026-04-07,Morning,30,1,29,3.33,Available,Karimnagar
SL000066,S000066,D001,2026-04-08,Afternoon,29,0,29,0.0,Available,Karimnagar
SL000067,S000067,D001,2026-04-10,Afternoon,27,3,24,11.11,Available,Karimnagar
SL000068,S000068,D001,2026-04-11,Morning,27,3,24,11.11,Available,Karimnagar
SL000069,S000069,D001,2026-04-13,Afternoon,30,0,30,0.0,Available,Karimnagar
SL000070,S000070,D001,2026-04-14,Morning,21,1,20,4.76,Available,Karimnagar
SL000071,S000071,D001,2026-04-15,Afternoon,15,0,15,0.0,Available,Karimnagar
SL000072,S000072,D001,2026-04-17,Full Day,28,3,25,10.71,Available,Karimnagar
SL000073,S000073,D001,2026-04-20,Full Day,47,4,43,8.51,Available,Karimnagar
SL000074,S000074,D001,2026-04-21,Afternoon,24,0,24,0.0,Available,Karimnagar
SL000075,S000075,D001,2026-04-22,Afternoon,24,2,22,8.33,Available,Karimnagar
SL000076,S000076,D001,2026-04-23,Afternoon,26,1,25,3.85,Available,Karimnagar
SL000077,S000077,D001,2026-04-24,Full Day,33,0,33,0.0,Available,Karimnagar
SL000078,S000078,D001,2026-04-27,Afternoon,16,2,14,12.5,Available,Karimnagar
SL000079,S000079,D001,2026-04-28,Morning,17,1,16,5.88,Available,Karimnagar
SL000080,S000080,D001,2026-04-29,Full Day,36,0,36,0.0,Available,Karimnagar
SL000081,S000081,D001,2026-04-30,Full Day,34,0,34,0.0,Available,Karimnagar
SL000082,S000082,D001,2026-05-01,Morning,18,0,18,0.0,Available,Karimnagar
SL000083,S000083,D001,2026-05-02,Morning,27,2,25,7.41,Available,Karimnagar
SL000084,S000084,D001,2026-05-04,Morning,14,1,13,7.14,Available,Karimnagar
SL000085,S000085,D001,2026-05-05,Morning,16,0,16,0.0,Available,Karimnagar
SL000086,S000086,D001,2026-05-07,Morning,21,1,20,4.76,Available,Karimnagar
SL000087,S000087,D001,2026-05-08,Morning,24,1,23,4.17,Available,Karimnagar
SL000088,S000088,D001,2026-05-09,Afternoon,30,0,30,0.0,Available,Karimnagar
SL000089,S000089,D001,2026-05-11,Morning,28,0,28,0.0,Available,Karimnagar
SL000090,S000090,D001,2026-05-12,Morning,29,3,26,10.34,Available,Karimnagar
SL000091,S000091,D001,2026-05-13,Afternoon,17,1,16,5.88,Available,Karimnagar
SL000092,S000092,D001,2026-05-14,Full Day,46,0,46,0.0,Available,Karimnagar
SL000093,S000093,D001,2026-05-15,Full Day,33,0,33,0.0,Available,Karimnagar
SL000094,S000094,D001,2026-05-18,Afternoon,13,0,13,0.0,Available,Karimnagar
SL000095,S000095,D001,2026-05-20,Full Day,30,2,28,6.67,Available,Karimnagar
SL000096,S000096,D001,2026-05-21,Morning,30,0,30,0.0,Available,Karimnagar
SL000097,S000097,D001,2026-05-22,Full Day,46,0,46,0.0,Available,Karimnagar
SL000098,S000098,D001,2026-05-25,Morning,17,1,16,5.88,Available,Karimnagar
SL000099,S000099,D001,2026-05-26,Afternoon,13,2,11,15.38,Available,Karimnagar
SL000100,S000100,D001,2026-05-27,Full Day,47,0,47,0.0,Available,Karimnagar
SL000101,S000101,D001,2026-05-28,Afternoon,17,0,17,0.0,Available,Karimnagar
SL000102,S000102,D001,2026-05-29,Morning,24,0,24,0.0,Available,Karimnagar
SL000103,S000103,D001,2026-05-31,Full Day,50,0,50,0.0,Available,Karimnagar
SL000104,S000104,D001,2026-06-01,Afternoon,25,0,25,0.0,Available,Karimnagar
SL000105,S000105,D001,2026-06-02,Morning,21,0,21,0.0,Available,Karimnagar
SL000106,S000106,D001,2026-06-03,Full Day,37,2,35,5.41,Available,Karimnagar
SL000107,S000107,D001,2026-06-04,Full Day,34,0,34,0.0,Available,Karimnagar
SL000108,S000108,D001,2026-06-05,Afternoon,13,0,13,0.0,Available,Karimnagar
SL000109,S000109,D001,2026-06-08,Afternoon,29,0,29,0.0,Available,Karimnagar
SL000110,S000110,D001,2026-06-09,Morning,18,2,16,11.11,Available,Karimnagar
SL000111,S000111,D001,2026-06-11,Morning,26,1,25,3.85,Available,Karimnagar
SL000112,S000112,D001,2026-06-15,Afternoon,25,0,25,0.0,Available,Karimnagar
SL000113,S000113,D001,2026-06-17,Afternoon,18,1,17,5.56,Available,Karimnagar
SL000114,S000114,D001,2026-06-18,Afternoon,18,1,17,5.56,Available,Karimnagar
SL000115,S000115,D001,2026-06-19,Morning,27,2,25,7.41,Available,Karimnagar
SL000116,S000116,D001,2026-06-20,Full Day,33,4,29,12.12,Available,Karimnagar
SL000117,S000117,D001,2026-06-22,Full Day,44,2,42,4.55,Available,Karimnagar
SL000118,S000118,D001,2026-06-23,Afternoon,26,1,25,3.85,Available,Karimnagar
SL000119,S000119,D001,2026-06-24,Morning,24,0,24,0.0,Available,Karimnagar
SL000120,S000120,D001,2026-06-26,Full Day,34,1,33,2.94,Available,Karimnagar
SL000121,S000121,D001,2026-06-27,Full Day,42,1,41,2.38,Available,Karimnagar
SL000122,S000122,D001,2026-06-29,Full Day,34,1,33,2.94,Available,Karimnagar
SL000123,S000123,D001,2026-06-30,Morning,14,0,14,0.0,Available,Karimnagar
SL000124,S000124,D001,2026-07-01,Morning,26,1,25,3.85,Available,Karimnagar
SL000125,S000125,D001,2026-07-03,Morning,15,2,13,13.33,Available,Karimnagar
SL000126,S000126,D001,2026-07-05,Morning,18,2,16,11.11,Available,Karimnagar
SL000127,S000127,D001,2026-07-07,Full Day,49,2,47,4.08,Available,Karimnagar
SL000128,S000128,D001,2026-07-09,Full Day,34,2,32,5.88,Available,Karimnagar
SL000129,S000129,D001,2026-07-10,Morning,26,4,22,15.38,Available,Karimnagar
SL000130,S000130,D001,2026-07-13,Morning,12,3,9,25.0,Available,Karimnagar
SL000131,S000131,D001,2026-07-14,Morning,16,2,14,12.5,Available,Karimnagar
SL000132,S000132,D001,2026-07-15,Afternoon,25,0,25,0.0,Available,Karimnagar
SL000133,S000133,D001,2026-07-16,Full Day,50,0,50,0.0,Available,Karimnagar
SL000134,S000134,D001,2026-07-19,Afternoon,29,2,27,6.9,Available,Karimnagar
SL000135,S000135,D001,2026-07-20,Afternoon,24,1,23,4.17,Available,Karimnagar
SL000136,S000136,D001,2026-07-21,Afternoon,17,0,17,0.0,Available,Karimnagar
SL000137,S000137,D001,2026-07-22,Morning,12,2,10,16.67,Available,Karimnagar
SL000138,S000138,D001,2026-07-23,Full Day,49,2,47,4.08,Available,Karimnagar
SL000139,S000139,D001,2026-07-24,Morning,26,2,24,7.69,Available,Karimnagar
SL000140,S000140,D001,2026-07-26,Full Day,30,1,29,3.33,Available,Karimnagar
SL000141,S000141,D001,2026-07-27,Afternoon,21,2,19,9.52,Available,Karimnagar
SL000142,S000142,D001,2026-07-29,Afternoon,29,2,27,6.9,Available,Karimnagar
SL000143,S000143,D001,2026-07-30,Morning,25,3,22,12.0,Available,Karimnagar
SL000144,S000144,D001,2026-07-31,Full Day,36,3,33,8.33,Available,Karimnagar
SL000145,S000145,D001,2026-08-01,Morning,22,0,22,0.0,Available,Karimnagar
SL000146,S000146,D001,2026-08-02,Full Day,42,3,39,7.14,Available,Karimnagar
SL000147,S000147,D001,2026-08-03,Afternoon,12,2,10,16.67,Available,Karimnagar
SL000148,S000148,D001,2026-08-04,Afternoon,17,2,15,11.76,Available,Karimnagar
SL000149,S000149,D001,2026-08-05,Full Day,40,2,38,5.0,Available,Karimnagar
SL000150,S000150,D001,2026-08-06,Afternoon,20,0,20,0.0,Available,Karimnagar
SL000151,S000151,D001,2026-08-07,Afternoon,26,1,25,3.85,Available,Karimnagar
SL000152,S000152,D001,2026-08-08,Morning,21,1,20,4.76,Available,Karimnagar
SL000153,S000153,D001,2026-08-10,Morning,20,1,19,5.0,Available,Karimnagar
SL000154,S000154,D001,2026-08-11,Morning,25,4,21,16.0,Available,Karimnagar
SL000155,S000155,D001,2026-08-13,Full Day,44,3,41,6.82,Available,Karimnagar
SL000156,S000156,D001,2026-08-14,Afternoon,27,2,25,7.41,Available,Karimnagar
SL000157,S000157,D001,2026-08-17,Afternoon,22,1,21,4.55,Available,Karimnagar
SL000158,S000158,D001,2026-08-18,Afternoon,22,0,22,0.0,Available,Karimnagar
SL000159,S000159,D001,2026-08-19,Afternoon,25,2,23,8.0,Available,Karimnagar
SL000160,S000160,D001,2026-08-20,Afternoon,27,1,26,3.7,Available,Karimnagar
SL000161,S000161,D001,2026-08-22,Afternoon,28,2,26,7.14,Available,Karimnagar
SL000162,S000162,D001,2026-08-24,Full Day,48,3,45,6.25,Available,Karimnagar
SL000163,S000163,D001,2026-08-25,Afternoon,22,1,21,4.55,Available,Karimnagar
SL000164,S000164,D001,2026-08-26,Afternoon,17,1,16,5.88,Available,Karimnagar
SL000165,S000165,D001,2026-08-27,Full Day,35,2,33,5.71,Available,Karimnagar
SL000166,S000166,D001,2026-08-28,Full Day,26,3,23,11.54,Available,Karimnagar
SL000167,S000167,D001,2026-08-30,Afternoon,24,1,23,4.17,Available,Karimnagar
SL000168,S000168,D001,2026-08-31,Morning,14,0,14,0.0,Available,Karimnagar
SL000169,S000169,D001,2026-09-01,Morning,18,0,18,0.0,Available,Karimnagar
SL000170,S000170,D001,2026-09-02,Afternoon,19,0,19,0.0,Available,Karimnagar
SL000171,S000171,D001,2026-09-03,Full Day,26,2,24,7.69,Available,Karimnagar
SL000172,S000172,D001,2026-09-04,Morning,12,2,10,16.67,Available,Karimnagar
SL000173,S000173,D001,2026-09-06,Morning,18,0,18,0.0,Available,Karimnagar
SL000174,S000174,D001,2026-09-07,Morning,25,1,24,4.0,Available,Karimnagar
SL000175,S000175,D001,2026-09-08,Morning,22,1,21,4.55,Available,Karimnagar
SL000176,S000176,D001,2026-09-09,Morning,17,1,16,5.88,Available,Karimnagar
SL000177,S000177,D001,2026-09-10,Morning,28,1,27,3.57,Available,Karimnagar
SL000178,S000178,D001,2026-09-11,Afternoon,16,0,16,0.0,Available,Karimnagar
SL000179,S000179,D001,2026-09-14,Morning,28,2,26,7.14,Available,Karimnagar
SL000180,S000180,D001,2026-09-15,Afternoon,24,1,23,4.17,Available,Karimnagar
SL000181,S000181,D001,2026-09-16,Full Day,45,0,45,0.0,Available,Karimnagar
SL000182,S000182,D001,2026-09-17,Full Day,27,0,27,0.0,Available,Karimnagar
SL000183,S000183,D001,2026-09-18,Morning,21,2,19,9.52,Available,Karimnagar
SL000184,S000184,D001,2026-09-21,Afternoon,30,1,29,3.33,Available,Karimnagar
SL000185,S000185,D001,2026-09-22,Afternoon,23,1,22,4.35,Available,Karimnagar
SL000186,S000186,D001,2026-09-23,Afternoon,29,0,29,0.0,Available,Karimnagar
SL000187,S000187,D001,2026-09-24,Morning,23,4,19,17.39,Available,Karimnagar
SL000188,S000188,D001,2026-09-25,Afternoon,30,1,29,3.33,Available,Karimnagar
SL000189,S000189,D001,2026-09-26,Morning,15,0,15,0.0,Available,Karimnagar
SL000190,S000190,D001,2026-09-28,Full Day,40,2,38,5.0,Available,Karimnagar
SL000191,S000191,D001,2026-09-29,Afternoon,15,2,13,13.33,Available,Karimnagar
SL000192,S000192,D001,2026-09-30,Morning,20,3,17,15.0,Available,Karimnagar
SL000193,S000193,D001,2026-10-01,Afternoon,22,2,20,9.09,Available,Karimnagar
SL000194,S000194,D001,2026-10-05,Morning,30,3,27,10.0,Available,Karimnagar
SL000195,S000195,D001,2026-10-07,Afternoon,25,3,22,12.0,Available,Karimnagar
SL000196,S000196,D001,2026-10-09,Full Day,36,1,35,2.78,Available,Karimnagar
SL000197,S000197,D001,2026-10-12,Full Day,30,1,29,3.33,Available,Karimnagar
SL000198,S000198,D001,2026-10-13,Morning,27,3,24,11.11,Available,Karimnagar
SL000199,S000199,D001,2026-10-14,Afternoon,21,1,20,4.76,Available,Karimnagar
SL000200,S000200,D001,2026-10-15,Afternoon,24,0,24,0.0,Available,Karimnagar
SL000201,S000201,D001,2026-10-16,Morning,13,2,11,15.38,Available,Karimnagar
SL000202,S000202,D001,2026-10-18,Full Day,37,3,34,8.11,Available,Karimnagar
SL000203,S000203,D001,2026-10-19,Afternoon,16,1,15,6.25,Available,Karimnagar
SL000204,S000204,D001,2026-10-25,Morning,18,1,17,5.56,Available,Karimnagar
SL000205,S000205,D001,2026-10-26,Full Day,32,2,30,6.25,Available,Karimnagar
SL000206,S000206,D001,2026-10-27,Afternoon,16,2,14,12.5,Available,Karimnagar
SL000207,S000207,D001,2026-10-28,Morning,13,2,11,15.38,Available,Karimnagar
SL000208,S000208,D001,2026-10-29,Afternoon,18,3,15,16.67,Available,Karimnagar
SL000209,S000209,D001,2026-10-30,Afternoon,12,0,12,0.0,Available,Karimnagar
SL000210,S000210,D001,2026-10-31,Morning,24,0,24,0.0,Available,Karimnagar
SL000211,S000211,D001,2026-11-01,Morning,29,0,29,0.0,Available,Karimnagar
SL000212,S000212,D001,2026-11-02,Morning,23,0,23,0.0,Available,Karimnagar
SL000213,S000213,D001,2026-11-03,Full Day,43,0,43,0.0,Available,Karimnagar
SL000214,S000214,D001,2026-11-04,Afternoon,27,1,26,3.7,Available,Karimnagar
SL000215,S000215,D001,2026-11-05,Afternoon,14,0,14,0.0,Available,Karimnagar
SL000216,S000216,D001,2026-11-06,Morning,20,3,17,15.0,Available,Karimnagar
SL000217,S000217,D001,2026-11-08,Morning,30,0,30,0.0,Available,Karimnagar
SL000218,S000218,D001,2026-11-09,Morning,12,0,12,0.0,Available,Karimnagar
SL000219,S000219,D001,2026-11-10,Full Day,31,0,31,0.0,Available,Karimnagar
SL000220,S000220,D001,2026-11-11,Full Day,29,3,26,10.34,Available,Karimnagar
SL000221,S000221,D001,2026-11-12,Morning,13,2,11,15.38,Available,Karimnagar
SL000222,S000222,D001,2026-11-13,Afternoon,20,0,20,0.0,Available,Karimnagar
SL000223,S000223,D001,2026-11-14,Morning,17,0,17,0.0,Available,Karimnagar
SL000224,S000224,D001,2026-11-16,Morning,29,2,27,6.9,Available,Karimnagar
SL000225,S000225,D001,2026-11-17,Afternoon,19,2,17,10.53,Available,Karimnagar
SL000226,S000226,D001,2026-11-18,Morning,12,3,9,25.0,Available,Karimnagar
SL000227,S000227,D001,2026-11-19,Morning,25,4,21,16.0,Available,Karimnagar
SL000228,S000228,D001,2026-11-20,Morning,12,0,12,0.0,Available,Karimnagar
SL000229,S000229,D001,2026-11-21,Afternoon,22,1,21,4.55,Available,Karimnagar
SL000230,S000230,D001,2026-11-23,Full Day,46,0,46,0.0,Available,Karimnagar
SL000231,S000231,D001,2026-11-24,Full Day,48,0,48,0.0,Available,Karimnagar
SL000232,S000232,D001,2026-11-25,Full Day,28,1,27,3.57,Available,Karimnagar
SL000233,S000233,D001,2026-11-26,Full Day,40,2,38,5.0,Available,Karimnagar
SL000234,S000234,D001,2026-11-27,Full Day,43,0,43,0.0,Available,Karimnagar
SL000235,S000235,D001,2026-11-29,Morning,28,2,26,7.14,Available,Karimnagar
SL000236,S000236,D001,2026-11-30,Afternoon,27,2,25,7.41,Available,Karimnagar
SL000237,S000237,D001,2026-12-01,Afternoon,12,2,10,16.67,Available,Karimnagar
SL000238,S000238,D001,2026-12-02,Full Day,29,2,27,6.9,Available,Karimnagar
SL000239,S000239,D001,2026-12-03,Full Day,42,2,40,4.76,Available,Karimnagar
SL000240,S000240,D001,2026-12-07,Full Day,47,0,47,0.0,Available,Karimnagar
SL000241,S000241,D001,2026-12-08,Morning,12,2,10,16.67,Available,Karimnagar
SL000242,S000242,D001,2026-12-10,Full Day,40,5,35,12.5,Available,Karimnagar
SL000243,S000243,D001,2026-12-14,Full Day,30,2,28,6.67,Available,Karimnagar
SL000244,S000244,D001,2026-12-15,Morning,27,2,25,7.41,Available,Karimnagar
SL000245,S000245,D001,2026-12-16,Full Day,49,3,46,6.12,Available,Karimnagar
SL000246,S000246,D001,2026-12-17,Afternoon,23,0,23,0.0,Available,Karimnagar
SL000247,S000247,D001,2026-12-18,Afternoon,29,2,27,6.9,Available,Karimnagar
SL000248,S000248,D001,2026-12-20,Afternoon,18,0,18,0.0,Available,Karimnagar
SL000249,S000249,D001,2026-12-21,Morning,13,0,13,0.0,Available,Karimnagar
SL000250,S000250,D001,2026-12-23,Full Day,31,3,28,9.68,Available,Karimnagar
SL000251,S000251,D001,2026-12-24,Afternoon,21,3,18,14.29,Available,Karimnagar
SL000252,S000252,D001,2026-12-25,Morning,13,0,13,0.0,Available,Karimnagar
SL000253,S000253,D001,2026-12-27,Full Day,41,0,41,0.0,Available,Karimnagar
SL000254,S000254,D001,2026-12-28,Morning,20,3,17,15.0,Available,Karimnagar
SL000255,S000255,D001,2026-12-29,Full Day,42,2,40,4.76,Available,Karimnagar
SL000256,S000256,D001,2026-12-30,Morning,24,2,22,8.33,Available,Karimnagar
SL000257,S000257,D001,2026-12-31,Full Day,36,2,34,5.56,Available,Karimnagar
SL000258,S000258,D002,2026-01-01,Afternoon,20,0,20,0.0,Available,Karimnagar
SL000259,S000259,D002,2026-01-02,Morning,16,1,15,6.25,Available,Karimnagar
SL000260,S000260,D002,2026-01-03,Morning,17,0,17,0.0,Available,Karimnagar
SL000261,S000261,D002,2026-01-04,Afternoon,13,1,12,7.69,Available,Karimnagar
SL000262,S000262,D002,2026-01-05,Afternoon,24,1,23,4.17,Available,Karimnagar
SL000263,S000263,D002,2026-01-06,Afternoon,25,2,23,8.0,Available,Karimnagar
SL000264,S000264,D002,2026-01-09,Full Day,25,0,25,0.0,Available,Karimnagar
SL000265,S000265,D002,2026-01-11,Morning,14,4,10,28.57,Available,Karimnagar
SL000266,S000266,D002,2026-01-12,Afternoon,26,0,26,0.0,Available,Karimnagar
SL000267,S000267,D002,2026-01-13,Morning,18,1,17,5.56,Available,Karimnagar
SL000268,S000268,D002,2026-01-14,Morning,17,0,17,0.0,Available,Karimnagar
SL000269,S000269,D002,2026-01-15,Afternoon,30,1,29,3.33,Available,Karimnagar
SL000270,S000270,D002,2026-01-18,Afternoon,24,3,21,12.5,Available,Karimnagar
SL000271,S000271,D002,2026-01-19,Morning,24,3,21,12.5,Available,Karimnagar
SL000272,S000272,D002,2026-01-21,Afternoon,25,3,22,12.0,Available,Karimnagar
SL000273,S000273,D002,2026-01-22,Full Day,43,2,41,4.65,Available,Karimnagar
SL000274,S000274,D002,2026-01-23,Full Day,43,3,40,6.98,Available,Karimnagar
SL000275,S000275,D002,2026-01-24,Morning,24,0,24,0.0,Available,Karimnagar
SL000276,S000276,D002,2026-01-26,Afternoon,27,2,25,7.41,Available,Karimnagar
SL000277,S000277,D002,2026-01-27,Morning,17,2,15,11.76,Available,Karimnagar
SL000278,S000278,D002,2026-01-29,Full Day,42,5,37,11.9,Available,Karimnagar
SL000279,S000279,D002,2026-01-30,Morning,27,1,26,3.7,Available,Karimnagar
SL000280,S000280,D002,2026-02-01,Morning,22,1,21,4.55,Available,Karimnagar
SL000281,S000281,D002,2026-02-02,Afternoon,19,2,17,10.53,Available,Karimnagar
SL000282,S000282,D002,2026-02-03,Full Day,33,1,32,3.03,Available,Karimnagar
SL000283,S000283,D002,2026-02-04,Morning,17,2,15,11.76,Available,Karimnagar
SL000284,S000284,D002,2026-02-05,Afternoon,30,2,28,6.67,Available,Karimnagar
SL000285,S000285,D002,2026-02-06,Morning,27,2,25,7.41,Available,Karimnagar
SL000286,S000286,D002,2026-02-08,Full Day,43,3,40,6.98,Available,Karimnagar
SL000287,S000287,D002,2026-02-09,Afternoon,23,0,23,0.0,Available,Karimnagar
SL000288,S000288,D002,2026-02-10,Full Day,28,2,26,7.14,Available,Karimnagar
SL000289,S000289,D002,2026-02-11,Afternoon,20,0,20,0.0,Available,Karimnagar
SL000290,S000290,D002,2026-02-13,Afternoon,25,1,24,4.0,Available,Karimnagar
SL000291,S000291,D002,2026-02-14,Full Day,30,0,30,0.0,Available,Karimnagar
SL000292,S000292,D002,2026-02-16,Morning,24,0,24,0.0,Available,Karimnagar
SL000293,S000293,D002,2026-02-17,Full Day,49,0,49,0.0,Available,Karimnagar
SL000294,S000294,D002,2026-02-19,Full Day,43,0,43,0.0,Available,Karimnagar
SL000295,S000295,D002,2026-02-20,Full Day,46,3,43,6.52,Available,Karimnagar
SL000296,S000296,D002,2026-02-22,Morning,14,0,14,0.0,Available,Karimnagar
SL000297,S000297,D002,2026-02-23,Morning,18,1,17,5.56,Available,Karimnagar
SL000298,S000298,D002,2026-02-24,Afternoon,21,1,20,4.76,Available,Karimnagar
SL000299,S000299,D002,2026-02-25,Morning,23,2,21,8.7,Available,Karimnagar
SL000300,S000300,D002,2026-02-26,Full Day,38,1,37,2.63,Available,Karimnagar
SL000301,S000301,D002,2026-02-27,Full Day,37,1,36,2.7,Available,Karimnagar
SL000302,S000302,D002,2026-02-28,Afternoon,30,2,28,6.67,Available,Karimnagar
SL000303,S000303,D002,2026-03-01,Full Day,34,2,32,5.88,Available,Karimnagar
SL000304,S000304,D002,2026-03-02,Full Day,27,0,27,0.0,Available,Karimnagar
SL000305,S000305,D002,2026-03-03,Full Day,49,0,49,0.0,Available,Karimnagar
SL000306,S000306,D002,2026-03-04,Morning,27,3,24,11.11,Available,Karimnagar
SL000307,S000307,D002,2026-03-05,Afternoon,21,1,20,4.76,Available,Karimnagar
SL000308,S000308,D002,2026-03-06,Morning,16,2,14,12.5,Available,Karimnagar
SL000309,S000309,D002,2026-03-08,Afternoon,14,1,13,7.14,Available,Karimnagar
SL000310,S000310,D002,2026-03-09,Afternoon,30,1,29,3.33,Available,Karimnagar
SL000311,S000311,D002,2026-03-10,Afternoon,16,2,14,12.5,Available,Karimnagar
SL000312,S000312,D002,2026-03-11,Afternoon,18,1,17,5.56,Available,Karimnagar
SL000313,S000313,D002,2026-03-13,Afternoon,28,1,27,3.57,Available,Karimnagar
SL000314,S000314,D002,2026-03-16,Full Day,36,1,35,2.78,Available,Karimnagar
SL000315,S000315,D002,2026-03-18,Afternoon,27,1,26,3.7,Available,Karimnagar
SL000316,S000316,D002,2026-03-19,Afternoon,15,0,15,0.0,Available,Karimnagar
SL000317,S000317,D002,2026-03-20,Afternoon,26,1,25,3.85,Available,Karimnagar
SL000318,S000318,D002,2026-03-23,Afternoon,25,1,24,4.0,Available,Karimnagar
SL000319,S000319,D002,2026-03-24,Morning,24,0,24,0.0,Available,Karimnagar
SL000320,S000320,D002,2026-03-25,Afternoon,26,0,26,0.0,Available,Karimnagar
SL000321,S000321,D002,2026-03-26,Morning,27,2,25,7.41,Available,Karimnagar
SL000322,S000322,D002,2026-03-27,Full Day,33,0,33,0.0,Available,Karimnagar
SL000323,S000323,D002,2026-03-28,Afternoon,26,1,25,3.85,Available,Karimnagar
SL000324,S000324,D002,2026-03-30,Morning,21,0,21,0.0,Available,Karimnagar
SL000325,S000325,D002,2026-03-31,Morning,20,1,19,5.0,Available,Karimnagar
SL000326,S000326,D002,2026-04-02,Morning,21,1,20,4.76,Available,Karimnagar
SL000327,S000327,D002,2026-04-03,Afternoon,17,1,16,5.88,Available,Karimnagar
SL000328,S000328,D002,2026-04-05,Afternoon,15,2,13,13.33,Available,Karimnagar
SL000329,S000329,D002,2026-04-06,Morning,19,1,18,5.26,Available,Karimnagar
SL000330,S000330,D002,2026-04-07,Full Day,32,2,30,6.25,Available,Karimnagar
SL000331,S000331,D002,2026-04-09,Afternoon,29,0,29,0.0,Available,Karimnagar
SL000332,S000332,D002,2026-04-10,Morning,17,1,16,5.88,Available,Karimnagar
SL000333,S000333,D002,2026-04-11,Afternoon,28,0,28,0.0,Available,Karimnagar
SL000334,S000334,D002,2026-04-13,Afternoon,14,0,14,0.0,Available,Karimnagar
SL000335,S000335,D002,2026-04-14,Afternoon,26,0,26,0.0,Available,Karimnagar
SL000336,S000336,D002,2026-04-15,Afternoon,28,1,27,3.57,Available,Karimnagar
SL000337,S000337,D002,2026-04-16,Full Day,44,1,43,2.27,Available,Karimnagar
SL000338,S000338,D002,2026-04-17,Afternoon,18,1,17,5.56,Available,Karimnagar
SL000339,S000339,D002,2026-04-20,Full Day,34,1,33,2.94,Available,Karimnagar
SL000340,S000340,D002,2026-04-21,Full Day,47,1,46,2.13,Available,Karimnagar
SL000341,S000341,D002,2026-04-22,Morning,30,4,26,13.33,Available,Karimnagar
SL000342,S000342,D002,2026-04-23,Morning,26,4,22,15.38,Available,Karimnagar
SL000343,S000343,D002,2026-04-24,Afternoon,22,3,19,13.64,Available,Karimnagar
SL000344,S000344,D002,2026-04-26,Morning,20,2,18,10.0,Available,Karimnagar
SL000345,S000345,D002,2026-04-27,Morning,22,1,21,4.55,Available,Karimnagar
SL000346,S000346,D002,2026-04-28,Morning,18,1,17,5.56,Available,Karimnagar
SL000347,S000347,D002,2026-04-29,Morning,30,0,30,0.0,Available,Karimnagar
SL000348,S000348,D002,2026-04-30,Afternoon,29,0,29,0.0,Available,Karimnagar
SL000349,S000349,D002,2026-05-03,Full Day,29,1,28,3.45,Available,Karimnagar
SL000350,S000350,D002,2026-05-04,Full Day,39,0,39,0.0,Available,Karimnagar
SL000351,S000351,D002,2026-05-05,Morning,24,0,24,0.0,Available,Karimnagar
SL000352,S000352,D002,2026-05-06,Afternoon,27,1,26,3.7,Available,Karimnagar
SL000353,S000353,D002,2026-05-07,Afternoon,20,1,19,5.0,Available,Karimnagar
SL000354,S000354,D002,2026-05-08,Morning,23,0,23,0.0,Available,Karimnagar
SL000355,S000355,D002,2026-05-11,Afternoon,13,0,13,0.0,Available,Karimnagar
SL000356,S000356,D002,2026-05-13,Afternoon,17,1,16,5.88,Available,Karimnagar
SL000357,S000357,D002,2026-05-15,Afternoon,18,1,17,5.56,Available,Karimnagar
SL000358,S000358,D002,2026-05-16,Morning,18,2,16,11.11,Available,Karimnagar
SL000359,S000359,D002,2026-05-18,Full Day,36,1,35,2.78,Available,Karimnagar
SL000360,S000360,D002,2026-05-19,Morning,30,3,27,10.0,Available,Karimnagar
SL000361,S000361,D002,2026-05-22,Morning,22,0,22,0.0,Available,Karimnagar
SL000362,S000362,D002,2026-05-25,Morning,24,1,23,4.17,Available,Karimnagar
SL000363,S000363,D002,2026-05-26,Morning,14,2,12,14.29,Available,Karimnagar
SL000364,S000364,D002,2026-05-27,Morning,21,2,19,9.52,Available,Karimnagar
SL000365,S000365,D002,2026-05-28,Full Day,46,4,42,8.7,Available,Karimnagar
SL000366,S000366,D002,2026-05-29,Morning,23,3,20,13.04,Available,Karimnagar
SL000367,S000367,D002,2026-06-02,Morning,29,1,28,3.45,Available,Karimnagar
SL000368,S000368,D002,2026-06-03,Full Day,34,0,34,0.0,Available,Karimnagar
SL000369,S000369,D002,2026-06-04,Full Day,48,2,46,4.17,Available,Karimnagar
SL000370,S000370,D002,2026-06-05,Afternoon,27,2,25,7.41,Available,Karimnagar
SL000371,S000371,D002,2026-06-07,Afternoon,13,2,11,15.38,Available,Karimnagar
SL000372,S000372,D002,2026-06-08,Afternoon,24,2,22,8.33,Available,Karimnagar
SL000373,S000373,D002,2026-06-09,Afternoon,19,1,18,5.26,Available,Karimnagar
SL000374,S000374,D002,2026-06-10,Afternoon,21,0,21,0.0,Available,Karimnagar
SL000375,S000375,D002,2026-06-11,Morning,14,4,10,28.57,Available,Karimnagar
SL000376,S000376,D002,2026-06-12,Afternoon,20,3,17,15.0,Available,Karimnagar
SL000377,S000377,D002,2026-06-13,Afternoon,16,0,16,0.0,Available,Karimnagar
SL000378,S000378,D002,2026-06-14,Full Day,31,2,29,6.45,Available,Karimnagar
SL000379,S000379,D002,2026-06-15,Afternoon,29,1,28,3.45,Available,Karimnagar
SL000380,S000380,D002,2026-06-16,Full Day,49,1,48,2.04,Available,Karimnagar
SL000381,S000381,D002,2026-06-17,Morning,29,1,28,3.45,Available,Karimnagar
SL000382,S000382,D002,2026-06-18,Full Day,36,0,36,0.0,Available,Karimnagar
SL000383,S000383,D002,2026-06-19,Afternoon,29,2,27,6.9,Available,Karimnagar
SL000384,S000384,D002,2026-06-21,Full Day,29,3,26,10.34,Available,Karimnagar
SL000385,S000385,D002,2026-06-22,Morning,19,1,18,5.26,Available,Karimnagar
SL000386,S000386,D002,2026-06-23,Afternoon,30,1,29,3.33,Available,Karimnagar
SL000387,S000387,D002,2026-06-24,Full Day,36,2,34,5.56,Available,Karimnagar
SL000388,S000388,D002,2026-06-25,Full Day,43,1,42,2.33,Available,Karimnagar
SL000389,S000389,D002,2026-06-26,Morning,18,1,17,5.56,Available,Karimnagar
SL000390,S000390,D002,2026-06-28,Full Day,45,1,44,2.22,Available,Karimnagar
SL000391,S000391,D002,2026-06-30,Afternoon,28,2,26,7.14,Available,Karimnagar
SL000392,S000392,D002,2026-07-01,Morning,13,1,12,7.69,Available,Karimnagar
SL000393,S000393,D002,2026-07-02,Full Day,26,3,23,11.54,Available,Karimnagar
SL000394,S000394,D002,2026-07-03,Full Day,46,0,46,0.0,Available,Karimnagar
SL000395,S000395,D002,2026-07-06,Full Day,49,1,48,2.04,Available,Karimnagar
SL000396,S000396,D002,2026-07-07,Morning,20,1,19,5.0,Available,Karimnagar
SL000397,S000397,D002,2026-07-08,Full Day,28,1,27,3.57,Available,Karimnagar
SL000398,S000398,D002,2026-07-09,Full Day,30,1,29,3.33,Available,Karimnagar
SL000399,S000399,D002,2026-07-10,Full Day,46,1,45,2.17,Available,Karimnagar
SL000400,S000400,D002,2026-07-12,Afternoon,22,1,21,4.55,Available,Karimnagar
SL000401,S000401,D002,2026-07-13,Full Day,34,1,33,2.94,Available,Karimnagar
SL000402,S000402,D002,2026-07-14,Afternoon,12,0,12,0.0,Available,Karimnagar
SL000403,S000403,D002,2026-07-15,Full Day,36,1,35,2.78,Available,Karimnagar
SL000404,S000404,D002,2026-07-16,Morning,15,1,14,6.67,Available,Karimnagar
SL000405,S000405,D002,2026-07-20,Afternoon,29,2,27,6.9,Available,Karimnagar
SL000406,S000406,D002,2026-07-21,Morning,22,3,19,13.64,Available,Karimnagar
SL000407,S000407,D002,2026-07-22,Afternoon,15,3,12,20.0,Available,Karimnagar
SL000408,S000408,D002,2026-07-23,Full Day,43,1,42,2.33,Available,Karimnagar
SL000409,S000409,D002,2026-07-24,Afternoon,29,0,29,0.0,Available,Karimnagar
SL000410,S000410,D002,2026-07-28,Morning,24,1,23,4.17,Available,Karimnagar
SL000411,S000411,D002,2026-07-29,Full Day,28,0,28,0.0,Available,Karimnagar
SL000412,S000412,D002,2026-07-30,Full Day,26,0,26,0.0,Available,Karimnagar
SL000413,S000413,D002,2026-07-31,Afternoon,16,1,15,6.25,Available,Karimnagar
SL000414,S000414,D002,2026-08-01,Afternoon,21,2,19,9.52,Available,Karimnagar
SL000415,S000415,D002,2026-08-03,Afternoon,21,0,21,0.0,Available,Karimnagar
SL000416,S000416,D002,2026-08-04,Full Day,50,0,50,0.0,Available,Karimnagar
SL000417,S000417,D002,2026-08-05,Morning,26,0,26,0.0,Available,Karimnagar
SL000418,S000418,D002,2026-08-06,Afternoon,15,2,13,13.33,Available,Karimnagar
SL000419,S000419,D002,2026-08-07,Full Day,48,0,48,0.0,Available,Karimnagar
SL000420,S000420,D002,2026-08-11,Afternoon,30,4,26,13.33,Available,Karimnagar
SL000421,S000421,D002,2026-08-12,Afternoon,20,0,20,0.0,Available,Karimnagar
SL000422,S000422,D002,2026-08-14,Morning,30,2,28,6.67,Available,Karimnagar
SL000423,S000423,D002,2026-08-15,Full Day,25,1,24,4.0,Available,Karimnagar
SL000424,S000424,D002,2026-08-17,Afternoon,17,2,15,11.76,Available,Karimnagar
SL000425,S000425,D002,2026-08-19,Morning,26,2,24,7.69,Available,Karimnagar
SL000426,S000426,D002,2026-08-20,Morning,30,1,29,3.33,Available,Karimnagar
SL000427,S000427,D002,2026-08-21,Morning,23,0,23,0.0,Available,Karimnagar
SL000428,S000428,D002,2026-08-22,Morning,21,1,20,4.76,Available,Karimnagar
SL000429,S000429,D002,2026-08-23,Morning,29,0,29,0.0,Available,Karimnagar
SL000430,S000430,D002,2026-08-24,Morning,28,0,28,0.0,Available,Karimnagar
SL000431,S000431,D002,2026-08-25,Full Day,37,1,36,2.7,Available,Karimnagar
SL000432,S000432,D002,2026-08-26,Afternoon,22,2,20,9.09,Available,Karimnagar
SL000433,S000433,D002,2026-08-27,Morning,12,1,11,8.33,Available,Karimnagar
SL000434,S000434,D002,2026-08-31,Morning,13,1,12,7.69,Available,Karimnagar
SL000435,S000435,D002,2026-09-02,Full Day,40,0,40,0.0,Available,Karimnagar
SL000436,S000436,D002,2026-09-03,Afternoon,28,1,27,3.57,Available,Karimnagar
SL000437,S000437,D002,2026-09-04,Morning,30,1,29,3.33,Available,Karimnagar
SL000438,S000438,D002,2026-09-05,Morning,21,1,20,4.76,Available,Karimnagar
SL000439,S000439,D002,2026-09-07,Morning,24,0,24,0.0,Available,Karimnagar
SL000440,S000440,D002,2026-09-09,Afternoon,21,0,21,0.0,Available,Karimnagar
SL000441,S000441,D002,2026-09-11,Afternoon,26,1,25,3.85,Available,Karimnagar
SL000442,S000442,D002,2026-09-12,Afternoon,16,4,12,25.0,Available,Karimnagar
SL000443,S000443,D002,2026-09-13,Morning,14,2,12,14.29,Available,Karimnagar
SL000444,S000444,D002,2026-09-14,Afternoon,13,1,12,7.69,Available,Karimnagar
SL000445,S000445,D002,2026-09-15,Morning,16,2,14,12.5,Available,Karimnagar
SL000446,S000446,D002,2026-09-16,Afternoon,14,0,14,0.0,Available,Karimnagar
SL000447,S000447,D002,2026-09-18,Full Day,42,2,40,4.76,Available,Karimnagar
SL000448,S000448,D002,2026-09-19,Morning,27,0,27,0.0,Available,Karimnagar
SL000449,S000449,D002,2026-09-20,Full Day,49,2,47,4.08,Available,Karimnagar
SL000450,S000450,D002,2026-09-21,Morning,23,0,23,0.0,Available,Karimnagar
SL000451,S000451,D002,2026-09-22,Full Day,34,0,34,0.0,Available,Karimnagar
SL000452,S000452,D002,2026-09-23,Afternoon,27,2,25,7.41,Available,Karimnagar
SL000453,S000453,D002,2026-09-24,Morning,25,2,23,8.0,Available,Karimnagar
SL000454,S000454,D002,2026-09-25,Morning,20,0,20,0.0,Available,Karimnagar
SL000455,S000455,D002,2026-09-27,Morning,28,3,25,10.71,Available,Karimnagar
SL000456,S000456,D002,2026-09-28,Morning,24,1,23,4.17,Available,Karimnagar
SL000457,S000457,D002,2026-09-29,Morning,30,1,29,3.33,Available,Karimnagar
SL000458,S000458,D002,2026-09-30,Afternoon,22,0,22,0.0,Available,Karimnagar
SL000459,S000459,D002,2026-10-01,Full Day,34,1,33,2.94,Available,Karimnagar
SL000460,S000460,D002,2026-10-02,Afternoon,21,1,20,4.76,Available,Karimnagar
SL000461,S000461,D002,2026-10-05,Afternoon,23,2,21,8.7,Available,Karimnagar
SL000462,S000462,D002,2026-10-06,Full Day,46,0,46,0.0,Available,Karimnagar
SL000463,S000463,D002,2026-10-07,Full Day,31,0,31,0.0,Available,Karimnagar
SL000464,S000464,D002,2026-10-08,Afternoon,26,1,25,3.85,Available,Karimnagar
SL000465,S000465,D002,2026-10-09,Afternoon,17,3,14,17.65,Available,Karimnagar
SL000466,S000466,D002,2026-10-12,Afternoon,29,0,29,0.0,Available,Karimnagar
SL000467,S000467,D002,2026-10-13,Full Day,27,1,26,3.7,Available,Karimnagar
SL000468,S000468,D002,2026-10-14,Morning,23,1,22,4.35,Available,Karimnagar
SL000469,S000469,D002,2026-10-15,Morning,19,0,19,0.0,Available,Karimnagar
SL000470,S000470,D002,2026-10-16,Full Day,45,0,45,0.0,Available,Karimnagar
SL000471,S000471,D002,2026-10-18,Full Day,28,3,25,10.71,Available,Karimnagar
SL000472,S000472,D002,2026-10-20,Morning,16,1,15,6.25,Available,Karimnagar
SL000473,S000473,D002,2026-10-21,Afternoon,29,0,29,0.0,Available,Karimnagar
SL000474,S000474,D002,2026-10-22,Morning,22,0,22,0.0,Available,Karimnagar
SL000475,S000475,D002,2026-10-23,Afternoon,22,2,20,9.09,Available,Karimnagar
SL000476,S000476,D002,2026-10-24,Morning,27,3,24,11.11,Available,Karimnagar
SL000477,S000477,D002,2026-10-27,Full Day,36,0,36,0.0,Available,Karimnagar
SL000478,S000478,D002,2026-10-29,Afternoon,27,2,25,7.41,Available,Karimnagar
SL000479,S000479,D002,2026-10-30,Full Day,41,1,40,2.44,Available,Karimnagar
SL000480,S000480,D002,2026-10-31,Morning,22,2,20,9.09,Available,Karimnagar
SL000481,S000481,D002,2026-11-02,Afternoon,27,0,27,0.0,Available,Karimnagar
SL000482,S000482,D002,2026-11-03,Afternoon,15,1,14,6.67,Available,Karimnagar
SL000483,S000483,D002,2026-11-04,Afternoon,28,1,27,3.57,Available,Karimnagar
SL000484,S000484,D002,2026-11-05,Morning,12,0,12,0.0,Available,Karimnagar
SL000485,S000485,D002,2026-11-06,Afternoon,26,2,24,7.69,Available,Karimnagar
SL000486,S000486,D002,2026-11-09,Morning,14,0,14,0.0,Available,Karimnagar
SL000487,S000487,D002,2026-11-10,Morning,24,0,24,0.0,Available,Karimnagar
SL000488,S000488,D002,2026-11-11,Afternoon,23,0,23,0.0,Available,Karimnagar
SL000489,S000489,D002,2026-11-12,Afternoon,23,4,19,17.39,Available,Karimnagar
SL000490,S000490,D002,2026-11-13,Morning,23,3,20,13.04,Available,Karimnagar
SL000491,S000491,D002,2026-11-14,Afternoon,17,2,15,11.76,Available,Karimnagar
SL000492,S000492,D002,2026-11-16,Morning,27,1,26,3.7,Available,Karimnagar
SL000493,S000493,D002,2026-11-17,Afternoon,27,4,23,14.81,Available,Karimnagar
SL000494,S000494,D002,2026-11-19,Full Day,37,1,36,2.7,Available,Karimnagar
SL000495,S000495,D002,2026-11-20,Afternoon,17,1,16,5.88,Available,Karimnagar
SL000496,S000496,D002,2026-11-21,Morning,23,1,22,4.35,Available,Karimnagar
SL000497,S000497,D002,2026-11-23,Full Day,39,0,39,0.0,Available,Karimnagar
SL000498,S000498,D002,2026-11-24,Full Day,50,1,49,2.0,Available,Karimnagar
SL000499,S000499,D002,2026-11-25,Full Day,35,3,32,8.57,Available,Karimnagar
SL000500,S000500,D002,2026-11-26,Morning,16,2,14,12.5,Available,Karimnagar
SL000501,S000501,D002,2026-11-27,Afternoon,26,0,26,0.0,Available,Karimnagar
SL000502,S000502,D002,2026-11-30,Afternoon,24,1,23,4.17,Available,Karimnagar
SL000503,S000503,D002,2026-12-01,Morning,22,1,21,4.55,Available,Karimnagar
SL000504,S000504,D002,2026-12-02,Morning,25,0,25,0.0,Available,Karimnagar
SL000505,S000505,D002,2026-12-03,Morning,26,2,24,7.69,Available,Karimnagar
SL000506,S000506,D002,2026-12-04,Full Day,37,1,36,2.7,Available,Karimnagar
SL000507,S000507,D002,2026-12-07,Afternoon,25,1,24,4.0,Available,Karimnagar
SL000508,S000508,D002,2026-12-09,Morning,29,1,28,3.45,Available,Karimnagar
SL000509,S000509,D002,2026-12-10,Morning,30,1,29,3.33,Available,Karimnagar
SL000510,S000510,D002,2026-12-11,Full Day,48,0,48,0.0,Available,Karimnagar
SL000511,S000511,D002,2026-12-13,Full Day,40,2,38,5.0,Available,Karimnagar
SL000512,S000512,D002,2026-12-14,Full Day,32,0,32,0.0,Available,Karimnagar
SL000513,S000513,D002,2026-12-15,Full Day,45,2,43,4.44,Available,Karimnagar
SL000514,S000514,D002,2026-12-16,Afternoon,26,1,25,3.85,Available,Karimnagar
SL000515,S000515,D002,2026-12-17,Morning,12,4,8,33.33,Available,Karimnagar
SL000516,S000516,D002,2026-12-18,Morning,24,3,21,12.5,Available,Karimnagar
SL000517,S000517,D002,2026-12-21,Afternoon,18,1,17,5.56,Available,Karimnagar
SL000518,S000518,D002,2026-12-23,Morning,20,1,19,5.0,Available,Karimnagar
SL000519,S000519,D002,2026-12-24,Morning,23,0,23,0.0,Available,Karimnagar
SL000520,S000520,D002,2026-12-25,Full Day,33,3,30,9.09,Available,Karimnagar
SL000521,S000521,D002,2026-12-26,Morning,19,2,17,10.53,Available,Karimnagar
SL000522,S000522,D002,2026-12-30,Morning,12,2,10,16.67,Available,Karimnagar
SL000523,S000523,D002,2026-12-31,Morning,23,2,21,8.7,Available,Karimnagar
SL000524,S000524,D003,2026-01-01,Afternoon,27,2,25,7.41,Available,Hyderabad
SL000525,S000525,D003,2026-01-03,Full Day,41,1,40,2.44,Available,Hyderabad
SL000526,S000526,D003,2026-01-06,Morning,29,2,27,6.9,Available,Hyderabad
SL000527,S000527,D003,2026-01-07,Full Day,31,3,28,9.68,Available,Hyderabad
SL000528,S000528,D003,2026-01-08,Morning,29,0,29,0.0,Available,Hyderabad
SL000529,S000529,D003,2026-01-09,Afternoon,24,0,24,0.0,Available,Hyderabad
SL000530,S000530,D003,2026-01-12,Afternoon,21,3,18,14.29,Available,Hyderabad
SL000531,S000531,D003,2026-01-13,Afternoon,15,0,15,0.0,Available,Hyderabad
SL000532,S000532,D003,2026-01-14,Afternoon,18,1,17,5.56,Available,Hyderabad
SL000533,S000533,D003,2026-01-15,Afternoon,22,0,22,0.0,Available,Hyderabad
SL000534,S000534,D003,2026-01-16,Afternoon,26,0,26,0.0,Available,Hyderabad
SL000535,S000535,D003,2026-01-17,Morning,13,2,11,15.38,Available,Hyderabad
SL000536,S000536,D003,2026-01-19,Afternoon,22,0,22,0.0,Available,Hyderabad
SL000537,S000537,D003,2026-01-20,Morning,27,3,24,11.11,Available,Hyderabad
SL000538,S000538,D003,2026-01-21,Afternoon,23,1,22,4.35,Available,Hyderabad
SL000539,S000539,D003,2026-01-22,Full Day,37,0,37,0.0,Available,Hyderabad
SL000540,S000540,D003,2026-01-23,Morning,26,2,24,7.69,Available,Hyderabad
SL000541,S000541,D003,2026-01-26,Afternoon,20,0,20,0.0,Available,Hyderabad
SL000542,S000542,D003,2026-01-27,Full Day,45,2,43,4.44,Available,Hyderabad
SL000543,S000543,D003,2026-01-28,Full Day,35,1,34,2.86,Available,Hyderabad
SL000544,S000544,D003,2026-01-29,Full Day,29,0,29,0.0,Available,Hyderabad
SL000545,S000545,D003,2026-01-30,Morning,27,1,26,3.7,Available,Hyderabad
SL000546,S000546,D003,2026-02-01,Morning,25,7,18,28.0,Available,Hyderabad
SL000547,S000547,D003,2026-02-03,Afternoon,29,2,27,6.9,Available,Hyderabad
SL000548,S000548,D003,2026-02-04,Morning,29,1,28,3.45,Available,Hyderabad
SL000549,S000549,D003,2026-02-05,Full Day,41,1,40,2.44,Available,Hyderabad
SL000550,S000550,D003,2026-02-06,Morning,13,0,13,0.0,Available,Hyderabad
SL000551,S000551,D003,2026-02-09,Full Day,27,0,27,0.0,Available,Hyderabad
SL000552,S000552,D003,2026-02-10,Afternoon,24,0,24,0.0,Available,Hyderabad
SL000553,S000553,D003,2026-02-11,Afternoon,16,1,15,6.25,Available,Hyderabad
SL000554,S000554,D003,2026-02-12,Afternoon,12,1,11,8.33,Available,Hyderabad
SL000555,S000555,D003,2026-02-13,Afternoon,21,0,21,0.0,Available,Hyderabad
SL000556,S000556,D003,2026-02-16,Morning,21,1,20,4.76,Available,Hyderabad
SL000557,S000557,D003,2026-02-18,Full Day,25,3,22,12.0,Available,Hyderabad
SL000558,S000558,D003,2026-02-19,Full Day,38,1,37,2.63,Available,Hyderabad
SL000559,S000559,D003,2026-02-22,Morning,12,1,11,8.33,Available,Hyderabad
SL000560,S000560,D003,2026-02-23,Afternoon,14,2,12,14.29,Available,Hyderabad
SL000561,S000561,D003,2026-02-24,Morning,13,2,11,15.38,Available,Hyderabad
SL000562,S000562,D003,2026-02-25,Morning,18,0,18,0.0,Available,Hyderabad
SL000563,S000563,D003,2026-02-26,Afternoon,21,2,19,9.52,Available,Hyderabad
SL000564,S000564,D003,2026-02-27,Morning,24,1,23,4.17,Available,Hyderabad
SL000565,S000565,D003,2026-02-28,Full Day,27,0,27,0.0,Available,Hyderabad
SL000566,S000566,D003,2026-03-02,Full Day,50,0,50,0.0,Available,Hyderabad
SL000567,S000567,D003,2026-03-03,Afternoon,16,2,14,12.5,Available,Hyderabad
SL000568,S000568,D003,2026-03-04,Afternoon,28,0,28,0.0,Available,Hyderabad
SL000569,S000569,D003,2026-03-05,Afternoon,18,0,18,0.0,Available,Hyderabad
SL000570,S000570,D003,2026-03-06,Afternoon,22,2,20,9.09,Available,Hyderabad
SL000571,S000571,D003,2026-03-09,Morning,15,1,14,6.67,Available,Hyderabad
SL000572,S000572,D003,2026-03-10,Morning,27,3,24,11.11,Available,Hyderabad
SL000573,S000573,D003,2026-03-12,Full Day,43,3,40,6.98,Available,Hyderabad
SL000574,S000574,D003,2026-03-13,Afternoon,19,0,19,0.0,Available,Hyderabad
SL000575,S000575,D003,2026-03-15,Morning,29,4,25,13.79,Available,Hyderabad
SL000576,S000576,D003,2026-03-16,Full Day,34,2,32,5.88,Available,Hyderabad
SL000577,S000577,D003,2026-03-17,Afternoon,14,0,14,0.0,Available,Hyderabad
SL000578,S000578,D003,2026-03-18,Morning,21,0,21,0.0,Available,Hyderabad
SL000579,S000579,D003,2026-03-19,Morning,30,1,29,3.33,Available,Hyderabad
SL000580,S000580,D003,2026-03-20,Morning,24,1,23,4.17,Available,Hyderabad
SL000581,S000581,D003,2026-03-23,Afternoon,30,2,28,6.67,Available,Hyderabad
SL000582,S000582,D003,2026-03-24,Morning,16,1,15,6.25,Available,Hyderabad
SL000583,S000583,D003,2026-03-25,Afternoon,21,0,21,0.0,Available,Hyderabad
SL000584,S000584,D003,2026-03-26,Morning,21,2,19,9.52,Available,Hyderabad
SL000585,S000585,D003,2026-03-27,Afternoon,18,1,17,5.56,Available,Hyderabad
SL000586,S000586,D003,2026-03-30,Full Day,34,2,32,5.88,Available,Hyderabad
SL000587,S000587,D003,2026-03-31,Full Day,25,0,25,0.0,Available,Hyderabad
SL000588,S000588,D003,2026-04-01,Afternoon,26,2,24,7.69,Available,Hyderabad
SL000589,S000589,D003,2026-04-02,Morning,16,2,14,12.5,Available,Hyderabad
SL000590,S000590,D003,2026-04-03,Morning,27,1,26,3.7,Available,Hyderabad
SL000591,S000591,D003,2026-04-06,Afternoon,16,1,15,6.25,Available,Hyderabad
SL000592,S000592,D003,2026-04-08,Afternoon,13,1,12,7.69,Available,Hyderabad
SL000593,S000593,D003,2026-04-09,Afternoon,23,0,23,0.0,Available,Hyderabad
SL000594,S000594,D003,2026-04-10,Afternoon,28,4,24,14.29,Available,Hyderabad
SL000595,S000595,D003,2026-04-11,Afternoon,22,0,22,0.0,Available,Hyderabad
SL000596,S000596,D003,2026-04-12,Full Day,32,3,29,9.38,Available,Hyderabad
SL000597,S000597,D003,2026-04-13,Afternoon,18,2,16,11.11,Available,Hyderabad
SL000598,S000598,D003,2026-04-14,Afternoon,22,2,20,9.09,Available,Hyderabad
SL000599,S000599,D003,2026-04-15,Afternoon,14,1,13,7.14,Available,Hyderabad
SL000600,S000600,D003,2026-04-16,Afternoon,13,1,12,7.69,Available,Hyderabad
SL000601,S000601,D003,2026-04-17,Morning,15,4,11,26.67,Available,Hyderabad
SL000602,S000602,D003,2026-04-18,Morning,26,0,26,0.0,Available,Hyderabad
SL000603,S000603,D003,2026-04-20,Morning,28,1,27,3.57,Available,Hyderabad
SL000604,S000604,D003,2026-04-21,Full Day,34,1,33,2.94,Available,Hyderabad
SL000605,S000605,D003,2026-04-22,Afternoon,27,0,27,0.0,Available,Hyderabad
SL000606,S000606,D003,2026-04-23,Morning,22,0,22,0.0,Available,Hyderabad
SL000607,S000607,D003,2026-04-24,Full Day,37,1,36,2.7,Available,Hyderabad
SL000608,S000608,D003,2026-04-25,Afternoon,26,2,24,7.69,Available,Hyderabad
SL000609,S000609,D003,2026-04-26,Morning,23,2,21,8.7,Available,Hyderabad
SL000610,S000610,D003,2026-04-27,Full Day,40,3,37,7.5,Available,Hyderabad
SL000611,S000611,D003,2026-04-29,Full Day,36,3,33,8.33,Available,Hyderabad
SL000612,S000612,D003,2026-04-30,Full Day,44,0,44,0.0,Available,Hyderabad
SL000613,S000613,D003,2026-05-01,Afternoon,30,2,28,6.67,Available,Hyderabad
SL000614,S000614,D003,2026-05-03,Morning,14,0,14,0.0,Available,Hyderabad
SL000615,S000615,D003,2026-05-04,Full Day,41,3,38,7.32,Available,Hyderabad
SL000616,S000616,D003,2026-05-05,Afternoon,27,4,23,14.81,Available,Hyderabad
SL000617,S000617,D003,2026-05-06,Afternoon,29,2,27,6.9,Available,Hyderabad
SL000618,S000618,D003,2026-05-07,Afternoon,30,0,30,0.0,Available,Hyderabad
SL000619,S000619,D003,2026-05-08,Morning,18,0,18,0.0,Available,Hyderabad
SL000620,S000620,D003,2026-05-11,Afternoon,16,3,13,18.75,Available,Hyderabad
SL000621,S000621,D003,2026-05-12,Morning,27,0,27,0.0,Available,Hyderabad
SL000622,S000622,D003,2026-05-13,Afternoon,25,0,25,0.0,Available,Hyderabad
SL000623,S000623,D003,2026-05-14,Afternoon,23,1,22,4.35,Available,Hyderabad
SL000624,S000624,D003,2026-05-15,Full Day,31,1,30,3.23,Available,Hyderabad
SL000625,S000625,D003,2026-05-17,Morning,17,0,17,0.0,Available,Hyderabad
SL000626,S000626,D003,2026-05-18,Morning,17,0,17,0.0,Available,Hyderabad
SL000627,S000627,D003,2026-05-19,Afternoon,24,1,23,4.17,Available,Hyderabad
SL000628,S000628,D003,2026-05-20,Full Day,45,1,44,2.22,Available,Hyderabad
SL000629,S000629,D003,2026-05-21,Afternoon,17,2,15,11.76,Available,Hyderabad
SL000630,S000630,D003,2026-05-22,Full Day,31,1,30,3.23,Available,Hyderabad
SL000631,S000631,D003,2026-05-23,Morning,19,2,17,10.53,Available,Hyderabad
SL000632,S000632,D003,2026-05-25,Afternoon,13,1,12,7.69,Available,Hyderabad
SL000633,S000633,D003,2026-05-26,Morning,13,1,12,7.69,Available,Hyderabad
SL000634,S000634,D003,2026-05-27,Full Day,43,0,43,0.0,Available,Hyderabad
SL000635,S000635,D003,2026-05-28,Full Day,45,2,43,4.44,Available,Hyderabad
SL000636,S000636,D003,2026-05-29,Afternoon,24,1,23,4.17,Available,Hyderabad
SL000637,S000637,D003,2026-05-30,Afternoon,23,1,22,4.35,Available,Hyderabad
SL000638,S000638,D003,2026-06-02,Afternoon,25,0,25,0.0,Available,Hyderabad
SL000639,S000639,D003,2026-06-03,Afternoon,19,1,18,5.26,Available,Hyderabad
SL000640,S000640,D003,2026-06-04,Full Day,35,1,34,2.86,Available,Hyderabad
SL000641,S000641,D003,2026-06-05,Afternoon,14,1,13,7.14,Available,Hyderabad
SL000642,S000642,D003,2026-06-08,Full Day,36,1,35,2.78,Available,Hyderabad
SL000643,S000643,D003,2026-06-09,Morning,22,1,21,4.55,Available,Hyderabad
SL000644,S000644,D003,2026-06-10,Morning,26,2,24,7.69,Available,Hyderabad
SL000645,S000645,D003,2026-06-11,Afternoon,24,1,23,4.17,Available,Hyderabad
SL000646,S000646,D003,2026-06-12,Full Day,49,4,45,8.16,Available,Hyderabad
SL000647,S000647,D003,2026-06-13,Morning,27,2,25,7.41,Available,Hyderabad
SL000648,S000648,D003,2026-06-15,Morning,26,0,26,0.0,Available,Hyderabad
SL000649,S000649,D003,2026-06-16,Morning,13,0,13,0.0,Available,Hyderabad
SL000650,S000650,D003,2026-06-17,Full Day,36,3,33,8.33,Available,Hyderabad
SL000651,S000651,D003,2026-06-18,Morning,20,1,19,5.0,Available,Hyderabad
SL000652,S000652,D003,2026-06-19,Full Day,45,1,44,2.22,Available,Hyderabad
SL000653,S000653,D003,2026-06-23,Full Day,43,1,42,2.33,Available,Hyderabad
SL000654,S000654,D003,2026-06-24,Full Day,32,0,32,0.0,Available,Hyderabad
SL000655,S000655,D003,2026-06-25,Morning,29,2,27,6.9,Available,Hyderabad
SL000656,S000656,D003,2026-06-26,Full Day,38,0,38,0.0,Available,Hyderabad
SL000657,S000657,D003,2026-06-28,Full Day,41,2,39,4.88,Available,Hyderabad
SL000658,S000658,D003,2026-06-29,Full Day,41,1,40,2.44,Available,Hyderabad
SL000659,S000659,D003,2026-06-30,Morning,16,2,14,12.5,Available,Hyderabad
SL000660,S000660,D003,2026-07-01,Afternoon,22,3,19,13.64,Available,Hyderabad
SL000661,S000661,D003,2026-07-02,Afternoon,17,2,15,11.76,Available,Hyderabad
SL000662,S000662,D003,2026-07-03,Afternoon,22,5,17,22.73,Available,Hyderabad
SL000663,S000663,D003,2026-07-05,Morning,17,1,16,5.88,Available,Hyderabad
SL000664,S000664,D003,2026-07-06,Afternoon,19,2,17,10.53,Available,Hyderabad
SL000665,S000665,D003,2026-07-07,Afternoon,12,0,12,0.0,Available,Hyderabad
SL000666,S000666,D003,2026-07-08,Afternoon,14,1,13,7.14,Available,Hyderabad
SL000667,S000667,D003,2026-07-09,Full Day,37,3,34,8.11,Available,Hyderabad
SL000668,S000668,D003,2026-07-13,Afternoon,27,2,25,7.41,Available,Hyderabad
SL000669,S000669,D003,2026-07-14,Morning,13,0,13,0.0,Available,Hyderabad
SL000670,S000670,D003,2026-07-15,Morning,15,2,13,13.33,Available,Hyderabad
SL000671,S000671,D003,2026-07-16,Afternoon,29,1,28,3.45,Available,Hyderabad
SL000672,S000672,D003,2026-07-17,Full Day,39,3,36,7.69,Available,Hyderabad
SL000673,S000673,D003,2026-07-20,Afternoon,28,1,27,3.57,Available,Hyderabad
SL000674,S000674,D003,2026-07-21,Full Day,30,1,29,3.33,Available,Hyderabad
SL000675,S000675,D003,2026-07-22,Afternoon,15,1,14,6.67,Available,Hyderabad
SL000676,S000676,D003,2026-07-23,Morning,12,1,11,8.33,Available,Hyderabad
SL000677,S000677,D003,2026-07-24,Morning,24,0,24,0.0,Available,Hyderabad
SL000678,S000678,D003,2026-07-26,Full Day,49,1,48,2.04,Available,Hyderabad
SL000679,S000679,D003,2026-07-27,Afternoon,23,0,23,0.0,Available,Hyderabad
SL000680,S000680,D003,2026-07-28,Afternoon,23,1,22,4.35,Available,Hyderabad
SL000681,S000681,D003,2026-07-29,Afternoon,14,2,12,14.29,Available,Hyderabad
SL000682,S000682,D003,2026-07-30,Morning,15,1,14,6.67,Available,Hyderabad
SL000683,S000683,D003,2026-07-31,Morning,23,0,23,0.0,Available,Hyderabad
SL000684,S000684,D003,2026-08-03,Afternoon,16,0,16,0.0,Available,Hyderabad
SL000685,S000685,D003,2026-08-04,Morning,28,1,27,3.57,Available,Hyderabad
SL000686,S000686,D003,2026-08-05,Afternoon,28,2,26,7.14,Available,Hyderabad
SL000687,S000687,D003,2026-08-06,Afternoon,20,1,19,5.0,Available,Hyderabad
SL000688,S000688,D003,2026-08-07,Afternoon,17,3,14,17.65,Available,Hyderabad
SL000689,S000689,D003,2026-08-10,Full Day,38,1,37,2.63,Available,Hyderabad
SL000690,S000690,D003,2026-08-11,Morning,12,4,8,33.33,Available,Hyderabad
SL000691,S000691,D003,2026-08-12,Morning,21,1,20,4.76,Available,Hyderabad
SL000692,S000692,D003,2026-08-13,Full Day,47,1,46,2.13,Available,Hyderabad
SL000693,S000693,D003,2026-08-14,Morning,13,3,10,23.08,Available,Hyderabad
SL000694,S000694,D003,2026-08-16,Full Day,31,0,31,0.0,Available,Hyderabad
SL000695,S000695,D003,2026-08-17,Full Day,46,0,46,0.0,Available,Hyderabad
SL000696,S000696,D003,2026-08-18,Morning,21,1,20,4.76,Available,Hyderabad
SL000697,S000697,D003,2026-08-19,Morning,28,0,28,0.0,Available,Hyderabad
SL000698,S000698,D003,2026-08-20,Afternoon,12,1,11,8.33,Available,Hyderabad
SL000699,S000699,D003,2026-08-21,Morning,29,4,25,13.79,Available,Hyderabad
SL000700,S000700,D003,2026-08-22,Afternoon,14,3,11,21.43,Available,Hyderabad
SL000701,S000701,D003,2026-08-24,Afternoon,13,0,13,0.0,Available,Hyderabad
SL000702,S000702,D003,2026-08-26,Morning,25,0,25,0.0,Available,Hyderabad
SL000703,S000703,D003,2026-08-28,Afternoon,17,1,16,5.88,Available,Hyderabad
SL000704,S000704,D003,2026-08-30,Afternoon,26,4,22,15.38,Available,Hyderabad
SL000705,S000705,D003,2026-09-01,Afternoon,27,1,26,3.7,Available,Hyderabad
SL000706,S000706,D003,2026-09-02,Full Day,46,0,46,0.0,Available,Hyderabad
SL000707,S000707,D003,2026-09-03,Morning,20,1,19,5.0,Available,Hyderabad
SL000708,S000708,D003,2026-09-05,Afternoon,22,1,21,4.55,Available,Hyderabad
SL000709,S000709,D003,2026-09-07,Full Day,40,0,40,0.0,Available,Hyderabad
SL000710,S000710,D003,2026-09-08,Morning,12,3,9,25.0,Available,Hyderabad
SL000711,S000711,D003,2026-09-09,Morning,24,0,24,0.0,Available,Hyderabad
SL000712,S000712,D003,2026-09-10,Full Day,50,0,50,0.0,Available,Hyderabad
SL000713,S000713,D003,2026-09-11,Afternoon,16,0,16,0.0,Available,Hyderabad
SL000714,S000714,D003,2026-09-13,Afternoon,29,3,26,10.34,Available,Hyderabad
SL000715,S000715,D003,2026-09-14,Afternoon,19,2,17,10.53,Available,Hyderabad
SL000716,S000716,D003,2026-09-15,Full Day,49,1,48,2.04,Available,Hyderabad
SL000717,S000717,D003,2026-09-16,Full Day,28,1,27,3.57,Available,Hyderabad
SL000718,S000718,D003,2026-09-17,Afternoon,14,3,11,21.43,Available,Hyderabad
SL000719,S000719,D003,2026-09-18,Morning,27,0,27,0.0,Available,Hyderabad
SL000720,S000720,D003,2026-09-19,Morning,12,3,9,25.0,Available,Hyderabad
SL000721,S000721,D003,2026-09-21,Morning,29,1,28,3.45,Available,Hyderabad
SL000722,S000722,D003,2026-09-22,Afternoon,14,1,13,7.14,Available,Hyderabad
SL000723,S000723,D003,2026-09-23,Afternoon,23,1,22,4.35,Available,Hyderabad
SL000724,S000724,D003,2026-09-28,Afternoon,24,3,21,12.5,Available,Hyderabad
SL000725,S000725,D003,2026-10-01,Afternoon,28,0,28,0.0,Available,Hyderabad
SL000726,S000726,D003,2026-10-02,Full Day,47,1,46,2.13,Available,Hyderabad
SL000727,S000727,D003,2026-10-04,Afternoon,22,2,20,9.09,Available,Hyderabad
SL000728,S000728,D003,2026-10-05,Morning,29,1,28,3.45,Available,Hyderabad
SL000729,S000729,D003,2026-10-07,Afternoon,21,3,18,14.29,Available,Hyderabad
SL000730,S000730,D003,2026-10-08,Full Day,27,2,25,7.41,Available,Hyderabad
SL000731,S000731,D003,2026-10-09,Afternoon,16,0,16,0.0,Available,Hyderabad
SL000732,S000732,D003,2026-10-12,Afternoon,21,3,18,14.29,Available,Hyderabad
SL000733,S000733,D003,2026-10-13,Afternoon,23,2,21,8.7,Available,Hyderabad
SL000734,S000734,D003,2026-10-14,Full Day,29,0,29,0.0,Available,Hyderabad
SL000735,S000735,D003,2026-10-15,Morning,13,2,11,15.38,Available,Hyderabad
SL000736,S000736,D003,2026-10-19,Full Day,34,1,33,2.94,Available,Hyderabad
SL000737,S000737,D003,2026-10-21,Morning,15,0,15,0.0,Available,Hyderabad
SL000738,S000738,D003,2026-10-22,Full Day,35,1,34,2.86,Available,Hyderabad
SL000739,S000739,D003,2026-10-23,Afternoon,16,1,15,6.25,Available,Hyderabad
SL000740,S000740,D003,2026-10-24,Full Day,32,2,30,6.25,Available,Hyderabad
SL000741,S000741,D003,2026-10-25,Morning,20,1,19,5.0,Available,Hyderabad
SL000742,S000742,D003,2026-10-26,Morning,28,1,27,3.57,Available,Hyderabad
SL000743,S000743,D003,2026-10-27,Afternoon,30,0,30,0.0,Available,Hyderabad
SL000744,S000744,D003,2026-10-28,Morning,12,0,12,0.0,Available,Hyderabad
SL000745,S000745,D003,2026-10-29,Full Day,28,0,28,0.0,Available,Hyderabad
SL000746,S000746,D003,2026-10-30,Full Day,49,0,49,0.0,Available,Hyderabad
SL000747,S000747,D003,2026-11-01,Full Day,44,2,42,4.55,Available,Hyderabad
SL000748,S000748,D003,2026-11-02,Afternoon,21,0,21,0.0,Available,Hyderabad
SL000749,S000749,D003,2026-11-04,Afternoon,27,0,27,0.0,Available,Hyderabad
SL000750,S000750,D003,2026-11-05,Afternoon,25,1,24,4.0,Available,Hyderabad
SL000751,S000751,D003,2026-11-06,Afternoon,30,1,29,3.33,Available,Hyderabad
SL000752,S000752,D003,2026-11-08,Afternoon,12,1,11,8.33,Available,Hyderabad
SL000753,S000753,D003,2026-11-09,Afternoon,22,0,22,0.0,Available,Hyderabad
SL000754,S000754,D003,2026-11-10,Afternoon,30,2,28,6.67,Available,Hyderabad
SL000755,S000755,D003,2026-11-11,Full Day,36,1,35,2.78,Available,Hyderabad
SL000756,S000756,D003,2026-11-12,Afternoon,12,2,10,16.67,Available,Hyderabad
SL000757,S000757,D003,2026-11-13,Full Day,35,0,35,0.0,Available,Hyderabad
SL000758,S000758,D003,2026-11-17,Full Day,34,1,33,2.94,Available,Hyderabad
SL000759,S000759,D003,2026-11-18,Full Day,47,0,47,0.0,Available,Hyderabad
SL000760,S000760,D003,2026-11-19,Full Day,35,1,34,2.86,Available,Hyderabad
SL000761,S000761,D003,2026-11-20,Afternoon,23,1,22,4.35,Available,Hyderabad
SL000762,S000762,D003,2026-11-21,Afternoon,14,0,14,0.0,Available,Hyderabad
SL000763,S000763,D003,2026-11-23,Morning,25,2,23,8.0,Available,Hyderabad
SL000764,S000764,D003,2026-11-24,Afternoon,19,0,19,0.0,Available,Hyderabad
SL000765,S000765,D003,2026-11-25,Full Day,39,0,39,0.0,Available,Hyderabad
SL000766,S000766,D003,2026-11-26,Full Day,43,0,43,0.0,Available,Hyderabad
SL000767,S000767,D003,2026-11-27,Afternoon,19,1,18,5.26,Available,Hyderabad
SL000768,S000768,D003,2026-11-28,Afternoon,26,2,24,7.69,Available,Hyderabad
SL000769,S000769,D003,2026-11-30,Morning,28,2,26,7.14,Available,Hyderabad
SL000770,S000770,D003,2026-12-01,Morning,16,3,13,18.75,Available,Hyderabad
SL000771,S000771,D003,2026-12-03,Morning,19,2,17,10.53,Available,Hyderabad
SL000772,S000772,D003,2026-12-04,Afternoon,25,2,23,8.0,Available,Hyderabad
SL000773,S000773,D003,2026-12-06,Morning,28,1,27,3.57,Available,Hyderabad
SL000774,S000774,D003,2026-12-07,Morning,15,1,14,6.67,Available,Hyderabad
SL000775,S000775,D003,2026-12-09,Morning,21,1,20,4.76,Available,Hyderabad
SL000776,S000776,D003,2026-12-10,Afternoon,15,4,11,26.67,Available,Hyderabad
SL000777,S000777,D003,2026-12-11,Afternoon,15,1,14,6.67,Available,Hyderabad
SL000778,S000778,D003,2026-12-14,Afternoon,27,0,27,0.0,Available,Hyderabad
SL000779,S000779,D003,2026-12-18,Full Day,28,3,25,10.71,Available,Hyderabad
SL000780,S000780,D003,2026-12-19,Full Day,45,0,45,0.0,Available,Hyderabad
SL000781,S000781,D003,2026-12-21,Full Day,50,1,49,2.0,Available,Hyderabad
SL000782,S000782,D003,2026-12-22,Full Day,31,1,30,3.23,Available,Hyderabad
SL000783,S000783,D003,2026-12-23,Morning,17,0,17,0.0,Available,Hyderabad
SL000784,S000784,D003,2026-12-24,Afternoon,21,2,19,9.52,Available,Hyderabad
SL000785,S000785,D003,2026-12-25,Morning,28,2,26,7.14,Available,Hyderabad
SL000786,S000786,D003,2026-12-28,Afternoon,27,1,26,3.7,Available,Hyderabad
SL000787,S000787,D003,2026-12-29,Afternoon,28,1,27,3.57,Available,Hyderabad
SL000788,S000788,D003,2026-12-31,Morning,17,2,15,11.76,Available,Hyderabad
SL000789,S000789,D004,2026-01-01,Afternoon,27,1,26,3.7,Available,Karimnagar
SL000790,S000790,D004,2026-01-04,Afternoon,17,0,17,0.0,Available,Karimnagar
SL000791,S000791,D004,2026-01-05,Afternoon,15,2,13,13.33,Available,Karimnagar
SL000792,S000792,D004,2026-01-06,Full Day,33,1,32,3.03,Available,Karimnagar
SL000793,S000793,D004,2026-01-07,Morning,22,2,20,9.09,Available,Karimnagar
SL000794,S000794,D004,2026-01-08,Full Day,49,1,48,2.04,Available,Karimnagar
SL000795,S000795,D004,2026-01-09,Full Day,40,0,40,0.0,Available,Karimnagar
SL000796,S000796,D004,2026-01-11,Full Day,50,1,49,2.0,Available,Karimnagar
SL000797,S000797,D004,2026-01-12,Full Day,36,2,34,5.56,Available,Karimnagar
SL000798,S000798,D004,2026-01-13,Full Day,34,2,32,5.88,Available,Karimnagar
SL000799,S000799,D004,2026-01-14,Full Day,30,1,29,3.33,Available,Karimnagar
SL000800,S000800,D004,2026-01-15,Morning,30,0,30,0.0,Available,Karimnagar
SL000801,S000801,D004,2026-01-16,Full Day,45,1,44,2.22,Available,Karimnagar
SL000802,S000802,D004,2026-01-19,Morning,26,0,26,0.0,Available,Karimnagar
SL000803,S000803,D004,2026-01-20,Full Day,39,1,38,2.56,Available,Karimnagar
SL000804,S000804,D004,2026-01-21,Afternoon,25,1,24,4.0,Available,Karimnagar
SL000805,S000805,D004,2026-01-23,Morning,30,4,26,13.33,Available,Karimnagar
SL000806,S000806,D004,2026-01-24,Afternoon,12,1,11,8.33,Available,Karimnagar
SL000807,S000807,D004,2026-01-26,Full Day,40,1,39,2.5,Available,Karimnagar
SL000808,S000808,D004,2026-01-27,Afternoon,18,1,17,5.56,Available,Karimnagar
SL000809,S000809,D004,2026-01-28,Afternoon,18,1,17,5.56,Available,Karimnagar
SL000810,S000810,D004,2026-01-29,Morning,28,0,28,0.0,Available,Karimnagar
SL000811,S000811,D004,2026-01-30,Afternoon,30,0,30,0.0,Available,Karimnagar
SL000812,S000812,D004,2026-02-01,Afternoon,28,0,28,0.0,Available,Karimnagar
SL000813,S000813,D004,2026-02-02,Morning,28,0,28,0.0,Available,Karimnagar
SL000814,S000814,D004,2026-02-03,Morning,17,2,15,11.76,Available,Karimnagar
SL000815,S000815,D004,2026-02-04,Full Day,44,1,43,2.27,Available,Karimnagar
SL000816,S000816,D004,2026-02-05,Morning,27,2,25,7.41,Available,Karimnagar
SL000817,S000817,D004,2026-02-06,Afternoon,27,3,24,11.11,Available,Karimnagar
SL000818,S000818,D004,2026-02-07,Full Day,31,2,29,6.45,Available,Karimnagar
SL000819,S000819,D004,2026-02-09,Afternoon,28,1,27,3.57,Available,Karimnagar
SL000820,S000820,D004,2026-02-11,Full Day,45,2,43,4.44,Available,Karimnagar
SL000821,S000821,D004,2026-02-12,Afternoon,13,1,12,7.69,Available,Karimnagar
SL000822,S000822,D004,2026-02-13,Full Day,35,1,34,2.86,Available,Karimnagar
SL000823,S000823,D004,2026-02-15,Morning,24,2,22,8.33,Available,Karimnagar
SL000824,S000824,D004,2026-02-16,Afternoon,27,1,26,3.7,Available,Karimnagar
SL000825,S000825,D004,2026-02-17,Afternoon,25,2,23,8.0,Available,Karimnagar
SL000826,S000826,D004,2026-02-18,Full Day,37,3,34,8.11,Available,Karimnagar
SL000827,S000827,D004,2026-02-19,Full Day,50,2,48,4.0,Available,Karimnagar
SL000828,S000828,D004,2026-02-20,Morning,15,1,14,6.67,Available,Karimnagar
SL000829,S000829,D004,2026-02-22,Afternoon,21,0,21,0.0,Available,Karimnagar
SL000830,S000830,D004,2026-02-23,Full Day,41,1,40,2.44,Available,Karimnagar
SL000831,S000831,D004,2026-02-25,Afternoon,15,2,13,13.33,Available,Karimnagar
SL000832,S000832,D004,2026-02-26,Afternoon,15,0,15,0.0,Available,Karimnagar
SL000833,S000833,D004,2026-02-27,Full Day,37,1,36,2.7,Available,Karimnagar
SL000834,S000834,D004,2026-03-02,Afternoon,19,0,19,0.0,Available,Karimnagar
SL000835,S000835,D004,2026-03-03,Morning,17,0,17,0.0,Available,Karimnagar
SL000836,S000836,D004,2026-03-04,Afternoon,18,1,17,5.56,Available,Karimnagar
SL000837,S000837,D004,2026-03-06,Morning,26,1,25,3.85,Available,Karimnagar
SL000838,S000838,D004,2026-03-08,Morning,27,0,27,0.0,Available,Karimnagar
SL000839,S000839,D004,2026-03-10,Morning,18,1,17,5.56,Available,Karimnagar
SL000840,S000840,D004,2026-03-11,Afternoon,15,1,14,6.67,Available,Karimnagar
SL000841,S000841,D004,2026-03-12,Morning,16,2,14,12.5,Available,Karimnagar
SL000842,S000842,D004,2026-03-13,Full Day,29,0,29,0.0,Available,Karimnagar
SL000843,S000843,D004,2026-03-15,Morning,19,0,19,0.0,Available,Karimnagar
SL000844,S000844,D004,2026-03-16,Full Day,40,1,39,2.5,Available,Karimnagar
SL000845,S000845,D004,2026-03-18,Full Day,39,2,37,5.13,Available,Karimnagar
SL000846,S000846,D004,2026-03-19,Afternoon,17,1,16,5.88,Available,Karimnagar
SL000847,S000847,D004,2026-03-20,Morning,22,1,21,4.55,Available,Karimnagar
SL000848,S000848,D004,2026-03-22,Afternoon,28,0,28,0.0,Available,Karimnagar
SL000849,S000849,D004,2026-03-23,Morning,27,1,26,3.7,Available,Karimnagar
SL000850,S000850,D004,2026-03-24,Morning,21,2,19,9.52,Available,Karimnagar
SL000851,S000851,D004,2026-03-25,Full Day,46,1,45,2.17,Available,Karimnagar
SL000852,S000852,D004,2026-03-26,Afternoon,23,2,21,8.7,Available,Karimnagar
SL000853,S000853,D004,2026-03-28,Afternoon,13,0,13,0.0,Available,Karimnagar
SL000854,S000854,D004,2026-03-29,Full Day,37,2,35,5.41,Available,Karimnagar
SL000855,S000855,D004,2026-03-30,Morning,12,2,10,16.67,Available,Karimnagar
SL000856,S000856,D004,2026-03-31,Afternoon,20,2,18,10.0,Available,Karimnagar
SL000857,S000857,D004,2026-04-01,Afternoon,30,0,30,0.0,Available,Karimnagar
SL000858,S000858,D004,2026-04-02,Morning,23,2,21,8.7,Available,Karimnagar
SL000859,S000859,D004,2026-04-03,Morning,16,0,16,0.0,Available,Karimnagar
SL000860,S000860,D004,2026-04-04,Morning,21,1,20,4.76,Available,Karimnagar
SL000861,S000861,D004,2026-04-06,Full Day,42,1,41,2.38,Available,Karimnagar
SL000862,S000862,D004,2026-04-07,Full Day,29,3,26,10.34,Available,Karimnagar
SL000863,S000863,D004,2026-04-08,Morning,21,0,21,0.0,Available,Karimnagar
SL000864,S000864,D004,2026-04-09,Afternoon,26,1,25,3.85,Available,Karimnagar
SL000865,S000865,D004,2026-04-10,Afternoon,23,1,22,4.35,Available,Karimnagar
SL000866,S000866,D004,2026-04-13,Afternoon,15,3,12,20.0,Available,Karimnagar
SL000867,S000867,D004,2026-04-14,Full Day,42,0,42,0.0,Available,Karimnagar
SL000868,S000868,D004,2026-04-16,Morning,23,2,21,8.7,Available,Karimnagar
SL000869,S000869,D004,2026-04-17,Morning,29,0,29,0.0,Available,Karimnagar
SL000870,S000870,D004,2026-04-18,Morning,14,2,12,14.29,Available,Karimnagar
SL000871,S000871,D004,2026-04-19,Morning,17,4,13,23.53,Available,Karimnagar
SL000872,S000872,D004,2026-04-20,Morning,24,0,24,0.0,Available,Karimnagar
SL000873,S000873,D004,2026-04-22,Morning,15,1,14,6.67,Available,Karimnagar
SL000874,S000874,D004,2026-04-23,Full Day,34,2,32,5.88,Available,Karimnagar
SL000875,S000875,D004,2026-04-24,Morning,29,1,28,3.45,Available,Karimnagar
SL000876,S000876,D004,2026-04-26,Afternoon,21,2,19,9.52,Available,Karimnagar
SL000877,S000877,D004,2026-04-27,Afternoon,20,2,18,10.0,Available,Karimnagar
SL000878,S000878,D004,2026-04-28,Full Day,46,1,45,2.17,Available,Karimnagar
SL000879,S000879,D004,2026-04-29,Afternoon,16,1,15,6.25,Available,Karimnagar
SL000880,S000880,D004,2026-04-30,Morning,18,0,18,0.0,Available,Karimnagar
SL000881,S000881,D004,2026-05-01,Afternoon,22,0,22,0.0,Available,Karimnagar
SL000882,S000882,D004,2026-05-04,Morning,18,0,18,0.0,Available,Karimnagar
SL000883,S000883,D004,2026-05-05,Morning,30,6,24,20.0,Available,Karimnagar
SL000884,S000884,D004,2026-05-06,Full Day,27,0,27,0.0,Available,Karimnagar
SL000885,S000885,D004,2026-05-07,Full Day,40,2,38,5.0,Available,Karimnagar
SL000886,S000886,D004,2026-05-09,Afternoon,30,2,28,6.67,Available,Karimnagar
SL000887,S000887,D004,2026-05-11,Morning,24,4,20,16.67,Available,Karimnagar
SL000888,S000888,D004,2026-05-12,Morning,14,1,13,7.14,Available,Karimnagar
SL000889,S000889,D004,2026-05-14,Full Day,27,5,22,18.52,Available,Karimnagar
SL000890,S000890,D004,2026-05-15,Afternoon,21,1,20,4.76,Available,Karimnagar
SL000891,S000891,D004,2026-05-16,Afternoon,13,2,11,15.38,Available,Karimnagar
SL000892,S000892,D004,2026-05-18,Afternoon,18,2,16,11.11,Available,Karimnagar
SL000893,S000893,D004,2026-05-19,Afternoon,12,1,11,8.33,Available,Karimnagar
SL000894,S000894,D004,2026-05-20,Morning,21,1,20,4.76,Available,Karimnagar
SL000895,S000895,D004,2026-05-21,Full Day,39,3,36,7.69,Available,Karimnagar
SL000896,S000896,D004,2026-05-23,Afternoon,13,2,11,15.38,Available,Karimnagar
SL000897,S000897,D004,2026-05-24,Afternoon,15,2,13,13.33,Available,Karimnagar
SL000898,S000898,D004,2026-05-25,Morning,28,2,26,7.14,Available,Karimnagar
SL000899,S000899,D004,2026-05-26,Morning,12,0,12,0.0,Available,Karimnagar
SL000900,S000900,D004,2026-05-27,Full Day,43,2,41,4.65,Available,Karimnagar
SL000901,S000901,D004,2026-05-28,Afternoon,15,1,14,6.67,Available,Karimnagar
SL000902,S000902,D004,2026-05-29,Full Day,31,3,28,9.68,Available,Karimnagar
SL000903,S000903,D004,2026-05-31,Full Day,28,2,26,7.14,Available,Karimnagar
SL000904,S000904,D004,2026-06-01,Full Day,37,3,34,8.11,Available,Karimnagar
SL000905,S000905,D004,2026-06-03,Afternoon,26,1,25,3.85,Available,Karimnagar
SL000906,S000906,D004,2026-06-04,Full Day,41,1,40,2.44,Available,Karimnagar
SL000907,S000907,D004,2026-06-05,Afternoon,26,1,25,3.85,Available,Karimnagar
SL000908,S000908,D004,2026-06-08,Morning,15,1,14,6.67,Available,Karimnagar
SL000909,S000909,D004,2026-06-09,Afternoon,26,0,26,0.0,Available,Karimnagar
SL000910,S000910,D004,2026-06-10,Morning,22,2,20,9.09,Available,Karimnagar
SL000911,S000911,D004,2026-06-12,Full Day,36,2,34,5.56,Available,Karimnagar
SL000912,S000912,D004,2026-06-15,Morning,20,1,19,5.0,Available,Karimnagar
SL000913,S000913,D004,2026-06-16,Afternoon,24,3,21,12.5,Available,Karimnagar
SL000914,S000914,D004,2026-06-17,Morning,30,3,27,10.0,Available,Karimnagar
SL000915,S000915,D004,2026-06-18,Morning,22,1,21,4.55,Available,Karimnagar
SL000916,S000916,D004,2026-06-19,Morning,21,2,19,9.52,Available,Karimnagar
SL000917,S000917,D004,2026-06-22,Full Day,48,1,47,2.08,Available,Karimnagar
SL000918,S000918,D004,2026-06-23,Afternoon,27,3,24,11.11,Available,Karimnagar
SL000919,S000919,D004,2026-06-24,Morning,14,4,10,28.57,Available,Karimnagar
SL000920,S000920,D004,2026-06-25,Morning,16,4,12,25.0,Available,Karimnagar
SL000921,S000921,D004,2026-06-26,Afternoon,22,4,18,18.18,Available,Karimnagar
SL000922,S000922,D004,2026-06-27,Morning,19,0,19,0.0,Available,Karimnagar
SL000923,S000923,D004,2026-06-29,Afternoon,27,4,23,14.81,Available,Karimnagar
SL000924,S000924,D004,2026-06-30,Morning,25,2,23,8.0,Available,Karimnagar
SL000925,S000925,D004,2026-07-01,Morning,18,5,13,27.78,Available,Karimnagar
SL000926,S000926,D004,2026-07-02,Afternoon,13,1,12,7.69,Available,Karimnagar
SL000927,S000927,D004,2026-07-03,Full Day,28,2,26,7.14,Available,Karimnagar
SL000928,S000928,D004,2026-07-05,Morning,28,0,28,0.0,Available,Karimnagar
SL000929,S000929,D004,2026-07-06,Afternoon,20,2,18,10.0,Available,Karimnagar
SL000930,S000930,D004,2026-07-07,Full Day,47,3,44,6.38,Available,Karimnagar
SL000931,S000931,D004,2026-07-10,Afternoon,17,1,16,5.88,Available,Karimnagar
SL000932,S000932,D004,2026-07-12,Afternoon,28,1,27,3.57,Available,Karimnagar
SL000933,S000933,D004,2026-07-13,Morning,30,0,30,0.0,Available,Karimnagar
SL000934,S000934,D004,2026-07-14,Afternoon,25,2,23,8.0,Available,Karimnagar
SL000935,S000935,D004,2026-07-16,Afternoon,28,1,27,3.57,Available,Karimnagar
SL000936,S000936,D004,2026-07-18,Afternoon,29,5,24,17.24,Available,Karimnagar
SL000937,S000937,D004,2026-07-20,Morning,12,1,11,8.33,Available,Karimnagar
SL000938,S000938,D004,2026-07-21,Morning,24,0,24,0.0,Available,Karimnagar
SL000939,S000939,D004,2026-07-22,Morning,20,3,17,15.0,Available,Karimnagar
SL000940,S000940,D004,2026-07-23,Afternoon,12,3,9,25.0,Available,Karimnagar
SL000941,S000941,D004,2026-07-25,Morning,12,0,12,0.0,Available,Karimnagar
SL000942,S000942,D004,2026-07-27,Morning,25,2,23,8.0,Available,Karimnagar
SL000943,S000943,D004,2026-07-28,Afternoon,14,2,12,14.29,Available,Karimnagar
SL000944,S000944,D004,2026-07-29,Afternoon,15,5,10,33.33,Available,Karimnagar
SL000945,S000945,D004,2026-07-30,Morning,25,1,24,4.0,Available,Karimnagar
SL000946,S000946,D004,2026-07-31,Morning,21,1,20,4.76,Available,Karimnagar
SL000947,S000947,D004,2026-08-03,Afternoon,21,3,18,14.29,Available,Karimnagar
SL000948,S000948,D004,2026-08-04,Afternoon,21,0,21,0.0,Available,Karimnagar
SL000949,S000949,D004,2026-08-06,Full Day,44,1,43,2.27,Available,Karimnagar
SL000950,S000950,D004,2026-08-10,Morning,26,2,24,7.69,Available,Karimnagar
SL000951,S000951,D004,2026-08-12,Full Day,45,2,43,4.44,Available,Karimnagar
SL000952,S000952,D004,2026-08-13,Morning,27,1,26,3.7,Available,Karimnagar
SL000953,S000953,D004,2026-08-14,Full Day,40,0,40,0.0,Available,Karimnagar
SL000954,S000954,D004,2026-08-17,Full Day,36,3,33,8.33,Available,Karimnagar
SL000955,S000955,D004,2026-08-18,Full Day,33,5,28,15.15,Available,Karimnagar
SL000956,S000956,D004,2026-08-19,Afternoon,29,1,28,3.45,Available,Karimnagar
SL000957,S000957,D004,2026-08-20,Full Day,50,4,46,8.0,Available,Karimnagar
SL000958,S000958,D004,2026-08-21,Afternoon,26,0,26,0.0,Available,Karimnagar
SL000959,S000959,D004,2026-08-24,Morning,17,0,17,0.0,Available,Karimnagar
SL000960,S000960,D004,2026-08-25,Afternoon,20,2,18,10.0,Available,Karimnagar
SL000961,S000961,D004,2026-08-26,Full Day,31,0,31,0.0,Available,Karimnagar
SL000962,S000962,D004,2026-08-27,Afternoon,19,2,17,10.53,Available,Karimnagar
SL000963,S000963,D004,2026-08-28,Morning,22,2,20,9.09,Available,Karimnagar
SL000964,S000964,D004,2026-08-29,Afternoon,30,3,27,10.0,Available,Karimnagar
SL000965,S000965,D004,2026-08-31,Morning,22,0,22,0.0,Available,Karimnagar
SL000966,S000966,D004,2026-09-01,Afternoon,28,0,28,0.0,Available,Karimnagar
SL000967,S000967,D004,2026-09-02,Afternoon,16,2,14,12.5,Available,Karimnagar
SL000968,S000968,D004,2026-09-03,Full Day,37,0,37,0.0,Available,Karimnagar
SL000969,S000969,D004,2026-09-06,Morning,23,2,21,8.7,Available,Karimnagar
SL000970,S000970,D004,2026-09-07,Full Day,42,1,41,2.38,Available,Karimnagar
SL000971,S000971,D004,2026-09-08,Morning,20,0,20,0.0,Available,Karimnagar
SL000972,S000972,D004,2026-09-09,Full Day,28,1,27,3.57,Available,Karimnagar
SL000973,S000973,D004,2026-09-10,Afternoon,23,3,20,13.04,Available,Karimnagar
SL000974,S000974,D004,2026-09-11,Full Day,30,1,29,3.33,Available,Karimnagar
SL000975,S000975,D004,2026-09-14,Afternoon,28,3,25,10.71,Available,Karimnagar
SL000976,S000976,D004,2026-09-15,Full Day,49,2,47,4.08,Available,Karimnagar
SL000977,S000977,D004,2026-09-16,Morning,23,3,20,13.04,Available,Karimnagar
SL000978,S000978,D004,2026-09-17,Morning,29,1,28,3.45,Available,Karimnagar
SL000979,S000979,D004,2026-09-18,Afternoon,28,1,27,3.57,Available,Karimnagar
SL000980,S000980,D004,2026-09-21,Morning,13,2,11,15.38,Available,Karimnagar
SL000981,S000981,D004,2026-09-23,Full Day,36,2,34,5.56,Available,Karimnagar
SL000982,S000982,D004,2026-09-24,Full Day,42,0,42,0.0,Available,Karimnagar
SL000983,S000983,D004,2026-09-25,Morning,26,0,26,0.0,Available,Karimnagar
SL000984,S000984,D004,2026-09-28,Full Day,38,3,35,7.89,Available,Karimnagar
SL000985,S000985,D004,2026-09-30,Morning,24,2,22,8.33,Available,Karimnagar
SL000986,S000986,D004,2026-10-01,Morning,15,2,13,13.33,Available,Karimnagar
SL000987,S000987,D004,2026-10-02,Afternoon,13,1,12,7.69,Available,Karimnagar
SL000988,S000988,D004,2026-10-05,Afternoon,21,4,17,19.05,Available,Karimnagar
SL000989,S000989,D004,2026-10-06,Morning,21,1,20,4.76,Available,Karimnagar
SL000990,S000990,D004,2026-10-07,Afternoon,30,3,27,10.0,Available,Karimnagar
SL000991,S000991,D004,2026-10-08,Afternoon,17,3,14,17.65,Available,Karimnagar
SL000992,S000992,D004,2026-10-10,Afternoon,24,2,22,8.33,Available,Karimnagar
SL000993,S000993,D004,2026-10-12,Morning,29,3,26,10.34,Available,Karimnagar
SL000994,S000994,D004,2026-10-13,Full Day,26,0,26,0.0,Available,Karimnagar
SL000995,S000995,D004,2026-10-15,Full Day,26,0,26,0.0,Available,Karimnagar
SL000996,S000996,D004,2026-10-16,Full Day,47,1,46,2.13,Available,Karimnagar
SL000997,S000997,D004,2026-10-17,Afternoon,18,1,17,5.56,Available,Karimnagar
SL000998,S000998,D004,2026-10-18,Full Day,43,0,43,0.0,Available,Karimnagar
SL000999,S000999,D004,2026-10-19,Morning,26,2,24,7.69,Available,Karimnagar
SL001000,S001000,D004,2026-10-20,Morning,25,1,24,4.0,Available,Karimnagar
SL001001,S001001,D004,2026-10-21,Afternoon,28,1,27,3.57,Available,Karimnagar
SL001002,S001002,D004,2026-10-22,Full Day,41,2,39,4.88,Available,Karimnagar
SL001003,S001003,D004,2026-10-26,Morning,15,0,15,0.0,Available,Karimnagar
SL001004,S001004,D004,2026-10-27,Full Day,43,1,42,2.33,Available,Karimnagar
SL001005,S001005,D004,2026-10-29,Afternoon,23,2,21,8.7,Available,Karimnagar
SL001006,S001006,D004,2026-10-30,Full Day,46,0,46,0.0,Available,Karimnagar
SL001007,S001007,D004,2026-11-02,Afternoon,22,1,21,4.55,Available,Karimnagar
SL001008,S001008,D004,2026-11-03,Afternoon,25,2,23,8.0,Available,Karimnagar
SL001009,S001009,D004,2026-11-04,Morning,19,3,16,15.79,Available,Karimnagar
SL001010,S001010,D004,2026-11-06,Morning,27,0,27,0.0,Available,Karimnagar
SL001011,S001011,D004,2026-11-09,Afternoon,28,0,28,0.0,Available,Karimnagar
SL001012,S001012,D004,2026-11-11,Full Day,50,2,48,4.0,Available,Karimnagar
SL001013,S001013,D004,2026-11-12,Full Day,25,3,22,12.0,Available,Karimnagar
SL001014,S001014,D004,2026-11-13,Full Day,30,2,28,6.67,Available,Karimnagar
SL001015,S001015,D004,2026-11-15,Morning,19,3,16,15.79,Available,Karimnagar
SL001016,S001016,D004,2026-11-16,Morning,14,4,10,28.57,Available,Karimnagar
SL001017,S001017,D004,2026-11-17,Afternoon,27,7,20,25.93,Available,Karimnagar
SL001018,S001018,D004,2026-11-19,Afternoon,15,0,15,0.0,Available,Karimnagar
SL001019,S001019,D004,2026-11-20,Afternoon,27,0,27,0.0,Available,Karimnagar
SL001020,S001020,D004,2026-11-23,Full Day,47,2,45,4.26,Available,Karimnagar
SL001021,S001021,D004,2026-11-24,Morning,26,0,26,0.0,Available,Karimnagar
SL001022,S001022,D004,2026-11-25,Morning,24,1,23,4.17,Available,Karimnagar
SL001023,S001023,D004,2026-11-26,Full Day,47,0,47,0.0,Available,Karimnagar
SL001024,S001024,D004,2026-11-30,Full Day,47,1,46,2.13,Available,Karimnagar
SL001025,S001025,D004,2026-12-01,Afternoon,18,1,17,5.56,Available,Karimnagar
SL001026,S001026,D004,2026-12-02,Full Day,34,0,34,0.0,Available,Karimnagar
SL001027,S001027,D004,2026-12-03,Morning,26,1,25,3.85,Available,Karimnagar
SL001028,S001028,D004,2026-12-04,Afternoon,17,0,17,0.0,Available,Karimnagar
SL001029,S001029,D004,2026-12-07,Morning,19,2,17,10.53,Available,Karimnagar
SL001030,S001030,D004,2026-12-08,Morning,23,3,20,13.04,Available,Karimnagar
SL001031,S001031,D004,2026-12-09,Full Day,25,1,24,4.0,Available,Karimnagar
SL001032,S001032,D004,2026-12-10,Morning,28,1,27,3.57,Available,Karimnagar
SL001033,S001033,D004,2026-12-11,Morning,13,2,11,15.38,Available,Karimnagar
SL001034,S001034,D004,2026-12-14,Afternoon,26,2,24,7.69,Available,Karimnagar
SL001035,S001035,D004,2026-12-15,Afternoon,14,0,14,0.0,Available,Karimnagar
SL001036,S001036,D004,2026-12-16,Afternoon,24,2,22,8.33,Available,Karimnagar
SL001037,S001037,D004,2026-12-17,Full Day,49,1,48,2.04,Available,Karimnagar
SL001038,S001038,D004,2026-12-18,Morning,29,2,27,6.9,Available,Karimnagar
SL001039,S001039,D004,2026-12-22,Full Day,40,0,40,0.0,Available,Karimnagar
SL001040,S001040,D004,2026-12-24,Morning,24,0,24,0.0,Available,Karimnagar
SL001041,S001041,D004,2026-12-25,Full Day,48,1,47,2.08,Available,Karimnagar
SL001042,S001042,D004,2026-12-29,Afternoon,15,0,15,0.0,Available,Karimnagar
SL001043,S001043,D004,2026-12-30,Afternoon,25,0,25,0.0,Available,Karimnagar
SL001044,S001044,D004,2026-12-31,Afternoon,24,2,22,8.33,Available,Karimnagar
SL001045,S001045,D005,2026-01-01,Full Day,36,0,36,0.0,Available,Hanamkonda
SL001046,S001046,D005,2026-01-02,Morning,29,2,27,6.9,Available,Hanamkonda
SL001047,S001047,D005,2026-01-05,Full Day,39,0,39,0.0,Available,Hanamkonda
SL001048,S001048,D005,2026-01-06,Afternoon,19,0,19,0.0,Available,Hanamkonda
SL001049,S001049,D005,2026-01-07,Morning,27,2,25,7.41,Available,Hanamkonda
SL001050,S001050,D005,2026-01-08,Morning,14,1,13,7.14,Available,Hanamkonda
SL001051,S001051,D005,2026-01-09,Afternoon,23,2,21,8.7,Available,Hanamkonda
SL001052,S001052,D005,2026-01-12,Afternoon,26,1,25,3.85,Available,Hanamkonda
SL001053,S001053,D005,2026-01-13,Afternoon,13,0,13,0.0,Available,Hanamkonda
SL001054,S001054,D005,2026-01-14,Morning,24,0,24,0.0,Available,Hanamkonda
SL001055,S001055,D005,2026-01-15,Morning,26,1,25,3.85,Available,Hanamkonda
SL001056,S001056,D005,2026-01-16,Afternoon,19,0,19,0.0,Available,Hanamkonda
SL001057,S001057,D005,2026-01-19,Afternoon,28,0,28,0.0,Available,Hanamkonda
SL001058,S001058,D005,2026-01-20,Afternoon,15,0,15,0.0,Available,Hanamkonda
SL001059,S001059,D005,2026-01-21,Morning,20,3,17,15.0,Available,Hanamkonda
SL001060,S001060,D005,2026-01-22,Morning,12,1,11,8.33,Available,Hanamkonda
SL001061,S001061,D005,2026-01-23,Full Day,40,1,39,2.5,Available,Hanamkonda
SL001062,S001062,D005,2026-01-27,Morning,29,0,29,0.0,Available,Hanamkonda
SL001063,S001063,D005,2026-01-28,Morning,30,2,28,6.67,Available,Hanamkonda
SL001064,S001064,D005,2026-01-29,Morning,20,1,19,5.0,Available,Hanamkonda
SL001065,S001065,D005,2026-01-30,Afternoon,26,2,24,7.69,Available,Hanamkonda
SL001066,S001066,D005,2026-01-31,Afternoon,28,2,26,7.14,Available,Hanamkonda
SL001067,S001067,D005,2026-02-01,Morning,13,1,12,7.69,Available,Hanamkonda
SL001068,S001068,D005,2026-02-04,Afternoon,12,3,9,25.0,Available,Hanamkonda
SL001069,S001069,D005,2026-02-05,Morning,21,0,21,0.0,Available,Hanamkonda
SL001070,S001070,D005,2026-02-06,Full Day,37,2,35,5.41,Available,Hanamkonda
SL001071,S001071,D005,2026-02-09,Afternoon,29,1,28,3.45,Available,Hanamkonda
SL001072,S001072,D005,2026-02-10,Morning,16,0,16,0.0,Available,Hanamkonda
SL001073,S001073,D005,2026-02-11,Afternoon,14,2,12,14.29,Available,Hanamkonda
SL001074,S001074,D005,2026-02-12,Afternoon,30,3,27,10.0,Available,Hanamkonda
SL001075,S001075,D005,2026-02-13,Afternoon,18,1,17,5.56,Available,Hanamkonda
SL001076,S001076,D005,2026-02-15,Afternoon,15,0,15,0.0,Available,Hanamkonda
SL001077,S001077,D005,2026-02-16,Afternoon,20,1,19,5.0,Available,Hanamkonda
SL001078,S001078,D005,2026-02-17,Full Day,37,3,34,8.11,Available,Hanamkonda
SL001079,S001079,D005,2026-02-18,Full Day,45,0,45,0.0,Available,Hanamkonda
SL001080,S001080,D005,2026-02-19,Morning,21,2,19,9.52,Available,Hanamkonda
SL001081,S001081,D005,2026-02-22,Full Day,38,1,37,2.63,Available,Hanamkonda
SL001082,S001082,D005,2026-02-24,Afternoon,18,2,16,11.11,Available,Hanamkonda
SL001083,S001083,D005,2026-02-25,Full Day,35,2,33,5.71,Available,Hanamkonda
SL001084,S001084,D005,2026-02-26,Morning,16,2,14,12.5,Available,Hanamkonda
SL001085,S001085,D005,2026-02-27,Morning,21,0,21,0.0,Available,Hanamkonda
SL001086,S001086,D005,2026-03-02,Morning,28,2,26,7.14,Available,Hanamkonda
SL001087,S001087,D005,2026-03-03,Afternoon,27,1,26,3.7,Available,Hanamkonda
SL001088,S001088,D005,2026-03-04,Afternoon,28,0,28,0.0,Available,Hanamkonda
SL001089,S001089,D005,2026-03-05,Afternoon,12,2,10,16.67,Available,Hanamkonda
SL001090,S001090,D005,2026-03-06,Afternoon,25,2,23,8.0,Available,Hanamkonda
SL001091,S001091,D005,2026-03-07,Afternoon,17,0,17,0.0,Available,Hanamkonda
SL001092,S001092,D005,2026-03-09,Afternoon,14,2,12,14.29,Available,Hanamkonda
SL001093,S001093,D005,2026-03-10,Afternoon,17,0,17,0.0,Available,Hanamkonda
SL001094,S001094,D005,2026-03-11,Full Day,48,1,47,2.08,Available,Hanamkonda
SL001095,S001095,D005,2026-03-12,Afternoon,13,2,11,15.38,Available,Hanamkonda
SL001096,S001096,D005,2026-03-13,Morning,30,0,30,0.0,Available,Hanamkonda
SL001097,S001097,D005,2026-03-14,Full Day,50,2,48,4.0,Available,Hanamkonda
SL001098,S001098,D005,2026-03-16,Full Day,40,0,40,0.0,Available,Hanamkonda
SL001099,S001099,D005,2026-03-17,Full Day,35,6,29,17.14,Available,Hanamkonda
SL001100,S001100,D005,2026-03-18,Afternoon,12,1,11,8.33,Available,Hanamkonda
SL001101,S001101,D005,2026-03-19,Afternoon,28,1,27,3.57,Available,Hanamkonda
SL001102,S001102,D005,2026-03-20,Afternoon,17,0,17,0.0,Available,Hanamkonda
SL001103,S001103,D005,2026-03-21,Morning,12,2,10,16.67,Available,Hanamkonda
SL001104,S001104,D005,2026-03-22,Afternoon,29,0,29,0.0,Available,Hanamkonda
SL001105,S001105,D005,2026-03-23,Afternoon,13,2,11,15.38,Available,Hanamkonda
SL001106,S001106,D005,2026-03-24,Morning,29,2,27,6.9,Available,Hanamkonda
SL001107,S001107,D005,2026-03-26,Morning,17,2,15,11.76,Available,Hanamkonda
SL001108,S001108,D005,2026-03-27,Full Day,49,1,48,2.04,Available,Hanamkonda
SL001109,S001109,D005,2026-03-30,Afternoon,19,0,19,0.0,Available,Hanamkonda
SL001110,S001110,D005,2026-03-31,Afternoon,15,0,15,0.0,Available,Hanamkonda
SL001111,S001111,D005,2026-04-01,Morning,25,1,24,4.0,Available,Hanamkonda
SL001112,S001112,D005,2026-04-02,Afternoon,14,0,14,0.0,Available,Hanamkonda
SL001113,S001113,D005,2026-04-03,Afternoon,19,0,19,0.0,Available,Hanamkonda
SL001114,S001114,D005,2026-04-04,Afternoon,30,0,30,0.0,Available,Hanamkonda
SL001115,S001115,D005,2026-04-07,Afternoon,25,1,24,4.0,Available,Hanamkonda
SL001116,S001116,D005,2026-04-08,Full Day,45,0,45,0.0,Available,Hanamkonda
SL001117,S001117,D005,2026-04-09,Full Day,33,1,32,3.03,Available,Hanamkonda
SL001118,S001118,D005,2026-04-10,Morning,22,2,20,9.09,Available,Hanamkonda
SL001119,S001119,D005,2026-04-12,Afternoon,30,1,29,3.33,Available,Hanamkonda
SL001120,S001120,D005,2026-04-13,Full Day,34,1,33,2.94,Available,Hanamkonda
SL001121,S001121,D005,2026-04-14,Full Day,45,2,43,4.44,Available,Hanamkonda
SL001122,S001122,D005,2026-04-15,Full Day,45,0,45,0.0,Available,Hanamkonda
SL001123,S001123,D005,2026-04-20,Afternoon,19,1,18,5.26,Available,Hanamkonda
SL001124,S001124,D005,2026-04-22,Morning,19,0,19,0.0,Available,Hanamkonda
SL001125,S001125,D005,2026-04-23,Afternoon,12,3,9,25.0,Available,Hanamkonda
SL001126,S001126,D005,2026-04-27,Afternoon,29,2,27,6.9,Available,Hanamkonda
SL001127,S001127,D005,2026-04-28,Afternoon,29,0,29,0.0,Available,Hanamkonda
SL001128,S001128,D005,2026-04-29,Full Day,31,0,31,0.0,Available,Hanamkonda
SL001129,S001129,D005,2026-04-30,Morning,15,1,14,6.67,Available,Hanamkonda
SL001130,S001130,D005,2026-05-04,Afternoon,17,1,16,5.88,Available,Hanamkonda
SL001131,S001131,D005,2026-05-05,Afternoon,15,1,14,6.67,Available,Hanamkonda
SL001132,S001132,D005,2026-05-06,Morning,17,3,14,17.65,Available,Hanamkonda
SL001133,S001133,D005,2026-05-07,Full Day,31,3,28,9.68,Available,Hanamkonda
SL001134,S001134,D005,2026-05-08,Full Day,28,2,26,7.14,Available,Hanamkonda
SL001135,S001135,D005,2026-05-11,Full Day,46,3,43,6.52,Available,Hanamkonda
SL001136,S001136,D005,2026-05-12,Morning,18,3,15,16.67,Available,Hanamkonda
SL001137,S001137,D005,2026-05-13,Morning,27,3,24,11.11,Available,Hanamkonda
SL001138,S001138,D005,2026-05-15,Morning,19,1,18,5.26,Available,Hanamkonda
SL001139,S001139,D005,2026-05-16,Morning,25,1,24,4.0,Available,Hanamkonda
SL001140,S001140,D005,2026-05-19,Full Day,37,1,36,2.7,Available,Hanamkonda
SL001141,S001141,D005,2026-05-21,Morning,25,2,23,8.0,Available,Hanamkonda
SL001142,S001142,D005,2026-05-22,Afternoon,20,4,16,20.0,Available,Hanamkonda
SL001143,S001143,D005,2026-05-23,Afternoon,16,0,16,0.0,Available,Hanamkonda
SL001144,S001144,D005,2026-05-27,Afternoon,26,1,25,3.85,Available,Hanamkonda
SL001145,S001145,D005,2026-05-28,Morning,30,0,30,0.0,Available,Hanamkonda
SL001146,S001146,D005,2026-05-29,Afternoon,26,1,25,3.85,Available,Hanamkonda
SL001147,S001147,D005,2026-06-01,Afternoon,28,0,28,0.0,Available,Hanamkonda
SL001148,S001148,D005,2026-06-02,Afternoon,27,1,26,3.7,Available,Hanamkonda
SL001149,S001149,D005,2026-06-03,Morning,30,1,29,3.33,Available,Hanamkonda
SL001150,S001150,D005,2026-06-04,Afternoon,16,0,16,0.0,Available,Hanamkonda
SL001151,S001151,D005,2026-06-05,Full Day,50,2,48,4.0,Available,Hanamkonda
SL001152,S001152,D005,2026-06-08,Morning,30,2,28,6.67,Available,Hanamkonda
SL001153,S001153,D005,2026-06-09,Morning,16,1,15,6.25,Available,Hanamkonda
SL001154,S001154,D005,2026-06-10,Morning,13,0,13,0.0,Available,Hanamkonda
SL001155,S001155,D005,2026-06-11,Morning,28,2,26,7.14,Available,Hanamkonda
SL001156,S001156,D005,2026-06-12,Morning,20,1,19,5.0,Available,Hanamkonda
SL001157,S001157,D005,2026-06-13,Full Day,48,1,47,2.08,Available,Hanamkonda
SL001158,S001158,D005,2026-06-16,Morning,28,0,28,0.0,Available,Hanamkonda
SL001159,S001159,D005,2026-06-17,Afternoon,18,1,17,5.56,Available,Hanamkonda
SL001160,S001160,D005,2026-06-18,Morning,20,1,19,5.0,Available,Hanamkonda
SL001161,S001161,D005,2026-06-19,Full Day,50,1,49,2.0,Available,Hanamkonda
SL001162,S001162,D005,2026-06-23,Morning,29,1,28,3.45,Available,Hanamkonda
SL001163,S001163,D005,2026-06-25,Full Day,45,0,45,0.0,Available,Hanamkonda
SL001164,S001164,D005,2026-06-26,Afternoon,19,1,18,5.26,Available,Hanamkonda
SL001165,S001165,D005,2026-06-28,Afternoon,28,1,27,3.57,Available,Hanamkonda
SL001166,S001166,D005,2026-06-29,Full Day,47,1,46,2.13,Available,Hanamkonda
SL001167,S001167,D005,2026-06-30,Morning,22,1,21,4.55,Available,Hanamkonda
SL001168,S001168,D005,2026-07-01,Morning,20,3,17,15.0,Available,Hanamkonda
SL001169,S001169,D005,2026-07-03,Full Day,47,0,47,0.0,Available,Hanamkonda
SL001170,S001170,D005,2026-07-05,Afternoon,25,2,23,8.0,Available,Hanamkonda
SL001171,S001171,D005,2026-07-06,Afternoon,18,1,17,5.56,Available,Hanamkonda
SL001172,S001172,D005,2026-07-07,Afternoon,25,1,24,4.0,Available,Hanamkonda
SL001173,S001173,D005,2026-07-09,Full Day,44,1,43,2.27,Available,Hanamkonda
SL001174,S001174,D005,2026-07-10,Morning,17,1,16,5.88,Available,Hanamkonda
SL001175,S001175,D005,2026-07-13,Afternoon,24,1,23,4.17,Available,Hanamkonda
SL001176,S001176,D005,2026-07-15,Afternoon,25,0,25,0.0,Available,Hanamkonda
SL001177,S001177,D005,2026-07-16,Morning,15,0,15,0.0,Available,Hanamkonda
SL001178,S001178,D005,2026-07-21,Full Day,25,4,21,16.0,Available,Hanamkonda
SL001179,S001179,D005,2026-07-22,Full Day,26,1,25,3.85,Available,Hanamkonda
SL001180,S001180,D005,2026-07-23,Afternoon,21,1,20,4.76,Available,Hanamkonda
SL001181,S001181,D005,2026-07-24,Morning,14,0,14,0.0,Available,Hanamkonda
SL001182,S001182,D005,2026-07-26,Full Day,43,1,42,2.33,Available,Hanamkonda
SL001183,S001183,D005,2026-07-27,Afternoon,20,2,18,10.0,Available,Hanamkonda
SL001184,S001184,D005,2026-07-29,Afternoon,15,0,15,0.0,Available,Hanamkonda
SL001185,S001185,D005,2026-07-30,Afternoon,24,4,20,16.67,Available,Hanamkonda
SL001186,S001186,D005,2026-07-31,Full Day,25,1,24,4.0,Available,Hanamkonda
SL001187,S001187,D005,2026-08-03,Afternoon,25,1,24,4.0,Available,Hanamkonda
SL001188,S001188,D005,2026-08-04,Morning,26,2,24,7.69,Available,Hanamkonda
SL001189,S001189,D005,2026-08-05,Morning,16,0,16,0.0,Available,Hanamkonda
SL001190,S001190,D005,2026-08-06,Full Day,49,1,48,2.04,Available,Hanamkonda
SL001191,S001191,D005,2026-08-09,Morning,15,1,14,6.67,Available,Hanamkonda
SL001192,S001192,D005,2026-08-10,Morning,27,3,24,11.11,Available,Hanamkonda
SL001193,S001193,D005,2026-08-11,Afternoon,28,1,27,3.57,Available,Hanamkonda
SL001194,S001194,D005,2026-08-12,Afternoon,23,0,23,0.0,Available,Hanamkonda
SL001195,S001195,D005,2026-08-13,Afternoon,26,0,26,0.0,Available,Hanamkonda
SL001196,S001196,D005,2026-08-14,Afternoon,20,0,20,0.0,Available,Hanamkonda
SL001197,S001197,D005,2026-08-17,Morning,29,2,27,6.9,Available,Hanamkonda
SL001198,S001198,D005,2026-08-19,Full Day,46,0,46,0.0,Available,Hanamkonda
SL001199,S001199,D005,2026-08-20,Full Day,43,1,42,2.33,Available,Hanamkonda
SL001200,S001200,D005,2026-08-21,Full Day,26,0,26,0.0,Available,Hanamkonda
SL001201,S001201,D005,2026-08-23,Full Day,29,1,28,3.45,Available,Hanamkonda
SL001202,S001202,D005,2026-08-24,Morning,26,0,26,0.0,Available,Hanamkonda
SL001203,S001203,D005,2026-08-25,Afternoon,25,1,24,4.0,Available,Hanamkonda
SL001204,S001204,D005,2026-08-26,Morning,25,1,24,4.0,Available,Hanamkonda
SL001205,S001205,D005,2026-08-27,Afternoon,20,1,19,5.0,Available,Hanamkonda
SL001206,S001206,D005,2026-08-28,Morning,20,3,17,15.0,Available,Hanamkonda
SL001207,S001207,D005,2026-08-31,Full Day,41,1,40,2.44,Available,Hanamkonda
SL001208,S001208,D005,2026-09-01,Morning,18,2,16,11.11,Available,Hanamkonda
SL001209,S001209,D005,2026-09-02,Full Day,36,1,35,2.78,Available,Hanamkonda
SL001210,S001210,D005,2026-09-03,Morning,20,1,19,5.0,Available,Hanamkonda
SL001211,S001211,D005,2026-09-05,Full Day,41,0,41,0.0,Available,Hanamkonda
SL001212,S001212,D005,2026-09-06,Afternoon,19,1,18,5.26,Available,Hanamkonda
SL001213,S001213,D005,2026-09-07,Full Day,46,1,45,2.17,Available,Hanamkonda
SL001214,S001214,D005,2026-09-08,Morning,25,1,24,4.0,Available,Hanamkonda
SL001215,S001215,D005,2026-09-09,Full Day,48,1,47,2.08,Available,Hanamkonda
SL001216,S001216,D005,2026-09-11,Full Day,49,1,48,2.04,Available,Hanamkonda
SL001217,S001217,D005,2026-09-12,Morning,14,2,12,14.29,Available,Hanamkonda
SL001218,S001218,D005,2026-09-13,Full Day,40,1,39,2.5,Available,Hanamkonda
SL001219,S001219,D005,2026-09-14,Full Day,38,2,36,5.26,Available,Hanamkonda
SL001220,S001220,D005,2026-09-15,Afternoon,19,0,19,0.0,Available,Hanamkonda
SL001221,S001221,D005,2026-09-16,Morning,20,0,20,0.0,Available,Hanamkonda
SL001222,S001222,D005,2026-09-18,Full Day,38,1,37,2.63,Available,Hanamkonda
SL001223,S001223,D005,2026-09-21,Afternoon,29,0,29,0.0,Available,Hanamkonda
SL001224,S001224,D005,2026-09-22,Morning,21,1,20,4.76,Available,Hanamkonda
SL001225,S001225,D005,2026-09-23,Full Day,32,0,32,0.0,Available,Hanamkonda
SL001226,S001226,D005,2026-09-24,Full Day,31,1,30,3.23,Available,Hanamkonda
SL001227,S001227,D005,2026-09-25,Full Day,47,0,47,0.0,Available,Hanamkonda
SL001228,S001228,D005,2026-09-28,Full Day,35,1,34,2.86,Available,Hanamkonda
SL001229,S001229,D005,2026-09-29,Afternoon,24,1,23,4.17,Available,Hanamkonda
SL001230,S001230,D005,2026-09-30,Full Day,34,2,32,5.88,Available,Hanamkonda
SL001231,S001231,D005,2026-10-01,Morning,19,3,16,15.79,Available,Hanamkonda
SL001232,S001232,D005,2026-10-02,Full Day,31,1,30,3.23,Available,Hanamkonda
SL001233,S001233,D005,2026-10-03,Afternoon,21,2,19,9.52,Available,Hanamkonda
SL001234,S001234,D005,2026-10-05,Afternoon,12,0,12,0.0,Available,Hanamkonda
SL001235,S001235,D005,2026-10-06,Morning,25,1,24,4.0,Available,Hanamkonda
SL001236,S001236,D005,2026-10-07,Morning,25,1,24,4.0,Available,Hanamkonda
SL001237,S001237,D005,2026-10-08,Afternoon,19,2,17,10.53,Available,Hanamkonda
SL001238,S001238,D005,2026-10-09,Morning,18,1,17,5.56,Available,Hanamkonda
SL001239,S001239,D005,2026-10-11,Full Day,26,1,25,3.85,Available,Hanamkonda
SL001240,S001240,D005,2026-10-12,Afternoon,16,1,15,6.25,Available,Hanamkonda
SL001241,S001241,D005,2026-10-13,Morning,27,1,26,3.7,Available,Hanamkonda
SL001242,S001242,D005,2026-10-14,Morning,27,3,24,11.11,Available,Hanamkonda
SL001243,S001243,D005,2026-10-15,Afternoon,25,0,25,0.0,Available,Hanamkonda
SL001244,S001244,D005,2026-10-19,Full Day,34,6,28,17.65,Available,Hanamkonda
SL001245,S001245,D005,2026-10-20,Morning,21,1,20,4.76,Available,Hanamkonda
SL001246,S001246,D005,2026-10-21,Full Day,29,1,28,3.45,Available,Hanamkonda
SL001247,S001247,D005,2026-10-22,Afternoon,21,1,20,4.76,Available,Hanamkonda
SL001248,S001248,D005,2026-10-23,Afternoon,18,1,17,5.56,Available,Hanamkonda
SL001249,S001249,D005,2026-10-24,Afternoon,17,2,15,11.76,Available,Hanamkonda
SL001250,S001250,D005,2026-10-27,Afternoon,23,1,22,4.35,Available,Hanamkonda
SL001251,S001251,D005,2026-10-28,Morning,14,2,12,14.29,Available,Hanamkonda
SL001252,S001252,D005,2026-10-29,Afternoon,14,1,13,7.14,Available,Hanamkonda
SL001253,S001253,D005,2026-10-30,Morning,22,5,17,22.73,Available,Hanamkonda
SL001254,S001254,D005,2026-11-01,Full Day,44,0,44,0.0,Available,Hanamkonda
SL001255,S001255,D005,2026-11-02,Morning,30,1,29,3.33,Available,Hanamkonda
SL001256,S001256,D005,2026-11-04,Afternoon,17,1,16,5.88,Available,Hanamkonda
SL001257,S001257,D005,2026-11-05,Morning,24,3,21,12.5,Available,Hanamkonda
SL001258,S001258,D005,2026-11-08,Morning,14,2,12,14.29,Available,Hanamkonda
SL001259,S001259,D005,2026-11-10,Full Day,33,1,32,3.03,Available,Hanamkonda
SL001260,S001260,D005,2026-11-11,Full Day,45,0,45,0.0,Available,Hanamkonda
SL001261,S001261,D005,2026-11-12,Morning,19,2,17,10.53,Available,Hanamkonda
SL001262,S001262,D005,2026-11-13,Full Day,43,0,43,0.0,Available,Hanamkonda
SL001263,S001263,D005,2026-11-15,Morning,18,3,15,16.67,Available,Hanamkonda
SL001264,S001264,D005,2026-11-18,Afternoon,20,0,20,0.0,Available,Hanamkonda
SL001265,S001265,D005,2026-11-20,Afternoon,22,2,20,9.09,Available,Hanamkonda
SL001266,S001266,D005,2026-11-21,Full Day,28,1,27,3.57,Available,Hanamkonda
SL001267,S001267,D005,2026-11-23,Full Day,41,1,40,2.44,Available,Hanamkonda
SL001268,S001268,D005,2026-11-24,Afternoon,21,1,20,4.76,Available,Hanamkonda
SL001269,S001269,D005,2026-11-25,Full Day,43,2,41,4.65,Available,Hanamkonda
SL001270,S001270,D005,2026-11-26,Afternoon,27,5,22,18.52,Available,Hanamkonda
SL001271,S001271,D005,2026-11-27,Full Day,41,1,40,2.44,Available,Hanamkonda
SL001272,S001272,D005,2026-11-30,Morning,24,1,23,4.17,Available,Hanamkonda
SL001273,S001273,D005,2026-12-01,Morning,15,0,15,0.0,Available,Hanamkonda
SL001274,S001274,D005,2026-12-02,Afternoon,14,3,11,21.43,Available,Hanamkonda
SL001275,S001275,D005,2026-12-03,Afternoon,14,1,13,7.14,Available,Hanamkonda
SL001276,S001276,D005,2026-12-04,Morning,15,2,13,13.33,Available,Hanamkonda
SL001277,S001277,D005,2026-12-05,Full Day,50,1,49,2.0,Available,Hanamkonda
SL001278,S001278,D005,2026-12-07,Full Day,46,0,46,0.0,Available,Hanamkonda
SL001279,S001279,D005,2026-12-08,Afternoon,20,0,20,0.0,Available,Hanamkonda
SL001280,S001280,D005,2026-12-09,Morning,30,3,27,10.0,Available,Hanamkonda
SL001281,S001281,D005,2026-12-11,Afternoon,21,1,20,4.76,Available,Hanamkonda
SL001282,S001282,D005,2026-12-14,Afternoon,23,0,23,0.0,Available,Hanamkonda
SL001283,S001283,D005,2026-12-15,Full Day,35,1,34,2.86,Available,Hanamkonda
SL001284,S001284,D005,2026-12-16,Afternoon,19,4,15,21.05,Available,Hanamkonda
SL001285,S001285,D005,2026-12-17,Morning,30,1,29,3.33,Available,Hanamkonda
SL001286,S001286,D005,2026-12-18,Morning,18,1,17,5.56,Available,Hanamkonda
SL001287,S001287,D005,2026-12-19,Afternoon,26,1,25,3.85,Available,Hanamkonda
SL001288,S001288,D005,2026-12-21,Morning,23,0,23,0.0,Available,Hanamkonda
SL001289,S001289,D005,2026-12-22,Afternoon,29,2,27,6.9,Available,Hanamkonda
SL001290,S001290,D005,2026-12-23,Afternoon,17,1,16,5.88,Available,Hanamkonda
SL001291,S001291,D005,2026-12-24,Morning,14,1,13,7.14,Available,Hanamkonda
SL001292,S001292,D005,2026-12-25,Full Day,31,1,30,3.23,Available,Hanamkonda
SL001293,S001293,D005,2026-12-26,Afternoon,27,1,26,3.7,Available,Hanamkonda
SL001294,S001294,D005,2026-12-27,Morning,21,1,20,4.76,Available,Hanamkonda
SL001295,S001295,D005,2026-12-28,Morning,29,1,28,3.45,Available,Hanamkonda
SL001296,S001296,D005,2026-12-31,Afternoon,26,0,26,0.0,Available,Hanamkonda
SL001297,S001297,D006,2026-01-02,Morning,22,3,19,13.64,Available,Hanamkonda
SL001298,S001298,D006,2026-01-05,Afternoon,13,0,13,0.0,Available,Hanamkonda
SL001299,S001299,D006,2026-01-07,Afternoon,13,0,13,0.0,Available,Hanamkonda
SL001300,S001300,D006,2026-01-08,Full Day,50,2,48,4.0,Available,Hanamkonda
SL001301,S001301,D006,2026-01-10,Full Day,46,2,44,4.35,Available,Hanamkonda
SL001302,S001302,D006,2026-01-13,Afternoon,25,4,21,16.0,Available,Hanamkonda
SL001303,S001303,D006,2026-01-15,Full Day,28,1,27,3.57,Available,Hanamkonda
SL001304,S001304,D006,2026-01-16,Afternoon,23,1,22,4.35,Available,Hanamkonda
SL001305,S001305,D006,2026-01-18,Morning,15,3,12,20.0,Available,Hanamkonda
SL001306,S001306,D006,2026-01-19,Afternoon,16,1,15,6.25,Available,Hanamkonda
SL001307,S001307,D006,2026-01-20,Morning,19,2,17,10.53,Available,Hanamkonda
SL001308,S001308,D006,2026-01-21,Afternoon,20,4,16,20.0,Available,Hanamkonda
SL001309,S001309,D006,2026-01-22,Full Day,43,1,42,2.33,Available,Hanamkonda
SL001310,S001310,D006,2026-01-23,Morning,17,1,16,5.88,Available,Hanamkonda
SL001311,S001311,D006,2026-01-26,Afternoon,22,0,22,0.0,Available,Hanamkonda
SL001312,S001312,D006,2026-01-28,Full Day,27,3,24,11.11,Available,Hanamkonda
SL001313,S001313,D006,2026-01-30,Morning,29,3,26,10.34,Available,Hanamkonda
SL001314,S001314,D006,2026-02-03,Morning,21,0,21,0.0,Available,Hanamkonda
SL001315,S001315,D006,2026-02-04,Full Day,47,1,46,2.13,Available,Hanamkonda
SL001316,S001316,D006,2026-02-05,Full Day,27,0,27,0.0,Available,Hanamkonda
SL001317,S001317,D006,2026-02-06,Afternoon,12,3,9,25.0,Available,Hanamkonda
SL001318,S001318,D006,2026-02-08,Full Day,36,1,35,2.78,Available,Hanamkonda
SL001319,S001319,D006,2026-02-09,Morning,24,1,23,4.17,Available,Hanamkonda
SL001320,S001320,D006,2026-02-10,Morning,24,1,23,4.17,Available,Hanamkonda
SL001321,S001321,D006,2026-02-12,Morning,23,0,23,0.0,Available,Hanamkonda
SL001322,S001322,D006,2026-02-13,Afternoon,20,1,19,5.0,Available,Hanamkonda
SL001323,S001323,D006,2026-02-16,Afternoon,26,0,26,0.0,Available,Hanamkonda
SL001324,S001324,D006,2026-02-17,Full Day,37,0,37,0.0,Available,Hanamkonda
SL001325,S001325,D006,2026-02-18,Afternoon,29,2,27,6.9,Available,Hanamkonda
SL001326,S001326,D006,2026-02-19,Afternoon,15,2,13,13.33,Available,Hanamkonda
SL001327,S001327,D006,2026-02-20,Morning,13,2,11,15.38,Available,Hanamkonda
SL001328,S001328,D006,2026-02-23,Full Day,46,2,44,4.35,Available,Hanamkonda
SL001329,S001329,D006,2026-02-24,Afternoon,29,0,29,0.0,Available,Hanamkonda
SL001330,S001330,D006,2026-02-25,Morning,17,2,15,11.76,Available,Hanamkonda
SL001331,S001331,D006,2026-02-26,Afternoon,15,0,15,0.0,Available,Hanamkonda
SL001332,S001332,D006,2026-03-02,Morning,30,2,28,6.67,Available,Hanamkonda
SL001333,S001333,D006,2026-03-03,Morning,23,2,21,8.7,Available,Hanamkonda
SL001334,S001334,D006,2026-03-04,Afternoon,20,1,19,5.0,Available,Hanamkonda
SL001335,S001335,D006,2026-03-05,Afternoon,19,1,18,5.26,Available,Hanamkonda
SL001336,S001336,D006,2026-03-06,Morning,19,1,18,5.26,Available,Hanamkonda
SL001337,S001337,D006,2026-03-09,Afternoon,26,1,25,3.85,Available,Hanamkonda
SL001338,S001338,D006,2026-03-10,Morning,25,1,24,4.0,Available,Hanamkonda
SL001339,S001339,D006,2026-03-11,Full Day,28,1,27,3.57,Available,Hanamkonda
SL001340,S001340,D006,2026-03-12,Full Day,30,0,30,0.0,Available,Hanamkonda
SL001341,S001341,D006,2026-03-13,Full Day,27,1,26,3.7,Available,Hanamkonda
SL001342,S001342,D006,2026-03-14,Full Day,27,3,24,11.11,Available,Hanamkonda
SL001343,S001343,D006,2026-03-15,Full Day,40,2,38,5.0,Available,Hanamkonda
SL001344,S001344,D006,2026-03-16,Morning,15,1,14,6.67,Available,Hanamkonda
SL001345,S001345,D006,2026-03-18,Morning,23,1,22,4.35,Available,Hanamkonda
SL001346,S001346,D006,2026-03-19,Full Day,37,0,37,0.0,Available,Hanamkonda
SL001347,S001347,D006,2026-03-20,Full Day,39,0,39,0.0,Available,Hanamkonda
SL001348,S001348,D006,2026-03-23,Full Day,45,1,44,2.22,Available,Hanamkonda
SL001349,S001349,D006,2026-03-24,Afternoon,25,3,22,12.0,Available,Hanamkonda
SL001350,S001350,D006,2026-03-26,Morning,14,0,14,0.0,Available,Hanamkonda
SL001351,S001351,D006,2026-03-30,Morning,21,0,21,0.0,Available,Hanamkonda
SL001352,S001352,D006,2026-03-31,Morning,28,0,28,0.0,Available,Hanamkonda
SL001353,S001353,D006,2026-04-01,Morning,28,0,28,0.0,Available,Hanamkonda
SL001354,S001354,D006,2026-04-02,Morning,18,2,16,11.11,Available,Hanamkonda
SL001355,S001355,D006,2026-04-03,Morning,22,0,22,0.0,Available,Hanamkonda
SL001356,S001356,D006,2026-04-06,Morning,22,1,21,4.55,Available,Hanamkonda
SL001357,S001357,D006,2026-04-07,Morning,15,2,13,13.33,Available,Hanamkonda
SL001358,S001358,D006,2026-04-08,Morning,26,4,22,15.38,Available,Hanamkonda
SL001359,S001359,D006,2026-04-10,Afternoon,17,3,14,17.65,Available,Hanamkonda
SL001360,S001360,D006,2026-04-12,Morning,27,0,27,0.0,Available,Hanamkonda
SL001361,S001361,D006,2026-04-13,Afternoon,12,0,12,0.0,Available,Hanamkonda
SL001362,S001362,D006,2026-04-14,Full Day,34,1,33,2.94,Available,Hanamkonda
SL001363,S001363,D006,2026-04-15,Afternoon,22,1,21,4.55,Available,Hanamkonda
SL001364,S001364,D006,2026-04-17,Morning,30,4,26,13.33,Available,Hanamkonda
SL001365,S001365,D006,2026-04-18,Afternoon,18,3,15,16.67,Available,Hanamkonda
SL001366,S001366,D006,2026-04-20,Full Day,39,3,36,7.69,Available,Hanamkonda
SL001367,S001367,D006,2026-04-21,Full Day,47,1,46,2.13,Available,Hanamkonda
SL001368,S001368,D006,2026-04-22,Afternoon,23,2,21,8.7,Available,Hanamkonda
SL001369,S001369,D006,2026-04-23,Morning,19,1,18,5.26,Available,Hanamkonda
SL001370,S001370,D006,2026-04-24,Morning,15,2,13,13.33,Available,Hanamkonda
SL001371,S001371,D006,2026-04-27,Afternoon,24,1,23,4.17,Available,Hanamkonda
SL001372,S001372,D006,2026-04-28,Full Day,42,1,41,2.38,Available,Hanamkonda
SL001373,S001373,D006,2026-05-01,Morning,27,0,27,0.0,Available,Hanamkonda
SL001374,S001374,D006,2026-05-03,Morning,24,0,24,0.0,Available,Hanamkonda
SL001375,S001375,D006,2026-05-04,Afternoon,29,0,29,0.0,Available,Hanamkonda
SL001376,S001376,D006,2026-05-05,Afternoon,28,1,27,3.57,Available,Hanamkonda
SL001377,S001377,D006,2026-05-06,Morning,17,1,16,5.88,Available,Hanamkonda
SL001378,S001378,D006,2026-05-07,Morning,24,2,22,8.33,Available,Hanamkonda
SL001379,S001379,D006,2026-05-08,Morning,26,3,23,11.54,Available,Hanamkonda
SL001380,S001380,D006,2026-05-10,Afternoon,24,0,24,0.0,Available,Hanamkonda
SL001381,S001381,D006,2026-05-11,Afternoon,22,2,20,9.09,Available,Hanamkonda
SL001382,S001382,D006,2026-05-12,Afternoon,17,2,15,11.76,Available,Hanamkonda
SL001383,S001383,D006,2026-05-13,Full Day,43,1,42,2.33,Available,Hanamkonda
SL001384,S001384,D006,2026-05-14,Morning,17,0,17,0.0,Available,Hanamkonda
SL001385,S001385,D006,2026-05-15,Afternoon,25,2,23,8.0,Available,Hanamkonda
SL001386,S001386,D006,2026-05-18,Full Day,48,0,48,0.0,Available,Hanamkonda
SL001387,S001387,D006,2026-05-19,Full Day,45,1,44,2.22,Available,Hanamkonda
SL001388,S001388,D006,2026-05-20,Afternoon,19,3,16,15.79,Available,Hanamkonda
SL001389,S001389,D006,2026-05-21,Morning,28,3,25,10.71,Available,Hanamkonda
SL001390,S001390,D006,2026-05-22,Morning,26,2,24,7.69,Available,Hanamkonda
SL001391,S001391,D006,2026-05-24,Morning,16,3,13,18.75,Available,Hanamkonda
SL001392,S001392,D006,2026-05-26,Morning,27,2,25,7.41,Available,Hanamkonda
SL001393,S001393,D006,2026-05-27,Morning,24,0,24,0.0,Available,Hanamkonda
SL001394,S001394,D006,2026-05-28,Morning,14,0,14,0.0,Available,Hanamkonda
SL001395,S001395,D006,2026-05-29,Morning,29,1,28,3.45,Available,Hanamkonda
SL001396,S001396,D006,2026-05-30,Full Day,30,1,29,3.33,Available,Hanamkonda
SL001397,S001397,D006,2026-06-01,Morning,29,1,28,3.45,Available,Hanamkonda
SL001398,S001398,D006,2026-06-02,Afternoon,30,1,29,3.33,Available,Hanamkonda
SL001399,S001399,D006,2026-06-03,Morning,19,1,18,5.26,Available,Hanamkonda
SL001400,S001400,D006,2026-06-04,Full Day,37,1,36,2.7,Available,Hanamkonda
SL001401,S001401,D006,2026-06-05,Afternoon,28,0,28,0.0,Available,Hanamkonda
SL001402,S001402,D006,2026-06-06,Afternoon,13,1,12,7.69,Available,Hanamkonda
SL001403,S001403,D006,2026-06-08,Afternoon,29,0,29,0.0,Available,Hanamkonda
SL001404,S001404,D006,2026-06-09,Morning,21,1,20,4.76,Available,Hanamkonda
SL001405,S001405,D006,2026-06-12,Full Day,32,2,30,6.25,Available,Hanamkonda
SL001406,S001406,D006,2026-06-17,Afternoon,26,0,26,0.0,Available,Hanamkonda
SL001407,S001407,D006,2026-06-18,Afternoon,19,0,19,0.0,Available,Hanamkonda
SL001408,S001408,D006,2026-06-19,Afternoon,16,1,15,6.25,Available,Hanamkonda
SL001409,S001409,D006,2026-06-20,Full Day,43,1,42,2.33,Available,Hanamkonda
SL001410,S001410,D006,2026-06-22,Full Day,38,3,35,7.89,Available,Hanamkonda
SL001411,S001411,D006,2026-06-23,Morning,27,2,25,7.41,Available,Hanamkonda
SL001412,S001412,D006,2026-06-25,Morning,29,2,27,6.9,Available,Hanamkonda
SL001413,S001413,D006,2026-06-26,Morning,29,1,28,3.45,Available,Hanamkonda
SL001414,S001414,D006,2026-06-29,Morning,27,0,27,0.0,Available,Hanamkonda
SL001415,S001415,D006,2026-07-01,Full Day,27,0,27,0.0,Available,Hanamkonda
SL001416,S001416,D006,2026-07-02,Full Day,46,1,45,2.17,Available,Hanamkonda
SL001417,S001417,D006,2026-07-03,Morning,15,0,15,0.0,Available,Hanamkonda
SL001418,S001418,D006,2026-07-04,Afternoon,19,0,19,0.0,Available,Hanamkonda
SL001419,S001419,D006,2026-07-05,Morning,18,1,17,5.56,Available,Hanamkonda
SL001420,S001420,D006,2026-07-06,Afternoon,21,0,21,0.0,Available,Hanamkonda
SL001421,S001421,D006,2026-07-07,Full Day,46,1,45,2.17,Available,Hanamkonda
SL001422,S001422,D006,2026-07-08,Full Day,30,0,30,0.0,Available,Hanamkonda
SL001423,S001423,D006,2026-07-09,Full Day,45,2,43,4.44,Available,Hanamkonda
SL001424,S001424,D006,2026-07-10,Morning,27,1,26,3.7,Available,Hanamkonda
SL001425,S001425,D006,2026-07-11,Full Day,50,1,49,2.0,Available,Hanamkonda
SL001426,S001426,D006,2026-07-12,Morning,25,0,25,0.0,Available,Hanamkonda
SL001427,S001427,D006,2026-07-13,Afternoon,29,0,29,0.0,Available,Hanamkonda
SL001428,S001428,D006,2026-07-14,Afternoon,28,0,28,0.0,Available,Hanamkonda
SL001429,S001429,D006,2026-07-15,Morning,12,1,11,8.33,Available,Hanamkonda
SL001430,S001430,D006,2026-07-16,Morning,15,0,15,0.0,Available,Hanamkonda
SL001431,S001431,D006,2026-07-17,Full Day,26,0,26,0.0,Available,Hanamkonda
SL001432,S001432,D006,2026-07-18,Morning,24,2,22,8.33,Available,Hanamkonda
SL001433,S001433,D006,2026-07-20,Morning,26,0,26,0.0,Available,Hanamkonda
SL001434,S001434,D006,2026-07-21,Morning,24,0,24,0.0,Available,Hanamkonda
SL001435,S001435,D006,2026-07-24,Full Day,28,0,28,0.0,Available,Hanamkonda
SL001436,S001436,D006,2026-07-27,Full Day,33,2,31,6.06,Available,Hanamkonda
SL001437,S001437,D006,2026-07-28,Morning,15,1,14,6.67,Available,Hanamkonda
SL001438,S001438,D006,2026-07-29,Full Day,25,0,25,0.0,Available,Hanamkonda
SL001439,S001439,D006,2026-07-30,Morning,18,0,18,0.0,Available,Hanamkonda
SL001440,S001440,D006,2026-07-31,Afternoon,23,2,21,8.7,Available,Hanamkonda
SL001441,S001441,D006,2026-08-03,Full Day,44,1,43,2.27,Available,Hanamkonda
SL001442,S001442,D006,2026-08-04,Morning,19,1,18,5.26,Available,Hanamkonda
SL001443,S001443,D006,2026-08-05,Afternoon,15,2,13,13.33,Available,Hanamkonda
SL001444,S001444,D006,2026-08-06,Afternoon,20,1,19,5.0,Available,Hanamkonda
SL001445,S001445,D006,2026-08-10,Afternoon,13,0,13,0.0,Available,Hanamkonda
SL001446,S001446,D006,2026-08-11,Full Day,46,3,43,6.52,Available,Hanamkonda
SL001447,S001447,D006,2026-08-12,Morning,14,0,14,0.0,Available,Hanamkonda
SL001448,S001448,D006,2026-08-13,Afternoon,14,3,11,21.43,Available,Hanamkonda
SL001449,S001449,D006,2026-08-16,Full Day,34,1,33,2.94,Available,Hanamkonda
SL001450,S001450,D006,2026-08-17,Morning,16,6,10,37.5,Available,Hanamkonda
SL001451,S001451,D006,2026-08-18,Afternoon,25,1,24,4.0,Available,Hanamkonda
SL001452,S001452,D006,2026-08-19,Afternoon,12,2,10,16.67,Available,Hanamkonda
SL001453,S001453,D006,2026-08-20,Morning,20,0,20,0.0,Available,Hanamkonda
SL001454,S001454,D006,2026-08-21,Full Day,45,1,44,2.22,Available,Hanamkonda
SL001455,S001455,D006,2026-08-22,Afternoon,27,0,27,0.0,Available,Hanamkonda
SL001456,S001456,D006,2026-08-24,Full Day,33,1,32,3.03,Available,Hanamkonda
SL001457,S001457,D006,2026-08-25,Full Day,44,0,44,0.0,Available,Hanamkonda
SL001458,S001458,D006,2026-08-26,Full Day,30,1,29,3.33,Available,Hanamkonda
SL001459,S001459,D006,2026-08-27,Morning,15,1,14,6.67,Available,Hanamkonda
SL001460,S001460,D006,2026-08-28,Afternoon,22,1,21,4.55,Available,Hanamkonda
SL001461,S001461,D006,2026-08-31,Morning,24,3,21,12.5,Available,Hanamkonda
SL001462,S001462,D006,2026-09-02,Afternoon,29,2,27,6.9,Available,Hanamkonda
SL001463,S001463,D006,2026-09-03,Morning,20,5,15,25.0,Available,Hanamkonda
SL001464,S001464,D006,2026-09-04,Morning,12,2,10,16.67,Available,Hanamkonda
SL001465,S001465,D006,2026-09-05,Afternoon,12,1,11,8.33,Available,Hanamkonda
SL001466,S001466,D006,2026-09-07,Afternoon,26,1,25,3.85,Available,Hanamkonda
SL001467,S001467,D006,2026-09-08,Full Day,38,3,35,7.89,Available,Hanamkonda
SL001468,S001468,D006,2026-09-10,Afternoon,22,1,21,4.55,Available,Hanamkonda
SL001469,S001469,D006,2026-09-11,Full Day,47,0,47,0.0,Available,Hanamkonda
SL001470,S001470,D006,2026-09-14,Afternoon,15,1,14,6.67,Available,Hanamkonda
SL001471,S001471,D006,2026-09-15,Full Day,50,1,49,2.0,Available,Hanamkonda
SL001472,S001472,D006,2026-09-16,Morning,27,1,26,3.7,Available,Hanamkonda
SL001473,S001473,D006,2026-09-17,Full Day,42,0,42,0.0,Available,Hanamkonda
SL001474,S001474,D006,2026-09-18,Morning,26,3,23,11.54,Available,Hanamkonda
SL001475,S001475,D006,2026-09-20,Morning,17,2,15,11.76,Available,Hanamkonda
SL001476,S001476,D006,2026-09-22,Afternoon,21,2,19,9.52,Available,Hanamkonda
SL001477,S001477,D006,2026-09-24,Afternoon,15,1,14,6.67,Available,Hanamkonda
SL001478,S001478,D006,2026-09-25,Morning,23,0,23,0.0,Available,Hanamkonda
SL001479,S001479,D006,2026-09-28,Full Day,30,3,27,10.0,Available,Hanamkonda
SL001480,S001480,D006,2026-09-30,Full Day,33,0,33,0.0,Available,Hanamkonda
SL001481,S001481,D006,2026-10-01,Afternoon,20,1,19,5.0,Available,Hanamkonda
SL001482,S001482,D006,2026-10-02,Full Day,45,3,42,6.67,Available,Hanamkonda
SL001483,S001483,D006,2026-10-04,Morning,20,0,20,0.0,Available,Hanamkonda
SL001484,S001484,D006,2026-10-05,Full Day,46,0,46,0.0,Available,Hanamkonda
SL001485,S001485,D006,2026-10-06,Morning,21,1,20,4.76,Available,Hanamkonda
SL001486,S001486,D006,2026-10-07,Afternoon,26,1,25,3.85,Available,Hanamkonda
SL001487,S001487,D006,2026-10-09,Afternoon,28,1,27,3.57,Available,Hanamkonda
SL001488,S001488,D006,2026-10-10,Morning,14,0,14,0.0,Available,Hanamkonda
SL001489,S001489,D006,2026-10-12,Full Day,44,0,44,0.0,Available,Hanamkonda
SL001490,S001490,D006,2026-10-13,Afternoon,18,0,18,0.0,Available,Hanamkonda
SL001491,S001491,D006,2026-10-14,Full Day,42,1,41,2.38,Available,Hanamkonda
SL001492,S001492,D006,2026-10-15,Afternoon,15,0,15,0.0,Available,Hanamkonda
SL001493,S001493,D006,2026-10-16,Afternoon,24,1,23,4.17,Available,Hanamkonda
SL001494,S001494,D006,2026-10-17,Afternoon,16,2,14,12.5,Available,Hanamkonda
SL001495,S001495,D006,2026-10-19,Afternoon,28,1,27,3.57,Available,Hanamkonda
SL001496,S001496,D006,2026-10-20,Morning,27,2,25,7.41,Available,Hanamkonda
SL001497,S001497,D006,2026-10-21,Morning,13,0,13,0.0,Available,Hanamkonda
SL001498,S001498,D006,2026-10-22,Full Day,33,2,31,6.06,Available,Hanamkonda
SL001499,S001499,D006,2026-10-23,Morning,14,0,14,0.0,Available,Hanamkonda
SL001500,S001500,D006,2026-10-24,Full Day,34,1,33,2.94,Available,Hanamkonda
SL001501,S001501,D006,2026-10-25,Full Day,27,3,24,11.11,Available,Hanamkonda
SL001502,S001502,D006,2026-10-26,Full Day,46,0,46,0.0,Available,Hanamkonda
SL001503,S001503,D006,2026-10-27,Full Day,47,0,47,0.0,Available,Hanamkonda
SL001504,S001504,D006,2026-10-28,Morning,15,1,14,6.67,Available,Hanamkonda
SL001505,S001505,D006,2026-10-29,Afternoon,25,2,23,8.0,Available,Hanamkonda
SL001506,S001506,D006,2026-10-30,Full Day,25,3,22,12.0,Available,Hanamkonda
SL001507,S001507,D006,2026-10-31,Afternoon,29,0,29,0.0,Available,Hanamkonda
SL001508,S001508,D006,2026-11-01,Morning,22,0,22,0.0,Available,Hanamkonda
SL001509,S001509,D006,2026-11-02,Morning,23,1,22,4.35,Available,Hanamkonda
SL001510,S001510,D006,2026-11-03,Full Day,50,0,50,0.0,Available,Hanamkonda
SL001511,S001511,D006,2026-11-04,Full Day,46,2,44,4.35,Available,Hanamkonda
SL001512,S001512,D006,2026-11-05,Full Day,38,0,38,0.0,Available,Hanamkonda
SL001513,S001513,D006,2026-11-06,Morning,18,0,18,0.0,Available,Hanamkonda
SL001514,S001514,D006,2026-11-09,Morning,30,0,30,0.0,Available,Hanamkonda
SL001515,S001515,D006,2026-11-10,Morning,13,2,11,15.38,Available,Hanamkonda
SL001516,S001516,D006,2026-11-11,Afternoon,28,1,27,3.57,Available,Hanamkonda
SL001517,S001517,D006,2026-11-13,Morning,23,1,22,4.35,Available,Hanamkonda
SL001518,S001518,D006,2026-11-17,Morning,17,4,13,23.53,Available,Hanamkonda
SL001519,S001519,D006,2026-11-18,Full Day,43,2,41,4.65,Available,Hanamkonda
SL001520,S001520,D006,2026-11-19,Morning,24,1,23,4.17,Available,Hanamkonda
SL001521,S001521,D006,2026-11-20,Morning,28,1,27,3.57,Available,Hanamkonda
SL001522,S001522,D006,2026-11-23,Morning,14,2,12,14.29,Available,Hanamkonda
SL001523,S001523,D006,2026-11-24,Morning,13,2,11,15.38,Available,Hanamkonda
SL001524,S001524,D006,2026-11-26,Full Day,45,1,44,2.22,Available,Hanamkonda
SL001525,S001525,D006,2026-11-29,Full Day,31,2,29,6.45,Available,Hanamkonda
SL001526,S001526,D006,2026-11-30,Full Day,29,1,28,3.45,Available,Hanamkonda
SL001527,S001527,D006,2026-12-01,Full Day,50,2,48,4.0,Available,Hanamkonda
SL001528,S001528,D006,2026-12-03,Morning,30,1,29,3.33,Available,Hanamkonda
SL001529,S001529,D006,2026-12-06,Morning,28,1,27,3.57,Available,Hanamkonda
SL001530,S001530,D006,2026-12-08,Afternoon,13,2,11,15.38,Available,Hanamkonda
SL001531,S001531,D006,2026-12-09,Afternoon,12,0,12,0.0,Available,Hanamkonda
SL001532,S001532,D006,2026-12-10,Full Day,41,3,38,7.32,Available,Hanamkonda
SL001533,S001533,D006,2026-12-11,Afternoon,22,1,21,4.55,Available,Hanamkonda
SL001534,S001534,D006,2026-12-12,Afternoon,13,0,13,0.0,Available,Hanamkonda
SL001535,S001535,D006,2026-12-14,Morning,14,1,13,7.14,Available,Hanamkonda
SL001536,S001536,D006,2026-12-15,Morning,21,1,20,4.76,Available,Hanamkonda
SL001537,S001537,D006,2026-12-16,Morning,18,0,18,0.0,Available,Hanamkonda
SL001538,S001538,D006,2026-12-17,Morning,29,3,26,10.34,Available,Hanamkonda
SL001539,S001539,D006,2026-12-18,Full Day,42,1,41,2.38,Available,Hanamkonda
SL001540,S001540,D006,2026-12-22,Full Day,41,1,40,2.44,Available,Hanamkonda
SL001541,S001541,D006,2026-12-23,Full Day,25,3,22,12.0,Available,Hanamkonda
SL001542,S001542,D006,2026-12-24,Morning,26,1,25,3.85,Available,Hanamkonda
SL001543,S001543,D006,2026-12-25,Morning,28,1,27,3.57,Available,Hanamkonda
SL001544,S001544,D006,2026-12-28,Morning,18,0,18,0.0,Available,Hanamkonda
SL001545,S001545,D006,2026-12-31,Morning,13,0,13,0.0,Available,Hanamkonda
SL001546,S001546,D007,2026-01-01,Afternoon,22,1,21,4.55,Available,Warangal
SL001547,S001547,D007,2026-01-02,Morning,18,3,15,16.67,Available,Warangal
SL001548,S001548,D007,2026-01-05,Full Day,41,2,39,4.88,Available,Warangal
SL001549,S001549,D007,2026-01-06,Full Day,34,1,33,2.94,Available,Warangal
SL001550,S001550,D007,2026-01-07,Morning,19,2,17,10.53,Available,Warangal
SL001551,S001551,D007,2026-01-09,Morning,23,0,23,0.0,Available,Warangal
SL001552,S001552,D007,2026-01-10,Morning,28,3,25,10.71,Available,Warangal
SL001553,S001553,D007,2026-01-12,Afternoon,23,2,21,8.7,Available,Warangal
SL001554,S001554,D007,2026-01-14,Afternoon,23,1,22,4.35,Available,Warangal
SL001555,S001555,D007,2026-01-15,Full Day,28,0,28,0.0,Available,Warangal
SL001556,S001556,D007,2026-01-17,Afternoon,23,1,22,4.35,Available,Warangal
SL001557,S001557,D007,2026-01-19,Afternoon,15,2,13,13.33,Available,Warangal
SL001558,S001558,D007,2026-01-20,Morning,19,0,19,0.0,Available,Warangal
SL001559,S001559,D007,2026-01-21,Full Day,28,0,28,0.0,Available,Warangal
SL001560,S001560,D007,2026-01-22,Afternoon,15,0,15,0.0,Available,Warangal
SL001561,S001561,D007,2026-01-23,Full Day,47,3,44,6.38,Available,Warangal
SL001562,S001562,D007,2026-01-25,Morning,19,0,19,0.0,Available,Warangal
SL001563,S001563,D007,2026-01-26,Morning,27,0,27,0.0,Available,Warangal
SL001564,S001564,D007,2026-01-27,Full Day,30,0,30,0.0,Available,Warangal
SL001565,S001565,D007,2026-01-28,Full Day,47,1,46,2.13,Available,Warangal
SL001566,S001566,D007,2026-01-29,Morning,19,1,18,5.26,Available,Warangal
SL001567,S001567,D007,2026-01-31,Morning,29,0,29,0.0,Available,Warangal
SL001568,S001568,D007,2026-02-03,Full Day,31,5,26,16.13,Available,Warangal
SL001569,S001569,D007,2026-02-04,Full Day,42,1,41,2.38,Available,Warangal
SL001570,S001570,D007,2026-02-05,Morning,21,0,21,0.0,Available,Warangal
SL001571,S001571,D007,2026-02-06,Full Day,39,2,37,5.13,Available,Warangal
SL001572,S001572,D007,2026-02-09,Morning,17,2,15,11.76,Available,Warangal
SL001573,S001573,D007,2026-02-10,Full Day,40,1,39,2.5,Available,Warangal
SL001574,S001574,D007,2026-02-11,Full Day,44,5,39,11.36,Available,Warangal
SL001575,S001575,D007,2026-02-12,Morning,19,3,16,15.79,Available,Warangal
SL001576,S001576,D007,2026-02-13,Full Day,48,0,48,0.0,Available,Warangal
SL001577,S001577,D007,2026-02-16,Afternoon,12,1,11,8.33,Available,Warangal
SL001578,S001578,D007,2026-02-17,Morning,15,3,12,20.0,Available,Warangal
SL001579,S001579,D007,2026-02-18,Full Day,45,0,45,0.0,Available,Warangal
SL001580,S001580,D007,2026-02-19,Full Day,27,1,26,3.7,Available,Warangal
SL001581,S001581,D007,2026-02-20,Afternoon,23,1,22,4.35,Available,Warangal
SL001582,S001582,D007,2026-02-23,Afternoon,28,2,26,7.14,Available,Warangal
SL001583,S001583,D007,2026-02-24,Morning,20,0,20,0.0,Available,Warangal
SL001584,S001584,D007,2026-02-25,Morning,18,1,17,5.56,Available,Warangal
SL001585,S001585,D007,2026-02-26,Full Day,25,1,24,4.0,Available,Warangal
SL001586,S001586,D007,2026-02-27,Morning,21,3,18,14.29,Available,Warangal
SL001587,S001587,D007,2026-03-02,Morning,20,0,20,0.0,Available,Warangal
SL001588,S001588,D007,2026-03-03,Morning,14,2,12,14.29,Available,Warangal
SL001589,S001589,D007,2026-03-04,Afternoon,18,1,17,5.56,Available,Warangal
SL001590,S001590,D007,2026-03-05,Morning,21,1,20,4.76,Available,Warangal
SL001591,S001591,D007,2026-03-06,Morning,21,2,19,9.52,Available,Warangal
SL001592,S001592,D007,2026-03-09,Afternoon,16,3,13,18.75,Available,Warangal
SL001593,S001593,D007,2026-03-10,Afternoon,22,1,21,4.55,Available,Warangal
SL001594,S001594,D007,2026-03-11,Full Day,50,0,50,0.0,Available,Warangal
SL001595,S001595,D007,2026-03-12,Morning,16,1,15,6.25,Available,Warangal
SL001596,S001596,D007,2026-03-14,Full Day,30,0,30,0.0,Available,Warangal
SL001597,S001597,D007,2026-03-15,Morning,15,2,13,13.33,Available,Warangal
SL001598,S001598,D007,2026-03-16,Full Day,41,1,40,2.44,Available,Warangal
SL001599,S001599,D007,2026-03-17,Full Day,47,0,47,0.0,Available,Warangal
SL001600,S001600,D007,2026-03-18,Afternoon,28,0,28,0.0,Available,Warangal
SL001601,S001601,D007,2026-03-19,Afternoon,24,0,24,0.0,Available,Warangal
SL001602,S001602,D007,2026-03-20,Morning,15,3,12,20.0,Available,Warangal
SL001603,S001603,D007,2026-03-25,Morning,18,1,17,5.56,Available,Warangal
SL001604,S001604,D007,2026-03-26,Morning,25,1,24,4.0,Available,Warangal
SL001605,S001605,D007,2026-03-27,Full Day,42,1,41,2.38,Available,Warangal
SL001606,S001606,D007,2026-03-29,Morning,13,4,9,30.77,Available,Warangal
SL001607,S001607,D007,2026-03-30,Morning,21,0,21,0.0,Available,Warangal
SL001608,S001608,D007,2026-04-01,Full Day,29,1,28,3.45,Available,Warangal
SL001609,S001609,D007,2026-04-02,Morning,15,0,15,0.0,Available,Warangal
SL001610,S001610,D007,2026-04-06,Afternoon,21,1,20,4.76,Available,Warangal
SL001611,S001611,D007,2026-04-07,Afternoon,15,2,13,13.33,Available,Warangal
SL001612,S001612,D007,2026-04-08,Afternoon,13,1,12,7.69,Available,Warangal
SL001613,S001613,D007,2026-04-09,Full Day,45,0,45,0.0,Available,Warangal
SL001614,S001614,D007,2026-04-10,Morning,19,1,18,5.26,Available,Warangal
SL001615,S001615,D007,2026-04-11,Afternoon,17,0,17,0.0,Available,Warangal
SL001616,S001616,D007,2026-04-13,Morning,18,0,18,0.0,Available,Warangal
SL001617,S001617,D007,2026-04-14,Morning,13,0,13,0.0,Available,Warangal
SL001618,S001618,D007,2026-04-15,Full Day,32,0,32,0.0,Available,Warangal
SL001619,S001619,D007,2026-04-19,Afternoon,18,0,18,0.0,Available,Warangal
SL001620,S001620,D007,2026-04-20,Full Day,50,2,48,4.0,Available,Warangal
SL001621,S001621,D007,2026-04-21,Full Day,39,1,38,2.56,Available,Warangal
SL001622,S001622,D007,2026-04-23,Full Day,37,1,36,2.7,Available,Warangal
SL001623,S001623,D007,2026-04-25,Full Day,42,1,41,2.38,Available,Warangal
SL001624,S001624,D007,2026-04-27,Morning,22,0,22,0.0,Available,Warangal
SL001625,S001625,D007,2026-04-30,Full Day,40,1,39,2.5,Available,Warangal
SL001626,S001626,D007,2026-05-04,Full Day,35,4,31,11.43,Available,Warangal
SL001627,S001627,D007,2026-05-05,Morning,12,0,12,0.0,Available,Warangal
SL001628,S001628,D007,2026-05-06,Full Day,39,2,37,5.13,Available,Warangal
SL001629,S001629,D007,2026-05-07,Morning,23,1,22,4.35,Available,Warangal
SL001630,S001630,D007,2026-05-08,Full Day,47,4,43,8.51,Available,Warangal
SL001631,S001631,D007,2026-05-09,Afternoon,18,2,16,11.11,Available,Warangal
SL001632,S001632,D007,2026-05-11,Full Day,35,1,34,2.86,Available,Warangal
SL001633,S001633,D007,2026-05-12,Full Day,49,1,48,2.04,Available,Warangal
SL001634,S001634,D007,2026-05-13,Morning,19,2,17,10.53,Available,Warangal
SL001635,S001635,D007,2026-05-14,Afternoon,21,0,21,0.0,Available,Warangal
SL001636,S001636,D007,2026-05-15,Afternoon,25,3,22,12.0,Available,Warangal
SL001637,S001637,D007,2026-05-18,Afternoon,16,4,12,25.0,Available,Warangal
SL001638,S001638,D007,2026-05-19,Morning,30,3,27,10.0,Available,Warangal
SL001639,S001639,D007,2026-05-21,Morning,29,2,27,6.9,Available,Warangal
SL001640,S001640,D007,2026-05-22,Afternoon,17,2,15,11.76,Available,Warangal
SL001641,S001641,D007,2026-05-25,Full Day,27,2,25,7.41,Available,Warangal
SL001642,S001642,D007,2026-05-27,Afternoon,19,2,17,10.53,Available,Warangal
SL001643,S001643,D007,2026-05-28,Full Day,34,0,34,0.0,Available,Warangal
SL001644,S001644,D007,2026-05-29,Afternoon,29,0,29,0.0,Available,Warangal
SL001645,S001645,D007,2026-05-30,Full Day,43,3,40,6.98,Available,Warangal
SL001646,S001646,D007,2026-05-31,Afternoon,25,2,23,8.0,Available,Warangal
SL001647,S001647,D007,2026-06-01,Afternoon,30,2,28,6.67,Available,Warangal
SL001648,S001648,D007,2026-06-02,Full Day,42,2,40,4.76,Available,Warangal
SL001649,S001649,D007,2026-06-04,Morning,28,1,27,3.57,Available,Warangal
SL001650,S001650,D007,2026-06-05,Afternoon,29,0,29,0.0,Available,Warangal
SL001651,S001651,D007,2026-06-06,Full Day,32,0,32,0.0,Available,Warangal
SL001652,S001652,D007,2026-06-08,Morning,12,1,11,8.33,Available,Warangal
SL001653,S001653,D007,2026-06-09,Full Day,44,1,43,2.27,Available,Warangal
SL001654,S001654,D007,2026-06-10,Full Day,31,1,30,3.23,Available,Warangal
SL001655,S001655,D007,2026-06-12,Morning,19,1,18,5.26,Available,Warangal
SL001656,S001656,D007,2026-06-15,Morning,17,1,16,5.88,Available,Warangal
SL001657,S001657,D007,2026-06-16,Morning,18,0,18,0.0,Available,Warangal
SL001658,S001658,D007,2026-06-17,Full Day,35,1,34,2.86,Available,Warangal
SL001659,S001659,D007,2026-06-19,Afternoon,13,0,13,0.0,Available,Warangal
SL001660,S001660,D007,2026-06-21,Morning,12,0,12,0.0,Available,Warangal
SL001661,S001661,D007,2026-06-22,Morning,21,1,20,4.76,Available,Warangal
SL001662,S001662,D007,2026-06-23,Afternoon,20,1,19,5.0,Available,Warangal
SL001663,S001663,D007,2026-06-24,Full Day,42,0,42,0.0,Available,Warangal
SL001664,S001664,D007,2026-06-25,Morning,14,1,13,7.14,Available,Warangal
SL001665,S001665,D007,2026-06-26,Morning,28,2,26,7.14,Available,Warangal
SL001666,S001666,D007,2026-06-29,Afternoon,18,0,18,0.0,Available,Warangal
SL001667,S001667,D007,2026-06-30,Afternoon,19,1,18,5.26,Available,Warangal
SL001668,S001668,D007,2026-07-01,Morning,18,1,17,5.56,Available,Warangal
SL001669,S001669,D007,2026-07-02,Full Day,34,2,32,5.88,Available,Warangal
SL001670,S001670,D007,2026-07-03,Afternoon,14,0,14,0.0,Available,Warangal
SL001671,S001671,D007,2026-07-04,Full Day,28,0,28,0.0,Available,Warangal
SL001672,S001672,D007,2026-07-07,Afternoon,17,0,17,0.0,Available,Warangal
SL001673,S001673,D007,2026-07-08,Morning,27,0,27,0.0,Available,Warangal
SL001674,S001674,D007,2026-07-09,Morning,23,5,18,21.74,Available,Warangal
SL001675,S001675,D007,2026-07-10,Afternoon,12,3,9,25.0,Available,Warangal
SL001676,S001676,D007,2026-07-11,Morning,30,1,29,3.33,Available,Warangal
SL001677,S001677,D007,2026-07-13,Full Day,25,1,24,4.0,Available,Warangal
SL001678,S001678,D007,2026-07-14,Afternoon,20,1,19,5.0,Available,Warangal
SL001679,S001679,D007,2026-07-15,Afternoon,17,2,15,11.76,Available,Warangal
SL001680,S001680,D007,2026-07-17,Morning,19,2,17,10.53,Available,Warangal
SL001681,S001681,D007,2026-07-19,Morning,22,2,20,9.09,Available,Warangal
SL001682,S001682,D007,2026-07-20,Full Day,29,2,27,6.9,Available,Warangal
SL001683,S001683,D007,2026-07-21,Morning,24,3,21,12.5,Available,Warangal
SL001684,S001684,D007,2026-07-24,Full Day,31,0,31,0.0,Available,Warangal
SL001685,S001685,D007,2026-07-28,Afternoon,29,0,29,0.0,Available,Warangal
SL001686,S001686,D007,2026-07-29,Afternoon,17,1,16,5.88,Available,Warangal
SL001687,S001687,D007,2026-07-30,Morning,29,2,27,6.9,Available,Warangal
SL001688,S001688,D007,2026-07-31,Morning,28,3,25,10.71,Available,Warangal
SL001689,S001689,D007,2026-08-02,Morning,28,0,28,0.0,Available,Warangal
SL001690,S001690,D007,2026-08-04,Morning,30,2,28,6.67,Available,Warangal
SL001691,S001691,D007,2026-08-05,Morning,22,2,20,9.09,Available,Warangal
SL001692,S001692,D007,2026-08-07,Full Day,41,0,41,0.0,Available,Warangal
SL001693,S001693,D007,2026-08-09,Full Day,40,1,39,2.5,Available,Warangal
SL001694,S001694,D007,2026-08-12,Morning,17,3,14,17.65,Available,Warangal
SL001695,S001695,D007,2026-08-13,Afternoon,30,1,29,3.33,Available,Warangal
SL001696,S001696,D007,2026-08-17,Afternoon,12,1,11,8.33,Available,Warangal
SL001697,S001697,D007,2026-08-18,Morning,25,2,23,8.0,Available,Warangal
SL001698,S001698,D007,2026-08-20,Full Day,41,1,40,2.44,Available,Warangal
SL001699,S001699,D007,2026-08-21,Full Day,47,2,45,4.26,Available,Warangal
SL001700,S001700,D007,2026-08-24,Morning,26,0,26,0.0,Available,Warangal
SL001701,S001701,D007,2026-08-25,Morning,20,1,19,5.0,Available,Warangal
SL001702,S001702,D007,2026-08-27,Morning,25,0,25,0.0,Available,Warangal
SL001703,S001703,D007,2026-08-28,Afternoon,22,0,22,0.0,Available,Warangal
SL001704,S001704,D007,2026-08-31,Full Day,44,0,44,0.0,Available,Warangal
SL001705,S001705,D007,2026-09-01,Morning,15,1,14,6.67,Available,Warangal
SL001706,S001706,D007,2026-09-02,Full Day,46,1,45,2.17,Available,Warangal
SL001707,S001707,D007,2026-09-03,Full Day,34,2,32,5.88,Available,Warangal
SL001708,S001708,D007,2026-09-04,Full Day,34,1,33,2.94,Available,Warangal
SL001709,S001709,D007,2026-09-05,Full Day,39,4,35,10.26,Available,Warangal
SL001710,S001710,D007,2026-09-07,Morning,16,1,15,6.25,Available,Warangal
SL001711,S001711,D007,2026-09-09,Morning,17,0,17,0.0,Available,Warangal
SL001712,S001712,D007,2026-09-11,Afternoon,20,2,18,10.0,Available,Warangal
SL001713,S001713,D007,2026-09-14,Full Day,31,1,30,3.23,Available,Warangal
SL001714,S001714,D007,2026-09-15,Morning,16,1,15,6.25,Available,Warangal
SL001715,S001715,D007,2026-09-16,Morning,21,1,20,4.76,Available,Warangal
SL001716,S001716,D007,2026-09-17,Full Day,49,2,47,4.08,Available,Warangal
SL001717,S001717,D007,2026-09-20,Afternoon,19,5,14,26.32,Available,Warangal
SL001718,S001718,D007,2026-09-21,Full Day,47,2,45,4.26,Available,Warangal
SL001719,S001719,D007,2026-09-23,Afternoon,26,0,26,0.0,Available,Warangal
SL001720,S001720,D007,2026-09-26,Morning,18,3,15,16.67,Available,Warangal
SL001721,S001721,D007,2026-09-28,Full Day,48,0,48,0.0,Available,Warangal
SL001722,S001722,D007,2026-09-29,Morning,12,0,12,0.0,Available,Warangal
SL001723,S001723,D007,2026-10-01,Afternoon,16,1,15,6.25,Available,Warangal
SL001724,S001724,D007,2026-10-02,Morning,22,2,20,9.09,Available,Warangal
SL001725,S001725,D007,2026-10-04,Morning,18,5,13,27.78,Available,Warangal
SL001726,S001726,D007,2026-10-05,Afternoon,17,2,15,11.76,Available,Warangal
SL001727,S001727,D007,2026-10-06,Morning,19,0,19,0.0,Available,Warangal
SL001728,S001728,D007,2026-10-07,Afternoon,20,1,19,5.0,Available,Warangal
SL001729,S001729,D007,2026-10-08,Morning,12,0,12,0.0,Available,Warangal
SL001730,S001730,D007,2026-10-09,Morning,19,0,19,0.0,Available,Warangal
SL001731,S001731,D007,2026-10-13,Morning,14,0,14,0.0,Available,Warangal
SL001732,S001732,D007,2026-10-14,Afternoon,26,0,26,0.0,Available,Warangal
SL001733,S001733,D007,2026-10-15,Afternoon,26,0,26,0.0,Available,Warangal
SL001734,S001734,D007,2026-10-16,Afternoon,28,3,25,10.71,Available,Warangal
SL001735,S001735,D007,2026-10-17,Full Day,28,1,27,3.57,Available,Warangal
SL001736,S001736,D007,2026-10-19,Afternoon,22,2,20,9.09,Available,Warangal
SL001737,S001737,D007,2026-10-20,Full Day,33,2,31,6.06,Available,Warangal
SL001738,S001738,D007,2026-10-21,Afternoon,26,0,26,0.0,Available,Warangal
SL001739,S001739,D007,2026-10-22,Morning,25,1,24,4.0,Available,Warangal
SL001740,S001740,D007,2026-10-23,Full Day,27,0,27,0.0,Available,Warangal
SL001741,S001741,D007,2026-10-25,Afternoon,26,0,26,0.0,Available,Warangal
SL001742,S001742,D007,2026-10-26,Morning,16,0,16,0.0,Available,Warangal
SL001743,S001743,D007,2026-10-27,Morning,23,2,21,8.7,Available,Warangal
SL001744,S001744,D007,2026-10-28,Morning,23,0,23,0.0,Available,Warangal
SL001745,S001745,D007,2026-10-29,Morning,22,0,22,0.0,Available,Warangal
SL001746,S001746,D007,2026-11-02,Full Day,29,0,29,0.0,Available,Warangal
SL001747,S001747,D007,2026-11-03,Afternoon,17,0,17,0.0,Available,Warangal
SL001748,S001748,D007,2026-11-04,Afternoon,12,0,12,0.0,Available,Warangal
SL001749,S001749,D007,2026-11-05,Full Day,48,1,47,2.08,Available,Warangal
SL001750,S001750,D007,2026-11-07,Full Day,34,2,32,5.88,Available,Warangal
SL001751,S001751,D007,2026-11-08,Morning,26,2,24,7.69,Available,Warangal
SL001752,S001752,D007,2026-11-09,Morning,29,4,25,13.79,Available,Warangal
SL001753,S001753,D007,2026-11-10,Morning,23,1,22,4.35,Available,Warangal
SL001754,S001754,D007,2026-11-11,Full Day,41,2,39,4.88,Available,Warangal
SL001755,S001755,D007,2026-11-12,Morning,12,1,11,8.33,Available,Warangal
SL001756,S001756,D007,2026-11-13,Morning,29,2,27,6.9,Available,Warangal
SL001757,S001757,D007,2026-11-16,Afternoon,29,1,28,3.45,Available,Warangal
SL001758,S001758,D007,2026-11-17,Morning,12,4,8,33.33,Available,Warangal
SL001759,S001759,D007,2026-11-18,Afternoon,14,0,14,0.0,Available,Warangal
SL001760,S001760,D007,2026-11-23,Afternoon,12,3,9,25.0,Available,Warangal
SL001761,S001761,D007,2026-11-24,Afternoon,29,0,29,0.0,Available,Warangal
SL001762,S001762,D007,2026-11-25,Afternoon,12,2,10,16.67,Available,Warangal
SL001763,S001763,D007,2026-11-26,Afternoon,19,2,17,10.53,Available,Warangal
SL001764,S001764,D007,2026-11-27,Full Day,46,1,45,2.17,Available,Warangal
SL001765,S001765,D007,2026-11-29,Afternoon,14,2,12,14.29,Available,Warangal
SL001766,S001766,D007,2026-11-30,Afternoon,14,0,14,0.0,Available,Warangal
SL001767,S001767,D007,2026-12-01,Afternoon,13,1,12,7.69,Available,Warangal
SL001768,S001768,D007,2026-12-02,Morning,13,2,11,15.38,Available,Warangal
SL001769,S001769,D007,2026-12-03,Afternoon,29,0,29,0.0,Available,Warangal
SL001770,S001770,D007,2026-12-04,Afternoon,25,1,24,4.0,Available,Warangal
SL001771,S001771,D007,2026-12-07,Morning,27,0,27,0.0,Available,Warangal
SL001772,S001772,D007,2026-12-08,Full Day,40,2,38,5.0,Available,Warangal
SL001773,S001773,D007,2026-12-10,Full Day,37,2,35,5.41,Available,Warangal
SL001774,S001774,D007,2026-12-11,Afternoon,30,1,29,3.33,Available,Warangal
SL001775,S001775,D007,2026-12-13,Afternoon,18,1,17,5.56,Available,Warangal
SL001776,S001776,D007,2026-12-15,Morning,15,0,15,0.0,Available,Warangal
SL001777,S001777,D007,2026-12-17,Afternoon,16,3,13,18.75,Available,Warangal
SL001778,S001778,D007,2026-12-18,Full Day,36,0,36,0.0,Available,Warangal
SL001779,S001779,D007,2026-12-19,Morning,26,1,25,3.85,Available,Warangal
SL001780,S001780,D007,2026-12-20,Morning,16,2,14,12.5,Available,Warangal
SL001781,S001781,D007,2026-12-21,Morning,27,0,27,0.0,Available,Warangal
SL001782,S001782,D007,2026-12-22,Afternoon,24,2,22,8.33,Available,Warangal
SL001783,S001783,D007,2026-12-23,Full Day,39,1,38,2.56,Available,Warangal
SL001784,S001784,D007,2026-12-24,Full Day,29,0,29,0.0,Available,Warangal
SL001785,S001785,D007,2026-12-25,Afternoon,17,1,16,5.88,Available,Warangal
SL001786,S001786,D007,2026-12-26,Morning,16,1,15,6.25,Available,Warangal
SL001787,S001787,D007,2026-12-28,Full Day,32,0,32,0.0,Available,Warangal
SL001788,S001788,D007,2026-12-29,Afternoon,26,1,25,3.85,Available,Warangal
SL001789,S001789,D007,2026-12-30,Afternoon,16,1,15,6.25,Available,Warangal
SL001790,S001790,D007,2026-12-31,Full Day,43,1,42,2.33,Available,Warangal
SL001791,S001791,D008,2026-01-01,Morning,12,0,12,0.0,Available,Warangal
SL001792,S001792,D008,2026-01-05,Morning,26,0,26,0.0,Available,Warangal
SL001793,S001793,D008,2026-01-06,Afternoon,28,3,25,10.71,Available,Warangal
SL001794,S001794,D008,2026-01-07,Morning,20,0,20,0.0,Available,Warangal
SL001795,S001795,D008,2026-01-08,Morning,30,1,29,3.33,Available,Warangal
SL001796,S001796,D008,2026-01-09,Morning,27,0,27,0.0,Available,Warangal
SL001797,S001797,D008,2026-01-12,Morning,16,1,15,6.25,Available,Warangal
SL001798,S001798,D008,2026-01-13,Full Day,48,2,46,4.17,Available,Warangal
SL001799,S001799,D008,2026-01-14,Morning,30,2,28,6.67,Available,Warangal
SL001800,S001800,D008,2026-01-15,Afternoon,29,2,27,6.9,Available,Warangal
SL001801,S001801,D008,2026-01-16,Morning,27,1,26,3.7,Available,Warangal
SL001802,S001802,D008,2026-01-19,Afternoon,30,1,29,3.33,Available,Warangal
SL001803,S001803,D008,2026-01-20,Afternoon,15,2,13,13.33,Available,Warangal
SL001804,S001804,D008,2026-01-21,Afternoon,30,0,30,0.0,Available,Warangal
SL001805,S001805,D008,2026-01-22,Full Day,38,2,36,5.26,Available,Warangal
SL001806,S001806,D008,2026-01-23,Morning,14,0,14,0.0,Available,Warangal
SL001807,S001807,D008,2026-01-24,Morning,21,2,19,9.52,Available,Warangal
SL001808,S001808,D008,2026-01-26,Full Day,45,0,45,0.0,Available,Warangal
SL001809,S001809,D008,2026-01-27,Afternoon,23,0,23,0.0,Available,Warangal
SL001810,S001810,D008,2026-01-28,Afternoon,14,2,12,14.29,Available,Warangal
SL001811,S001811,D008,2026-01-29,Morning,20,3,17,15.0,Available,Warangal
SL001812,S001812,D008,2026-01-30,Afternoon,16,1,15,6.25,Available,Warangal
SL001813,S001813,D008,2026-02-02,Morning,15,2,13,13.33,Available,Warangal
SL001814,S001814,D008,2026-02-03,Morning,21,2,19,9.52,Available,Warangal
SL001815,S001815,D008,2026-02-04,Full Day,31,3,28,9.68,Available,Warangal
SL001816,S001816,D008,2026-02-05,Afternoon,21,1,20,4.76,Available,Warangal
SL001817,S001817,D008,2026-02-06,Full Day,38,1,37,2.63,Available,Warangal
SL001818,S001818,D008,2026-02-07,Afternoon,29,0,29,0.0,Available,Warangal
SL001819,S001819,D008,2026-02-08,Afternoon,19,1,18,5.26,Available,Warangal
SL001820,S001820,D008,2026-02-09,Morning,12,3,9,25.0,Available,Warangal
SL001821,S001821,D008,2026-02-11,Full Day,49,2,47,4.08,Available,Warangal
SL001822,S001822,D008,2026-02-12,Afternoon,13,1,12,7.69,Available,Warangal
SL001823,S001823,D008,2026-02-13,Afternoon,19,1,18,5.26,Available,Warangal
SL001824,S001824,D008,2026-02-17,Full Day,34,4,30,11.76,Available,Warangal
SL001825,S001825,D008,2026-02-18,Morning,13,2,11,15.38,Available,Warangal
SL001826,S001826,D008,2026-02-19,Afternoon,16,0,16,0.0,Available,Warangal
SL001827,S001827,D008,2026-02-23,Full Day,45,1,44,2.22,Available,Warangal
SL001828,S001828,D008,2026-02-24,Full Day,40,3,37,7.5,Available,Warangal
SL001829,S001829,D008,2026-02-25,Full Day,30,4,26,13.33,Available,Warangal
SL001830,S001830,D008,2026-02-26,Full Day,46,1,45,2.17,Available,Warangal
SL001831,S001831,D008,2026-02-27,Morning,23,1,22,4.35,Available,Warangal
SL001832,S001832,D008,2026-03-02,Full Day,26,1,25,3.85,Available,Warangal
SL001833,S001833,D008,2026-03-03,Morning,24,0,24,0.0,Available,Warangal
SL001834,S001834,D008,2026-03-04,Full Day,43,0,43,0.0,Available,Warangal
SL001835,S001835,D008,2026-03-05,Morning,21,1,20,4.76,Available,Warangal
SL001836,S001836,D008,2026-03-06,Full Day,42,0,42,0.0,Available,Warangal
SL001837,S001837,D008,2026-03-09,Morning,25,1,24,4.0,Available,Warangal
SL001838,S001838,D008,2026-03-10,Morning,18,1,17,5.56,Available,Warangal
SL001839,S001839,D008,2026-03-11,Afternoon,21,2,19,9.52,Available,Warangal
SL001840,S001840,D008,2026-03-13,Morning,23,0,23,0.0,Available,Warangal
SL001841,S001841,D008,2026-03-15,Afternoon,20,0,20,0.0,Available,Warangal
SL001842,S001842,D008,2026-03-16,Morning,20,2,18,10.0,Available,Warangal
SL001843,S001843,D008,2026-03-17,Full Day,27,1,26,3.7,Available,Warangal
SL001844,S001844,D008,2026-03-18,Morning,21,1,20,4.76,Available,Warangal
SL001845,S001845,D008,2026-03-19,Morning,14,0,14,0.0,Available,Warangal
SL001846,S001846,D008,2026-03-20,Afternoon,20,2,18,10.0,Available,Warangal
SL001847,S001847,D008,2026-03-21,Afternoon,13,1,12,7.69,Available,Warangal
SL001848,S001848,D008,2026-03-24,Morning,18,3,15,16.67,Available,Warangal
SL001849,S001849,D008,2026-03-25,Afternoon,28,2,26,7.14,Available,Warangal
SL001850,S001850,D008,2026-03-27,Morning,25,1,24,4.0,Available,Warangal
SL001851,S001851,D008,2026-03-28,Morning,26,1,25,3.85,Available,Warangal
SL001852,S001852,D008,2026-03-29,Morning,14,0,14,0.0,Available,Warangal
SL001853,S001853,D008,2026-03-30,Afternoon,28,1,27,3.57,Available,Warangal
SL001854,S001854,D008,2026-03-31,Afternoon,19,2,17,10.53,Available,Warangal
SL001855,S001855,D008,2026-04-01,Afternoon,15,3,12,20.0,Available,Warangal
SL001856,S001856,D008,2026-04-02,Afternoon,30,4,26,13.33,Available,Warangal
SL001857,S001857,D008,2026-04-03,Full Day,41,2,39,4.88,Available,Warangal
SL001858,S001858,D008,2026-04-04,Full Day,41,2,39,4.88,Available,Warangal
SL001859,S001859,D008,2026-04-06,Afternoon,22,1,21,4.55,Available,Warangal
SL001860,S001860,D008,2026-04-07,Morning,21,1,20,4.76,Available,Warangal
SL001861,S001861,D008,2026-04-09,Afternoon,26,0,26,0.0,Available,Warangal
SL001862,S001862,D008,2026-04-10,Morning,12,2,10,16.67,Available,Warangal
SL001863,S001863,D008,2026-04-12,Full Day,43,0,43,0.0,Available,Warangal
SL001864,S001864,D008,2026-04-13,Afternoon,24,3,21,12.5,Available,Warangal
SL001865,S001865,D008,2026-04-14,Full Day,29,0,29,0.0,Available,Warangal
SL001866,S001866,D008,2026-04-15,Morning,12,1,11,8.33,Available,Warangal
SL001867,S001867,D008,2026-04-16,Afternoon,14,1,13,7.14,Available,Warangal
SL001868,S001868,D008,2026-04-17,Afternoon,28,1,27,3.57,Available,Warangal
SL001869,S001869,D008,2026-04-19,Full Day,47,3,44,6.38,Available,Warangal
SL001870,S001870,D008,2026-04-20,Full Day,46,3,43,6.52,Available,Warangal
SL001871,S001871,D008,2026-04-21,Full Day,37,0,37,0.0,Available,Warangal
SL001872,S001872,D008,2026-04-22,Morning,28,1,27,3.57,Available,Warangal
SL001873,S001873,D008,2026-04-23,Full Day,47,1,46,2.13,Available,Warangal
SL001874,S001874,D008,2026-04-24,Full Day,41,3,38,7.32,Available,Warangal
SL001875,S001875,D008,2026-04-25,Afternoon,27,2,25,7.41,Available,Warangal
SL001876,S001876,D008,2026-04-26,Afternoon,20,2,18,10.0,Available,Warangal
SL001877,S001877,D008,2026-04-28,Morning,17,2,15,11.76,Available,Warangal
SL001878,S001878,D008,2026-04-29,Morning,23,0,23,0.0,Available,Warangal
SL001879,S001879,D008,2026-04-30,Afternoon,23,2,21,8.7,Available,Warangal
SL001880,S001880,D008,2026-05-01,Morning,25,1,24,4.0,Available,Warangal
SL001881,S001881,D008,2026-05-03,Morning,21,0,21,0.0,Available,Warangal
SL001882,S001882,D008,2026-05-04,Full Day,28,4,24,14.29,Available,Warangal
SL001883,S001883,D008,2026-05-05,Afternoon,28,1,27,3.57,Available,Warangal
SL001884,S001884,D008,2026-05-07,Afternoon,23,0,23,0.0,Available,Warangal
SL001885,S001885,D008,2026-05-08,Morning,26,3,23,11.54,Available,Warangal
SL001886,S001886,D008,2026-05-10,Morning,17,1,16,5.88,Available,Warangal
SL001887,S001887,D008,2026-05-11,Full Day,35,0,35,0.0,Available,Warangal
SL001888,S001888,D008,2026-05-12,Afternoon,29,3,26,10.34,Available,Warangal
SL001889,S001889,D008,2026-05-13,Full Day,45,0,45,0.0,Available,Warangal
SL001890,S001890,D008,2026-05-14,Morning,19,1,18,5.26,Available,Warangal
SL001891,S001891,D008,2026-05-15,Morning,14,1,13,7.14,Available,Warangal
SL001892,S001892,D008,2026-05-18,Afternoon,12,0,12,0.0,Available,Warangal
SL001893,S001893,D008,2026-05-19,Full Day,45,1,44,2.22,Available,Warangal
SL001894,S001894,D008,2026-05-20,Afternoon,26,1,25,3.85,Available,Warangal
SL001895,S001895,D008,2026-05-21,Morning,19,1,18,5.26,Available,Warangal
SL001896,S001896,D008,2026-05-22,Afternoon,20,3,17,15.0,Available,Warangal
SL001897,S001897,D008,2026-05-23,Morning,21,1,20,4.76,Available,Warangal
SL001898,S001898,D008,2026-05-24,Full Day,43,0,43,0.0,Available,Warangal
SL001899,S001899,D008,2026-05-25,Afternoon,29,1,28,3.45,Available,Warangal
SL001900,S001900,D008,2026-05-26,Full Day,42,2,40,4.76,Available,Warangal
SL001901,S001901,D008,2026-05-27,Full Day,27,2,25,7.41,Available,Warangal
SL001902,S001902,D008,2026-05-29,Full Day,47,1,46,2.13,Available,Warangal
SL001903,S001903,D008,2026-05-31,Full Day,31,2,29,6.45,Available,Warangal
SL001904,S001904,D008,2026-06-01,Afternoon,19,1,18,5.26,Available,Warangal
SL001905,S001905,D008,2026-06-03,Full Day,34,1,33,2.94,Available,Warangal
SL001906,S001906,D008,2026-06-04,Full Day,50,0,50,0.0,Available,Warangal
SL001907,S001907,D008,2026-06-05,Afternoon,30,2,28,6.67,Available,Warangal
SL001908,S001908,D008,2026-06-08,Afternoon,16,5,11,31.25,Available,Warangal
SL001909,S001909,D008,2026-06-09,Full Day,47,1,46,2.13,Available,Warangal
SL001910,S001910,D008,2026-06-10,Afternoon,26,2,24,7.69,Available,Warangal
SL001911,S001911,D008,2026-06-11,Full Day,49,2,47,4.08,Available,Warangal
SL001912,S001912,D008,2026-06-15,Morning,16,1,15,6.25,Available,Warangal
SL001913,S001913,D008,2026-06-16,Morning,17,1,16,5.88,Available,Warangal
SL001914,S001914,D008,2026-06-17,Afternoon,17,3,14,17.65,Available,Warangal
SL001915,S001915,D008,2026-06-18,Morning,30,3,27,10.0,Available,Warangal
SL001916,S001916,D008,2026-06-19,Morning,24,0,24,0.0,Available,Warangal
SL001917,S001917,D008,2026-06-20,Afternoon,17,1,16,5.88,Available,Warangal
SL001918,S001918,D008,2026-06-22,Morning,18,2,16,11.11,Available,Warangal
SL001919,S001919,D008,2026-06-23,Full Day,34,0,34,0.0,Available,Warangal
SL001920,S001920,D008,2026-06-24,Afternoon,26,0,26,0.0,Available,Warangal
SL001921,S001921,D008,2026-06-25,Morning,16,3,13,18.75,Available,Warangal
SL001922,S001922,D008,2026-06-26,Morning,14,0,14,0.0,Available,Warangal
SL001923,S001923,D008,2026-06-30,Full Day,40,0,40,0.0,Available,Warangal
SL001924,S001924,D008,2026-07-01,Full Day,30,0,30,0.0,Available,Warangal
SL001925,S001925,D008,2026-07-02,Afternoon,15,1,14,6.67,Available,Warangal
SL001926,S001926,D008,2026-07-03,Full Day,26,3,23,11.54,Available,Warangal
SL001927,S001927,D008,2026-07-04,Morning,19,1,18,5.26,Available,Warangal
SL001928,S001928,D008,2026-07-06,Afternoon,13,2,11,15.38,Available,Warangal
SL001929,S001929,D008,2026-07-07,Afternoon,23,0,23,0.0,Available,Warangal
SL001930,S001930,D008,2026-07-08,Afternoon,25,1,24,4.0,Available,Warangal
SL001931,S001931,D008,2026-07-09,Afternoon,13,1,12,7.69,Available,Warangal
SL001932,S001932,D008,2026-07-10,Morning,15,4,11,26.67,Available,Warangal
SL001933,S001933,D008,2026-07-12,Full Day,42,3,39,7.14,Available,Warangal
SL001934,S001934,D008,2026-07-13,Full Day,48,1,47,2.08,Available,Warangal
SL001935,S001935,D008,2026-07-14,Afternoon,27,0,27,0.0,Available,Warangal
SL001936,S001936,D008,2026-07-15,Afternoon,27,0,27,0.0,Available,Warangal
SL001937,S001937,D008,2026-07-16,Afternoon,14,3,11,21.43,Available,Warangal
SL001938,S001938,D008,2026-07-17,Morning,20,0,20,0.0,Available,Warangal
SL001939,S001939,D008,2026-07-20,Afternoon,16,2,14,12.5,Available,Warangal
SL001940,S001940,D008,2026-07-21,Full Day,35,3,32,8.57,Available,Warangal
SL001941,S001941,D008,2026-07-22,Afternoon,22,1,21,4.55,Available,Warangal
SL001942,S001942,D008,2026-07-23,Morning,13,0,13,0.0,Available,Warangal
SL001943,S001943,D008,2026-07-24,Afternoon,12,1,11,8.33,Available,Warangal
SL001944,S001944,D008,2026-07-26,Morning,18,2,16,11.11,Available,Warangal
SL001945,S001945,D008,2026-07-27,Afternoon,29,2,27,6.9,Available,Warangal
SL001946,S001946,D008,2026-07-28,Full Day,47,0,47,0.0,Available,Warangal
SL001947,S001947,D008,2026-07-29,Full Day,32,2,30,6.25,Available,Warangal
SL001948,S001948,D008,2026-07-30,Full Day,25,1,24,4.0,Available,Warangal
SL001949,S001949,D008,2026-07-31,Afternoon,21,2,19,9.52,Available,Warangal
SL001950,S001950,D008,2026-08-02,Full Day,32,1,31,3.12,Available,Warangal
SL001951,S001951,D008,2026-08-04,Morning,23,2,21,8.7,Available,Warangal
SL001952,S001952,D008,2026-08-05,Afternoon,15,1,14,6.67,Available,Warangal
SL001953,S001953,D008,2026-08-06,Afternoon,24,0,24,0.0,Available,Warangal
SL001954,S001954,D008,2026-08-07,Full Day,50,1,49,2.0,Available,Warangal
SL001955,S001955,D008,2026-08-08,Full Day,30,0,30,0.0,Available,Warangal
SL001956,S001956,D008,2026-08-11,Afternoon,28,3,25,10.71,Available,Warangal
SL001957,S001957,D008,2026-08-12,Afternoon,15,2,13,13.33,Available,Warangal
SL001958,S001958,D008,2026-08-13,Full Day,26,0,26,0.0,Available,Warangal
SL001959,S001959,D008,2026-08-14,Full Day,44,2,42,4.55,Available,Warangal
SL001960,S001960,D008,2026-08-16,Full Day,39,3,36,7.69,Available,Warangal
SL001961,S001961,D008,2026-08-17,Full Day,38,4,34,10.53,Available,Warangal
SL001962,S001962,D008,2026-08-18,Full Day,46,1,45,2.17,Available,Warangal
SL001963,S001963,D008,2026-08-19,Morning,25,0,25,0.0,Available,Warangal
SL001964,S001964,D008,2026-08-20,Morning,14,0,14,0.0,Available,Warangal
SL001965,S001965,D008,2026-08-23,Morning,14,0,14,0.0,Available,Warangal
SL001966,S001966,D008,2026-08-24,Afternoon,26,0,26,0.0,Available,Warangal
SL001967,S001967,D008,2026-08-25,Afternoon,12,1,11,8.33,Available,Warangal
SL001968,S001968,D008,2026-08-26,Full Day,31,1,30,3.23,Available,Warangal
SL001969,S001969,D008,2026-08-28,Morning,14,3,11,21.43,Available,Warangal
SL001970,S001970,D008,2026-08-29,Afternoon,21,3,18,14.29,Available,Warangal
SL001971,S001971,D008,2026-08-31,Afternoon,19,2,17,10.53,Available,Warangal
SL001972,S001972,D008,2026-09-01,Full Day,31,0,31,0.0,Available,Warangal
SL001973,S001973,D008,2026-09-02,Morning,20,1,19,5.0,Available,Warangal
SL001974,S001974,D008,2026-09-03,Afternoon,29,1,28,3.45,Available,Warangal
SL001975,S001975,D008,2026-09-07,Afternoon,19,1,18,5.26,Available,Warangal
SL001976,S001976,D008,2026-09-08,Afternoon,12,2,10,16.67,Available,Warangal
SL001977,S001977,D008,2026-09-11,Full Day,37,1,36,2.7,Available,Warangal
SL001978,S001978,D008,2026-09-14,Full Day,39,3,36,7.69,Available,Warangal
SL001979,S001979,D008,2026-09-15,Afternoon,27,0,27,0.0,Available,Warangal
SL001980,S001980,D008,2026-09-16,Morning,15,1,14,6.67,Available,Warangal
SL001981,S001981,D008,2026-09-17,Afternoon,17,1,16,5.88,Available,Warangal
SL001982,S001982,D008,2026-09-18,Morning,21,2,19,9.52,Available,Warangal
SL001983,S001983,D008,2026-09-20,Afternoon,27,1,26,3.7,Available,Warangal
SL001984,S001984,D008,2026-09-21,Full Day,43,0,43,0.0,Available,Warangal
SL001985,S001985,D008,2026-09-22,Morning,24,1,23,4.17,Available,Warangal
SL001986,S001986,D008,2026-09-23,Full Day,26,4,22,15.38,Available,Warangal
SL001987,S001987,D008,2026-09-24,Afternoon,22,4,18,18.18,Available,Warangal
SL001988,S001988,D008,2026-09-25,Full Day,49,2,47,4.08,Available,Warangal
SL001989,S001989,D008,2026-09-26,Full Day,29,2,27,6.9,Available,Warangal
SL001990,S001990,D008,2026-09-28,Full Day,38,1,37,2.63,Available,Warangal
SL001991,S001991,D008,2026-09-29,Morning,28,2,26,7.14,Available,Warangal
SL001992,S001992,D008,2026-10-02,Morning,28,2,26,7.14,Available,Warangal
SL001993,S001993,D008,2026-10-06,Afternoon,26,0,26,0.0,Available,Warangal
SL001994,S001994,D008,2026-10-07,Afternoon,27,2,25,7.41,Available,Warangal
SL001995,S001995,D008,2026-10-09,Morning,16,2,14,12.5,Available,Warangal
SL001996,S001996,D008,2026-10-12,Morning,18,1,17,5.56,Available,Warangal
SL001997,S001997,D008,2026-10-13,Full Day,44,5,39,11.36,Available,Warangal
SL001998,S001998,D008,2026-10-14,Afternoon,25,2,23,8.0,Available,Warangal
SL001999,S001999,D008,2026-10-16,Morning,20,3,17,15.0,Available,Warangal
SL002000,S002000,D008,2026-10-18,Afternoon,20,1,19,5.0,Available,Warangal
SL002001,S002001,D008,2026-10-19,Full Day,41,1,40,2.44,Available,Warangal
SL002002,S002002,D008,2026-10-20,Morning,21,1,20,4.76,Available,Warangal
SL002003,S002003,D008,2026-10-21,Full Day,48,0,48,0.0,Available,Warangal
SL002004,S002004,D008,2026-10-22,Afternoon,14,2,12,14.29,Available,Warangal
SL002005,S002005,D008,2026-10-23,Morning,17,0,17,0.0,Available,Warangal
SL002006,S002006,D008,2026-10-25,Full Day,34,2,32,5.88,Available,Warangal
SL002007,S002007,D008,2026-10-26,Afternoon,28,0,28,0.0,Available,Warangal
SL002008,S002008,D008,2026-10-27,Full Day,41,2,39,4.88,Available,Warangal
SL002009,S002009,D008,2026-10-28,Morning,25,0,25,0.0,Available,Warangal
SL002010,S002010,D008,2026-10-29,Afternoon,16,1,15,6.25,Available,Warangal
SL002011,S002011,D008,2026-10-30,Morning,27,2,25,7.41,Available,Warangal
SL002012,S002012,D008,2026-10-31,Morning,18,3,15,16.67,Available,Warangal
SL002013,S002013,D008,2026-11-02,Morning,26,1,25,3.85,Available,Warangal
SL002014,S002014,D008,2026-11-05,Morning,29,1,28,3.45,Available,Warangal
SL002015,S002015,D008,2026-11-06,Morning,19,3,16,15.79,Available,Warangal
SL002016,S002016,D008,2026-11-08,Morning,15,1,14,6.67,Available,Warangal
SL002017,S002017,D008,2026-11-09,Full Day,43,1,42,2.33,Available,Warangal
SL002018,S002018,D008,2026-11-10,Afternoon,25,2,23,8.0,Available,Warangal
SL002019,S002019,D008,2026-11-12,Morning,20,0,20,0.0,Available,Warangal
SL002020,S002020,D008,2026-11-13,Afternoon,14,1,13,7.14,Available,Warangal
SL002021,S002021,D008,2026-11-14,Afternoon,15,0,15,0.0,Available,Warangal
SL002022,S002022,D008,2026-11-15,Full Day,30,1,29,3.33,Available,Warangal
SL002023,S002023,D008,2026-11-16,Morning,16,0,16,0.0,Available,Warangal
SL002024,S002024,D008,2026-11-17,Full Day,32,1,31,3.12,Available,Warangal
SL002025,S002025,D008,2026-11-19,Morning,13,0,13,0.0,Available,Warangal
SL002026,S002026,D008,2026-11-20,Morning,25,0,25,0.0,Available,Warangal
SL002027,S002027,D008,2026-11-21,Morning,28,1,27,3.57,Available,Warangal
SL002028,S002028,D008,2026-11-23,Morning,21,1,20,4.76,Available,Warangal
SL002029,S002029,D008,2026-11-24,Morning,28,1,27,3.57,Available,Warangal
SL002030,S002030,D008,2026-11-25,Afternoon,25,0,25,0.0,Available,Warangal
SL002031,S002031,D008,2026-11-26,Morning,22,1,21,4.55,Available,Warangal
SL002032,S002032,D008,2026-11-27,Morning,27,1,26,3.7,Available,Warangal
SL002033,S002033,D008,2026-11-28,Morning,30,3,27,10.0,Available,Warangal
SL002034,S002034,D008,2026-11-29,Afternoon,24,2,22,8.33,Available,Warangal
SL002035,S002035,D008,2026-11-30,Afternoon,21,0,21,0.0,Available,Warangal
SL002036,S002036,D008,2026-12-01,Afternoon,15,2,13,13.33,Available,Warangal
SL002037,S002037,D008,2026-12-02,Afternoon,20,0,20,0.0,Available,Warangal
SL002038,S002038,D008,2026-12-03,Full Day,32,2,30,6.25,Available,Warangal
SL002039,S002039,D008,2026-12-04,Morning,19,4,15,21.05,Available,Warangal
SL002040,S002040,D008,2026-12-05,Morning,24,1,23,4.17,Available,Warangal
SL002041,S002041,D008,2026-12-07,Afternoon,16,3,13,18.75,Available,Warangal
SL002042,S002042,D008,2026-12-08,Afternoon,19,4,15,21.05,Available,Warangal
SL002043,S002043,D008,2026-12-09,Afternoon,19,1,18,5.26,Available,Warangal
SL002044,S002044,D008,2026-12-10,Afternoon,28,2,26,7.14,Available,Warangal
SL002045,S002045,D008,2026-12-11,Afternoon,13,3,10,23.08,Available,Warangal
SL002046,S002046,D008,2026-12-12,Full Day,44,0,44,0.0,Available,Warangal
SL002047,S002047,D008,2026-12-13,Morning,16,2,14,12.5,Available,Warangal
SL002048,S002048,D008,2026-12-16,Morning,16,1,15,6.25,Available,Warangal
SL002049,S002049,D008,2026-12-17,Full Day,44,3,41,6.82,Available,Warangal
SL002050,S002050,D008,2026-12-18,Afternoon,27,1,26,3.7,Available,Warangal
SL002051,S002051,D008,2026-12-21,Full Day,28,1,27,3.57,Available,Warangal
SL002052,S002052,D008,2026-12-22,Afternoon,28,3,25,10.71,Available,Warangal
SL002053,S002053,D008,2026-12-23,Afternoon,28,2,26,7.14,Available,Warangal
SL002054,S002054,D008,2026-12-24,Full Day,29,2,27,6.9,Available,Warangal
SL002055,S002055,D008,2026-12-25,Afternoon,21,1,20,4.76,Available,Warangal
SL002056,S002056,D008,2026-12-26,Afternoon,28,1,27,3.57,Available,Warangal
SL002057,S002057,D008,2026-12-27,Afternoon,27,3,24,11.11,Available,Warangal
SL002058,S002058,D008,2026-12-28,Afternoon,13,0,13,0.0,Available,Warangal
SL002059,S002059,D008,2026-12-29,Morning,17,1,16,5.88,Available,Warangal
SL002060,S002060,D008,2026-12-30,Full Day,36,1,35,2.78,Available,Warangal
SL002061,S002061,D008,2026-12-31,Afternoon,29,2,27,6.9,Available,Warangal
SL002062,S002062,D009,2026-01-01,Full Day,36,2,34,5.56,Available,Hyderabad
SL002063,S002063,D009,2026-01-05,Morning,13,2,11,15.38,Available,Hyderabad
SL002064,S002064,D009,2026-01-06,Full Day,36,0,36,0.0,Available,Hyderabad
SL002065,S002065,D009,2026-01-07,Full Day,50,2,48,4.0,Available,Hyderabad
SL002066,S002066,D009,2026-01-08,Morning,12,2,10,16.67,Available,Hyderabad
SL002067,S002067,D009,2026-01-09,Morning,16,2,14,12.5,Available,Hyderabad
SL002068,S002068,D009,2026-01-13,Full Day,28,0,28,0.0,Available,Hyderabad
SL002069,S002069,D009,2026-01-14,Afternoon,21,2,19,9.52,Available,Hyderabad
SL002070,S002070,D009,2026-01-15,Full Day,39,0,39,0.0,Available,Hyderabad
SL002071,S002071,D009,2026-01-16,Afternoon,19,2,17,10.53,Available,Hyderabad
SL002072,S002072,D009,2026-01-18,Afternoon,25,1,24,4.0,Available,Hyderabad
SL002073,S002073,D009,2026-01-20,Full Day,33,0,33,0.0,Available,Hyderabad
SL002074,S002074,D009,2026-01-21,Full Day,29,1,28,3.45,Available,Hyderabad
SL002075,S002075,D009,2026-01-23,Morning,18,2,16,11.11,Available,Hyderabad
SL002076,S002076,D009,2026-01-26,Morning,18,1,17,5.56,Available,Hyderabad
SL002077,S002077,D009,2026-01-27,Full Day,37,2,35,5.41,Available,Hyderabad
SL002078,S002078,D009,2026-01-28,Full Day,47,1,46,2.13,Available,Hyderabad
SL002079,S002079,D009,2026-01-29,Afternoon,12,1,11,8.33,Available,Hyderabad
SL002080,S002080,D009,2026-01-30,Full Day,29,3,26,10.34,Available,Hyderabad
SL002081,S002081,D009,2026-01-31,Full Day,45,1,44,2.22,Available,Hyderabad
SL002082,S002082,D009,2026-02-02,Afternoon,27,3,24,11.11,Available,Hyderabad
SL002083,S002083,D009,2026-02-03,Morning,25,1,24,4.0,Available,Hyderabad
SL002084,S002084,D009,2026-02-04,Full Day,49,0,49,0.0,Available,Hyderabad
SL002085,S002085,D009,2026-02-05,Afternoon,15,2,13,13.33,Available,Hyderabad
SL002086,S002086,D009,2026-02-06,Morning,25,1,24,4.0,Available,Hyderabad
SL002087,S002087,D009,2026-02-08,Afternoon,25,2,23,8.0,Available,Hyderabad
SL002088,S002088,D009,2026-02-09,Morning,25,0,25,0.0,Available,Hyderabad
SL002089,S002089,D009,2026-02-10,Afternoon,20,0,20,0.0,Available,Hyderabad
SL002090,S002090,D009,2026-02-12,Morning,18,1,17,5.56,Available,Hyderabad
SL002091,S002091,D009,2026-02-13,Afternoon,23,1,22,4.35,Available,Hyderabad
SL002092,S002092,D009,2026-02-17,Morning,20,1,19,5.0,Available,Hyderabad
SL002093,S002093,D009,2026-02-18,Morning,13,1,12,7.69,Available,Hyderabad
SL002094,S002094,D009,2026-02-19,Afternoon,18,1,17,5.56,Available,Hyderabad
SL002095,S002095,D009,2026-02-20,Afternoon,30,0,30,0.0,Available,Hyderabad
SL002096,S002096,D009,2026-02-21,Morning,13,1,12,7.69,Available,Hyderabad
SL002097,S002097,D009,2026-02-25,Full Day,34,3,31,8.82,Available,Hyderabad
SL002098,S002098,D009,2026-02-26,Full Day,33,1,32,3.03,Available,Hyderabad
SL002099,S002099,D009,2026-02-27,Morning,15,0,15,0.0,Available,Hyderabad
SL002100,S002100,D009,2026-02-28,Afternoon,23,1,22,4.35,Available,Hyderabad
SL002101,S002101,D009,2026-03-02,Morning,21,1,20,4.76,Available,Hyderabad
SL002102,S002102,D009,2026-03-04,Full Day,35,2,33,5.71,Available,Hyderabad
SL002103,S002103,D009,2026-03-05,Full Day,42,1,41,2.38,Available,Hyderabad
SL002104,S002104,D009,2026-03-06,Morning,27,2,25,7.41,Available,Hyderabad
SL002105,S002105,D009,2026-03-07,Full Day,50,1,49,2.0,Available,Hyderabad
SL002106,S002106,D009,2026-03-09,Afternoon,30,4,26,13.33,Available,Hyderabad
SL002107,S002107,D009,2026-03-11,Morning,29,2,27,6.9,Available,Hyderabad
SL002108,S002108,D009,2026-03-12,Full Day,47,0,47,0.0,Available,Hyderabad
SL002109,S002109,D009,2026-03-13,Afternoon,30,1,29,3.33,Available,Hyderabad
SL002110,S002110,D009,2026-03-14,Afternoon,25,1,24,4.0,Available,Hyderabad
SL002111,S002111,D009,2026-03-16,Afternoon,18,0,18,0.0,Available,Hyderabad
SL002112,S002112,D009,2026-03-18,Morning,17,0,17,0.0,Available,Hyderabad
SL002113,S002113,D009,2026-03-20,Morning,30,1,29,3.33,Available,Hyderabad
SL002114,S002114,D009,2026-03-23,Morning,14,2,12,14.29,Available,Hyderabad
SL002115,S002115,D009,2026-03-25,Afternoon,26,0,26,0.0,Available,Hyderabad
SL002116,S002116,D009,2026-03-26,Full Day,38,0,38,0.0,Available,Hyderabad
SL002117,S002117,D009,2026-03-27,Morning,13,1,12,7.69,Available,Hyderabad
SL002118,S002118,D009,2026-03-29,Morning,17,1,16,5.88,Available,Hyderabad
SL002119,S002119,D009,2026-03-30,Afternoon,12,2,10,16.67,Available,Hyderabad
SL002120,S002120,D009,2026-03-31,Afternoon,22,0,22,0.0,Available,Hyderabad
SL002121,S002121,D009,2026-04-01,Afternoon,21,4,17,19.05,Available,Hyderabad
SL002122,S002122,D009,2026-04-03,Morning,17,2,15,11.76,Available,Hyderabad
SL002123,S002123,D009,2026-04-05,Morning,14,2,12,14.29,Available,Hyderabad
SL002124,S002124,D009,2026-04-06,Morning,27,1,26,3.7,Available,Hyderabad
SL002125,S002125,D009,2026-04-07,Full Day,42,0,42,0.0,Available,Hyderabad
SL002126,S002126,D009,2026-04-08,Afternoon,23,2,21,8.7,Available,Hyderabad
SL002127,S002127,D009,2026-04-09,Full Day,45,1,44,2.22,Available,Hyderabad
SL002128,S002128,D009,2026-04-10,Morning,20,0,20,0.0,Available,Hyderabad
SL002129,S002129,D009,2026-04-11,Full Day,28,1,27,3.57,Available,Hyderabad
SL002130,S002130,D009,2026-04-13,Afternoon,19,1,18,5.26,Available,Hyderabad
SL002131,S002131,D009,2026-04-16,Morning,27,2,25,7.41,Available,Hyderabad
SL002132,S002132,D009,2026-04-20,Morning,16,1,15,6.25,Available,Hyderabad
SL002133,S002133,D009,2026-04-21,Morning,17,0,17,0.0,Available,Hyderabad
SL002134,S002134,D009,2026-04-22,Afternoon,13,0,13,0.0,Available,Hyderabad
SL002135,S002135,D009,2026-04-23,Afternoon,23,1,22,4.35,Available,Hyderabad
SL002136,S002136,D009,2026-04-24,Afternoon,25,2,23,8.0,Available,Hyderabad
SL002137,S002137,D009,2026-04-26,Full Day,41,1,40,2.44,Available,Hyderabad
SL002138,S002138,D009,2026-04-27,Afternoon,15,1,14,6.67,Available,Hyderabad
SL002139,S002139,D009,2026-04-28,Full Day,50,0,50,0.0,Available,Hyderabad
SL002140,S002140,D009,2026-04-29,Morning,22,2,20,9.09,Available,Hyderabad
SL002141,S002141,D009,2026-04-30,Morning,15,1,14,6.67,Available,Hyderabad
SL002142,S002142,D009,2026-05-01,Afternoon,23,1,22,4.35,Available,Hyderabad
SL002143,S002143,D009,2026-05-03,Full Day,32,0,32,0.0,Available,Hyderabad
SL002144,S002144,D009,2026-05-04,Full Day,33,3,30,9.09,Available,Hyderabad
SL002145,S002145,D009,2026-05-05,Morning,23,0,23,0.0,Available,Hyderabad
SL002146,S002146,D009,2026-05-06,Morning,24,0,24,0.0,Available,Hyderabad
SL002147,S002147,D009,2026-05-07,Full Day,26,1,25,3.85,Available,Hyderabad
SL002148,S002148,D009,2026-05-11,Full Day,47,1,46,2.13,Available,Hyderabad
SL002149,S002149,D009,2026-05-12,Morning,27,4,23,14.81,Available,Hyderabad
SL002150,S002150,D009,2026-05-13,Full Day,49,0,49,0.0,Available,Hyderabad
SL002151,S002151,D009,2026-05-14,Afternoon,26,1,25,3.85,Available,Hyderabad
SL002152,S002152,D009,2026-05-15,Afternoon,17,3,14,17.65,Available,Hyderabad
SL002153,S002153,D009,2026-05-17,Afternoon,26,1,25,3.85,Available,Hyderabad
SL002154,S002154,D009,2026-05-19,Full Day,35,3,32,8.57,Available,Hyderabad
SL002155,S002155,D009,2026-05-20,Full Day,26,0,26,0.0,Available,Hyderabad
SL002156,S002156,D009,2026-05-21,Morning,20,2,18,10.0,Available,Hyderabad
SL002157,S002157,D009,2026-05-22,Full Day,38,7,31,18.42,Available,Hyderabad
SL002158,S002158,D009,2026-05-24,Morning,17,0,17,0.0,Available,Hyderabad
SL002159,S002159,D009,2026-05-25,Morning,29,5,24,17.24,Available,Hyderabad
SL002160,S002160,D009,2026-05-27,Morning,27,3,24,11.11,Available,Hyderabad
SL002161,S002161,D009,2026-05-28,Morning,25,2,23,8.0,Available,Hyderabad
SL002162,S002162,D009,2026-05-29,Morning,25,2,23,8.0,Available,Hyderabad
SL002163,S002163,D009,2026-05-30,Morning,25,1,24,4.0,Available,Hyderabad
SL002164,S002164,D009,2026-06-01,Full Day,37,1,36,2.7,Available,Hyderabad
SL002165,S002165,D009,2026-06-02,Morning,26,0,26,0.0,Available,Hyderabad
SL002166,S002166,D009,2026-06-03,Full Day,26,1,25,3.85,Available,Hyderabad
SL002167,S002167,D009,2026-06-04,Afternoon,24,1,23,4.17,Available,Hyderabad
SL002168,S002168,D009,2026-06-05,Morning,21,0,21,0.0,Available,Hyderabad
SL002169,S002169,D009,2026-06-09,Morning,13,0,13,0.0,Available,Hyderabad
SL002170,S002170,D009,2026-06-10,Morning,12,4,8,33.33,Available,Hyderabad
SL002171,S002171,D009,2026-06-11,Morning,29,1,28,3.45,Available,Hyderabad
SL002172,S002172,D009,2026-06-12,Full Day,40,1,39,2.5,Available,Hyderabad
SL002173,S002173,D009,2026-06-15,Full Day,26,3,23,11.54,Available,Hyderabad
SL002174,S002174,D009,2026-06-17,Afternoon,16,1,15,6.25,Available,Hyderabad
SL002175,S002175,D009,2026-06-18,Morning,23,1,22,4.35,Available,Hyderabad
SL002176,S002176,D009,2026-06-19,Afternoon,15,1,14,6.67,Available,Hyderabad
SL002177,S002177,D009,2026-06-21,Morning,22,2,20,9.09,Available,Hyderabad
SL002178,S002178,D009,2026-06-23,Afternoon,30,0,30,0.0,Available,Hyderabad
SL002179,S002179,D009,2026-06-24,Full Day,30,0,30,0.0,Available,Hyderabad
SL002180,S002180,D009,2026-06-25,Afternoon,29,2,27,6.9,Available,Hyderabad
SL002181,S002181,D009,2026-06-26,Afternoon,28,1,27,3.57,Available,Hyderabad
SL002182,S002182,D009,2026-06-28,Full Day,41,3,38,7.32,Available,Hyderabad
SL002183,S002183,D009,2026-06-29,Morning,13,1,12,7.69,Available,Hyderabad
SL002184,S002184,D009,2026-06-30,Afternoon,24,0,24,0.0,Available,Hyderabad
SL002185,S002185,D009,2026-07-02,Full Day,26,0,26,0.0,Available,Hyderabad
SL002186,S002186,D009,2026-07-03,Full Day,40,1,39,2.5,Available,Hyderabad
SL002187,S002187,D009,2026-07-06,Morning,25,2,23,8.0,Available,Hyderabad
SL002188,S002188,D009,2026-07-07,Afternoon,17,2,15,11.76,Available,Hyderabad
SL002189,S002189,D009,2026-07-08,Full Day,27,2,25,7.41,Available,Hyderabad
SL002190,S002190,D009,2026-07-09,Afternoon,20,0,20,0.0,Available,Hyderabad
SL002191,S002191,D009,2026-07-10,Morning,15,3,12,20.0,Available,Hyderabad
SL002192,S002192,D009,2026-07-13,Morning,20,0,20,0.0,Available,Hyderabad
SL002193,S002193,D009,2026-07-14,Full Day,45,1,44,2.22,Available,Hyderabad
SL002194,S002194,D009,2026-07-15,Morning,25,1,24,4.0,Available,Hyderabad
SL002195,S002195,D009,2026-07-16,Full Day,28,1,27,3.57,Available,Hyderabad
SL002196,S002196,D009,2026-07-17,Morning,20,1,19,5.0,Available,Hyderabad
SL002197,S002197,D009,2026-07-20,Full Day,49,2,47,4.08,Available,Hyderabad
SL002198,S002198,D009,2026-07-21,Morning,14,1,13,7.14,Available,Hyderabad
SL002199,S002199,D009,2026-07-22,Afternoon,28,2,26,7.14,Available,Hyderabad
SL002200,S002200,D009,2026-07-23,Morning,18,0,18,0.0,Available,Hyderabad
SL002201,S002201,D009,2026-07-24,Afternoon,27,1,26,3.7,Available,Hyderabad
SL002202,S002202,D009,2026-07-26,Morning,22,0,22,0.0,Available,Hyderabad
SL002203,S002203,D009,2026-07-28,Morning,12,1,11,8.33,Available,Hyderabad
SL002204,S002204,D009,2026-07-29,Morning,13,2,11,15.38,Available,Hyderabad
SL002205,S002205,D009,2026-07-30,Afternoon,22,3,19,13.64,Available,Hyderabad
SL002206,S002206,D009,2026-07-31,Full Day,34,1,33,2.94,Available,Hyderabad
SL002207,S002207,D009,2026-08-03,Full Day,50,1,49,2.0,Available,Hyderabad
SL002208,S002208,D009,2026-08-05,Morning,19,1,18,5.26,Available,Hyderabad
SL002209,S002209,D009,2026-08-06,Afternoon,17,1,16,5.88,Available,Hyderabad
SL002210,S002210,D009,2026-08-07,Morning,12,1,11,8.33,Available,Hyderabad
SL002211,S002211,D009,2026-08-09,Morning,14,0,14,0.0,Available,Hyderabad
SL002212,S002212,D009,2026-08-10,Afternoon,19,2,17,10.53,Available,Hyderabad
SL002213,S002213,D009,2026-08-11,Full Day,36,2,34,5.56,Available,Hyderabad
SL002214,S002214,D009,2026-08-12,Morning,25,0,25,0.0,Available,Hyderabad
SL002215,S002215,D009,2026-08-13,Morning,27,1,26,3.7,Available,Hyderabad
SL002216,S002216,D009,2026-08-16,Afternoon,29,0,29,0.0,Available,Hyderabad
SL002217,S002217,D009,2026-08-17,Morning,29,1,28,3.45,Available,Hyderabad
SL002218,S002218,D009,2026-08-18,Full Day,50,3,47,6.0,Available,Hyderabad
SL002219,S002219,D009,2026-08-19,Full Day,43,1,42,2.33,Available,Hyderabad
SL002220,S002220,D009,2026-08-21,Full Day,46,1,45,2.17,Available,Hyderabad
SL002221,S002221,D009,2026-08-22,Morning,28,2,26,7.14,Available,Hyderabad
SL002222,S002222,D009,2026-08-24,Full Day,45,0,45,0.0,Available,Hyderabad
SL002223,S002223,D009,2026-08-26,Morning,22,1,21,4.55,Available,Hyderabad
SL002224,S002224,D009,2026-08-27,Full Day,34,1,33,2.94,Available,Hyderabad
SL002225,S002225,D009,2026-08-28,Full Day,29,1,28,3.45,Available,Hyderabad
SL002226,S002226,D009,2026-08-29,Full Day,38,0,38,0.0,Available,Hyderabad
SL002227,S002227,D009,2026-09-01,Full Day,31,1,30,3.23,Available,Hyderabad
SL002228,S002228,D009,2026-09-03,Afternoon,15,0,15,0.0,Available,Hyderabad
SL002229,S002229,D009,2026-09-04,Full Day,29,0,29,0.0,Available,Hyderabad
SL002230,S002230,D009,2026-09-05,Morning,24,1,23,4.17,Available,Hyderabad
SL002231,S002231,D009,2026-09-07,Morning,18,3,15,16.67,Available,Hyderabad
SL002232,S002232,D009,2026-09-08,Afternoon,28,0,28,0.0,Available,Hyderabad
SL002233,S002233,D009,2026-09-10,Morning,12,0,12,0.0,Available,Hyderabad
SL002234,S002234,D009,2026-09-11,Full Day,25,0,25,0.0,Available,Hyderabad
SL002235,S002235,D009,2026-09-14,Afternoon,22,2,20,9.09,Available,Hyderabad
SL002236,S002236,D009,2026-09-15,Full Day,32,1,31,3.12,Available,Hyderabad
SL002237,S002237,D009,2026-09-16,Afternoon,21,0,21,0.0,Available,Hyderabad
SL002238,S002238,D009,2026-09-21,Afternoon,13,2,11,15.38,Available,Hyderabad
SL002239,S002239,D009,2026-09-22,Full Day,43,1,42,2.33,Available,Hyderabad
SL002240,S002240,D009,2026-09-23,Afternoon,12,0,12,0.0,Available,Hyderabad
SL002241,S002241,D009,2026-09-24,Full Day,34,2,32,5.88,Available,Hyderabad
SL002242,S002242,D009,2026-09-25,Morning,19,2,17,10.53,Available,Hyderabad
SL002243,S002243,D009,2026-09-26,Full Day,49,2,47,4.08,Available,Hyderabad
SL002244,S002244,D009,2026-09-28,Morning,12,2,10,16.67,Available,Hyderabad
SL002245,S002245,D009,2026-09-29,Morning,17,2,15,11.76,Available,Hyderabad
SL002246,S002246,D009,2026-09-30,Afternoon,14,0,14,0.0,Available,Hyderabad
SL002247,S002247,D009,2026-10-01,Full Day,50,1,49,2.0,Available,Hyderabad
SL002248,S002248,D009,2026-10-02,Morning,14,1,13,7.14,Available,Hyderabad
SL002249,S002249,D009,2026-10-05,Full Day,46,0,46,0.0,Available,Hyderabad
SL002250,S002250,D009,2026-10-07,Full Day,42,0,42,0.0,Available,Hyderabad
SL002251,S002251,D009,2026-10-08,Full Day,25,1,24,4.0,Available,Hyderabad
SL002252,S002252,D009,2026-10-09,Morning,26,0,26,0.0,Available,Hyderabad
SL002253,S002253,D009,2026-10-10,Full Day,31,0,31,0.0,Available,Hyderabad
SL002254,S002254,D009,2026-10-12,Afternoon,17,3,14,17.65,Available,Hyderabad
SL002255,S002255,D009,2026-10-13,Afternoon,30,0,30,0.0,Available,Hyderabad
SL002256,S002256,D009,2026-10-14,Afternoon,21,2,19,9.52,Available,Hyderabad
SL002257,S002257,D009,2026-10-15,Morning,14,2,12,14.29,Available,Hyderabad
SL002258,S002258,D009,2026-10-16,Afternoon,16,2,14,12.5,Available,Hyderabad
SL002259,S002259,D009,2026-10-19,Afternoon,17,2,15,11.76,Available,Hyderabad
SL002260,S002260,D009,2026-10-20,Full Day,38,3,35,7.89,Available,Hyderabad
SL002261,S002261,D009,2026-10-21,Morning,21,0,21,0.0,Available,Hyderabad
SL002262,S002262,D009,2026-10-22,Afternoon,20,3,17,15.0,Available,Hyderabad
SL002263,S002263,D009,2026-10-23,Morning,24,2,22,8.33,Available,Hyderabad
SL002264,S002264,D009,2026-10-24,Afternoon,16,1,15,6.25,Available,Hyderabad
SL002265,S002265,D009,2026-10-25,Afternoon,16,0,16,0.0,Available,Hyderabad
SL002266,S002266,D009,2026-10-26,Afternoon,18,3,15,16.67,Available,Hyderabad
SL002267,S002267,D009,2026-10-27,Full Day,39,0,39,0.0,Available,Hyderabad
SL002268,S002268,D009,2026-10-28,Afternoon,29,1,28,3.45,Available,Hyderabad
SL002269,S002269,D009,2026-10-29,Morning,30,0,30,0.0,Available,Hyderabad
SL002270,S002270,D009,2026-10-30,Full Day,42,1,41,2.38,Available,Hyderabad
SL002271,S002271,D009,2026-11-01,Full Day,46,1,45,2.17,Available,Hyderabad
SL002272,S002272,D009,2026-11-02,Morning,13,0,13,0.0,Available,Hyderabad
SL002273,S002273,D009,2026-11-03,Morning,28,0,28,0.0,Available,Hyderabad
SL002274,S002274,D009,2026-11-04,Afternoon,14,0,14,0.0,Available,Hyderabad
SL002275,S002275,D009,2026-11-05,Afternoon,19,1,18,5.26,Available,Hyderabad
SL002276,S002276,D009,2026-11-06,Morning,30,0,30,0.0,Available,Hyderabad
SL002277,S002277,D009,2026-11-07,Morning,17,2,15,11.76,Available,Hyderabad
SL002278,S002278,D009,2026-11-09,Morning,12,1,11,8.33,Available,Hyderabad
SL002279,S002279,D009,2026-11-10,Full Day,41,2,39,4.88,Available,Hyderabad
SL002280,S002280,D009,2026-11-11,Full Day,36,1,35,2.78,Available,Hyderabad
SL002281,S002281,D009,2026-11-12,Afternoon,24,1,23,4.17,Available,Hyderabad
SL002282,S002282,D009,2026-11-16,Full Day,28,1,27,3.57,Available,Hyderabad
SL002283,S002283,D009,2026-11-17,Morning,15,1,14,6.67,Available,Hyderabad
SL002284,S002284,D009,2026-11-18,Afternoon,14,1,13,7.14,Available,Hyderabad
SL002285,S002285,D009,2026-11-19,Morning,22,1,21,4.55,Available,Hyderabad
SL002286,S002286,D009,2026-11-20,Morning,17,1,16,5.88,Available,Hyderabad
SL002287,S002287,D009,2026-11-21,Morning,21,1,20,4.76,Available,Hyderabad
SL002288,S002288,D009,2026-11-22,Full Day,26,0,26,0.0,Available,Hyderabad
SL002289,S002289,D009,2026-11-23,Morning,14,0,14,0.0,Available,Hyderabad
SL002290,S002290,D009,2026-11-24,Afternoon,15,1,14,6.67,Available,Hyderabad
SL002291,S002291,D009,2026-11-25,Afternoon,28,1,27,3.57,Available,Hyderabad
SL002292,S002292,D009,2026-11-26,Afternoon,28,0,28,0.0,Available,Hyderabad
SL002293,S002293,D009,2026-11-27,Morning,28,1,27,3.57,Available,Hyderabad
SL002294,S002294,D009,2026-11-30,Morning,27,2,25,7.41,Available,Hyderabad
SL002295,S002295,D009,2026-12-01,Morning,14,5,9,35.71,Available,Hyderabad
SL002296,S002296,D009,2026-12-02,Full Day,50,2,48,4.0,Available,Hyderabad
SL002297,S002297,D009,2026-12-03,Afternoon,17,2,15,11.76,Available,Hyderabad
SL002298,S002298,D009,2026-12-04,Afternoon,26,1,25,3.85,Available,Hyderabad
SL002299,S002299,D009,2026-12-05,Morning,30,1,29,3.33,Available,Hyderabad
SL002300,S002300,D009,2026-12-07,Morning,15,0,15,0.0,Available,Hyderabad
SL002301,S002301,D009,2026-12-08,Full Day,39,3,36,7.69,Available,Hyderabad
SL002302,S002302,D009,2026-12-09,Full Day,43,0,43,0.0,Available,Hyderabad
SL002303,S002303,D009,2026-12-10,Afternoon,13,0,13,0.0,Available,Hyderabad
SL002304,S002304,D009,2026-12-11,Full Day,26,0,26,0.0,Available,Hyderabad
SL002305,S002305,D009,2026-12-13,Full Day,40,0,40,0.0,Available,Hyderabad
SL002306,S002306,D009,2026-12-14,Morning,23,1,22,4.35,Available,Hyderabad
SL002307,S002307,D009,2026-12-15,Afternoon,30,1,29,3.33,Available,Hyderabad
SL002308,S002308,D009,2026-12-17,Morning,18,2,16,11.11,Available,Hyderabad
SL002309,S002309,D009,2026-12-18,Morning,22,1,21,4.55,Available,Hyderabad
SL002310,S002310,D009,2026-12-21,Full Day,28,1,27,3.57,Available,Hyderabad
SL002311,S002311,D009,2026-12-22,Full Day,37,0,37,0.0,Available,Hyderabad
SL002312,S002312,D009,2026-12-24,Morning,15,1,14,6.67,Available,Hyderabad
SL002313,S002313,D009,2026-12-25,Morning,14,0,14,0.0,Available,Hyderabad
SL002314,S002314,D009,2026-12-28,Afternoon,26,1,25,3.85,Available,Hyderabad
SL002315,S002315,D009,2026-12-29,Afternoon,25,1,24,4.0,Available,Hyderabad
SL002316,S002316,D009,2026-12-30,Afternoon,25,1,24,4.0,Available,Hyderabad
SL002317,S002317,D009,2026-12-31,Full Day,47,0,47,0.0,Available,Hyderabad
SL002318,S002318,D010,2026-01-02,Full Day,43,0,43,0.0,Available,Hanamkonda
SL002319,S002319,D010,2026-01-04,Morning,30,0,30,0.0,Available,Hanamkonda
SL002320,S002320,D010,2026-01-05,Full Day,48,0,48,0.0,Available,Hanamkonda
SL002321,S002321,D010,2026-01-06,Full Day,41,2,39,4.88,Available,Hanamkonda
SL002322,S002322,D010,2026-01-08,Full Day,43,1,42,2.33,Available,Hanamkonda
SL002323,S002323,D010,2026-01-09,Morning,20,1,19,5.0,Available,Hanamkonda
SL002324,S002324,D010,2026-01-11,Afternoon,16,1,15,6.25,Available,Hanamkonda
SL002325,S002325,D010,2026-01-16,Afternoon,24,4,20,16.67,Available,Hanamkonda
SL002326,S002326,D010,2026-01-18,Full Day,30,1,29,3.33,Available,Hanamkonda
SL002327,S002327,D010,2026-01-19,Full Day,31,2,29,6.45,Available,Hanamkonda
SL002328,S002328,D010,2026-01-20,Afternoon,18,2,16,11.11,Available,Hanamkonda
SL002329,S002329,D010,2026-01-21,Afternoon,14,0,14,0.0,Available,Hanamkonda
SL002330,S002330,D010,2026-01-23,Full Day,43,2,41,4.65,Available,Hanamkonda
SL002331,S002331,D010,2026-01-24,Morning,17,4,13,23.53,Available,Hanamkonda
SL002332,S002332,D010,2026-01-26,Morning,18,2,16,11.11,Available,Hanamkonda
SL002333,S002333,D010,2026-01-27,Full Day,50,1,49,2.0,Available,Hanamkonda
SL002334,S002334,D010,2026-01-28,Full Day,47,0,47,0.0,Available,Hanamkonda
SL002335,S002335,D010,2026-01-29,Full Day,37,3,34,8.11,Available,Hanamkonda
SL002336,S002336,D010,2026-01-31,Afternoon,24,1,23,4.17,Available,Hanamkonda
SL002337,S002337,D010,2026-02-01,Afternoon,12,2,10,16.67,Available,Hanamkonda
SL002338,S002338,D010,2026-02-02,Afternoon,26,0,26,0.0,Available,Hanamkonda
SL002339,S002339,D010,2026-02-03,Full Day,33,1,32,3.03,Available,Hanamkonda
SL002340,S002340,D010,2026-02-04,Full Day,31,2,29,6.45,Available,Hanamkonda
SL002341,S002341,D010,2026-02-05,Afternoon,13,1,12,7.69,Available,Hanamkonda
SL002342,S002342,D010,2026-02-06,Afternoon,26,2,24,7.69,Available,Hanamkonda
SL002343,S002343,D010,2026-02-09,Full Day,46,1,45,2.17,Available,Hanamkonda
SL002344,S002344,D010,2026-02-10,Afternoon,12,2,10,16.67,Available,Hanamkonda
SL002345,S002345,D010,2026-02-11,Full Day,34,0,34,0.0,Available,Hanamkonda
SL002346,S002346,D010,2026-02-12,Afternoon,29,1,28,3.45,Available,Hanamkonda
SL002347,S002347,D010,2026-02-13,Morning,29,1,28,3.45,Available,Hanamkonda
SL002348,S002348,D010,2026-02-14,Afternoon,24,1,23,4.17,Available,Hanamkonda
SL002349,S002349,D010,2026-02-16,Afternoon,12,0,12,0.0,Available,Hanamkonda
SL002350,S002350,D010,2026-02-17,Full Day,33,4,29,12.12,Available,Hanamkonda
SL002351,S002351,D010,2026-02-18,Afternoon,19,1,18,5.26,Available,Hanamkonda
SL002352,S002352,D010,2026-02-19,Afternoon,30,0,30,0.0,Available,Hanamkonda
SL002353,S002353,D010,2026-02-20,Full Day,48,4,44,8.33,Available,Hanamkonda
SL002354,S002354,D010,2026-02-24,Full Day,41,1,40,2.44,Available,Hanamkonda
SL002355,S002355,D010,2026-02-25,Afternoon,29,1,28,3.45,Available,Hanamkonda
SL002356,S002356,D010,2026-02-26,Morning,12,1,11,8.33,Available,Hanamkonda
SL002357,S002357,D010,2026-02-27,Full Day,47,1,46,2.13,Available,Hanamkonda
SL002358,S002358,D010,2026-03-01,Afternoon,26,0,26,0.0,Available,Hanamkonda
SL002359,S002359,D010,2026-03-02,Morning,27,0,27,0.0,Available,Hanamkonda
SL002360,S002360,D010,2026-03-03,Full Day,28,2,26,7.14,Available,Hanamkonda
SL002361,S002361,D010,2026-03-04,Morning,13,1,12,7.69,Available,Hanamkonda
SL002362,S002362,D010,2026-03-05,Full Day,40,2,38,5.0,Available,Hanamkonda
SL002363,S002363,D010,2026-03-06,Afternoon,22,1,21,4.55,Available,Hanamkonda
SL002364,S002364,D010,2026-03-07,Full Day,27,2,25,7.41,Available,Hanamkonda
SL002365,S002365,D010,2026-03-09,Full Day,50,1,49,2.0,Available,Hanamkonda
SL002366,S002366,D010,2026-03-10,Full Day,41,2,39,4.88,Available,Hanamkonda
SL002367,S002367,D010,2026-03-11,Full Day,46,1,45,2.17,Available,Hanamkonda
SL002368,S002368,D010,2026-03-12,Morning,14,2,12,14.29,Available,Hanamkonda
SL002369,S002369,D010,2026-03-13,Afternoon,16,3,13,18.75,Available,Hanamkonda
SL002370,S002370,D010,2026-03-16,Full Day,37,2,35,5.41,Available,Hanamkonda
SL002371,S002371,D010,2026-03-17,Afternoon,16,1,15,6.25,Available,Hanamkonda
SL002372,S002372,D010,2026-03-18,Full Day,47,2,45,4.26,Available,Hanamkonda
SL002373,S002373,D010,2026-03-19,Morning,21,0,21,0.0,Available,Hanamkonda
SL002374,S002374,D010,2026-03-20,Full Day,35,0,35,0.0,Available,Hanamkonda
SL002375,S002375,D010,2026-03-22,Full Day,32,1,31,3.12,Available,Hanamkonda
SL002376,S002376,D010,2026-03-23,Full Day,31,0,31,0.0,Available,Hanamkonda
SL002377,S002377,D010,2026-03-24,Full Day,37,3,34,8.11,Available,Hanamkonda
SL002378,S002378,D010,2026-03-25,Full Day,37,0,37,0.0,Available,Hanamkonda
SL002379,S002379,D010,2026-03-27,Afternoon,28,3,25,10.71,Available,Hanamkonda
SL002380,S002380,D010,2026-03-29,Full Day,50,1,49,2.0,Available,Hanamkonda
SL002381,S002381,D010,2026-03-30,Afternoon,19,1,18,5.26,Available,Hanamkonda
SL002382,S002382,D010,2026-03-31,Full Day,40,4,36,10.0,Available,Hanamkonda
SL002383,S002383,D010,2026-04-01,Full Day,33,3,30,9.09,Available,Hanamkonda
SL002384,S002384,D010,2026-04-02,Morning,27,1,26,3.7,Available,Hanamkonda
SL002385,S002385,D010,2026-04-03,Afternoon,24,2,22,8.33,Available,Hanamkonda
SL002386,S002386,D010,2026-04-06,Full Day,38,2,36,5.26,Available,Hanamkonda
SL002387,S002387,D010,2026-04-07,Afternoon,23,2,21,8.7,Available,Hanamkonda
SL002388,S002388,D010,2026-04-08,Morning,23,2,21,8.7,Available,Hanamkonda
SL002389,S002389,D010,2026-04-09,Afternoon,13,0,13,0.0,Available,Hanamkonda
SL002390,S002390,D010,2026-04-11,Full Day,33,0,33,0.0,Available,Hanamkonda
SL002391,S002391,D010,2026-04-13,Afternoon,29,2,27,6.9,Available,Hanamkonda
SL002392,S002392,D010,2026-04-14,Full Day,43,1,42,2.33,Available,Hanamkonda
SL002393,S002393,D010,2026-04-15,Morning,21,0,21,0.0,Available,Hanamkonda
SL002394,S002394,D010,2026-04-16,Afternoon,27,1,26,3.7,Available,Hanamkonda
SL002395,S002395,D010,2026-04-17,Full Day,43,2,41,4.65,Available,Hanamkonda
SL002396,S002396,D010,2026-04-20,Afternoon,26,2,24,7.69,Available,Hanamkonda
SL002397,S002397,D010,2026-04-21,Afternoon,13,1,12,7.69,Available,Hanamkonda
SL002398,S002398,D010,2026-04-22,Afternoon,29,2,27,6.9,Available,Hanamkonda
SL002399,S002399,D010,2026-04-23,Full Day,26,1,25,3.85,Available,Hanamkonda
SL002400,S002400,D010,2026-04-24,Full Day,42,0,42,0.0,Available,Hanamkonda
SL002401,S002401,D010,2026-04-26,Morning,26,1,25,3.85,Available,Hanamkonda
SL002402,S002402,D010,2026-04-28,Full Day,43,2,41,4.65,Available,Hanamkonda
SL002403,S002403,D010,2026-04-30,Full Day,50,1,49,2.0,Available,Hanamkonda
SL002404,S002404,D010,2026-05-01,Morning,13,2,11,15.38,Available,Hanamkonda
SL002405,S002405,D010,2026-05-03,Morning,28,0,28,0.0,Available,Hanamkonda
SL002406,S002406,D010,2026-05-04,Morning,14,0,14,0.0,Available,Hanamkonda
SL002407,S002407,D010,2026-05-07,Morning,16,0,16,0.0,Available,Hanamkonda
SL002408,S002408,D010,2026-05-08,Full Day,40,0,40,0.0,Available,Hanamkonda
SL002409,S002409,D010,2026-05-09,Morning,20,2,18,10.0,Available,Hanamkonda
SL002410,S002410,D010,2026-05-10,Afternoon,30,2,28,6.67,Available,Hanamkonda
SL002411,S002411,D010,2026-05-11,Morning,27,3,24,11.11,Available,Hanamkonda
SL002412,S002412,D010,2026-05-12,Morning,12,2,10,16.67,Available,Hanamkonda
SL002413,S002413,D010,2026-05-13,Morning,19,0,19,0.0,Available,Hanamkonda
SL002414,S002414,D010,2026-05-16,Full Day,39,0,39,0.0,Available,Hanamkonda
SL002415,S002415,D010,2026-05-18,Morning,29,1,28,3.45,Available,Hanamkonda
SL002416,S002416,D010,2026-05-19,Full Day,25,4,21,16.0,Available,Hanamkonda
SL002417,S002417,D010,2026-05-20,Full Day,44,1,43,2.27,Available,Hanamkonda
SL002418,S002418,D010,2026-05-21,Full Day,35,0,35,0.0,Available,Hanamkonda
SL002419,S002419,D010,2026-05-22,Afternoon,24,1,23,4.17,Available,Hanamkonda
SL002420,S002420,D010,2026-05-23,Afternoon,24,1,23,4.17,Available,Hanamkonda
SL002421,S002421,D010,2026-05-25,Full Day,45,0,45,0.0,Available,Hanamkonda
SL002422,S002422,D010,2026-05-27,Afternoon,12,2,10,16.67,Available,Hanamkonda
SL002423,S002423,D010,2026-05-28,Afternoon,20,1,19,5.0,Available,Hanamkonda
SL002424,S002424,D010,2026-05-29,Full Day,33,0,33,0.0,Available,Hanamkonda
SL002425,S002425,D010,2026-06-01,Afternoon,17,2,15,11.76,Available,Hanamkonda
SL002426,S002426,D010,2026-06-02,Afternoon,15,1,14,6.67,Available,Hanamkonda
SL002427,S002427,D010,2026-06-03,Afternoon,14,2,12,14.29,Available,Hanamkonda
SL002428,S002428,D010,2026-06-04,Morning,24,1,23,4.17,Available,Hanamkonda
SL002429,S002429,D010,2026-06-05,Full Day,34,2,32,5.88,Available,Hanamkonda
SL002430,S002430,D010,2026-06-08,Afternoon,21,2,19,9.52,Available,Hanamkonda
SL002431,S002431,D010,2026-06-09,Afternoon,13,3,10,23.08,Available,Hanamkonda
SL002432,S002432,D010,2026-06-10,Afternoon,20,1,19,5.0,Available,Hanamkonda
SL002433,S002433,D010,2026-06-11,Afternoon,25,1,24,4.0,Available,Hanamkonda
SL002434,S002434,D010,2026-06-12,Full Day,30,3,27,10.0,Available,Hanamkonda
SL002435,S002435,D010,2026-06-13,Afternoon,19,2,17,10.53,Available,Hanamkonda
SL002436,S002436,D010,2026-06-14,Morning,29,2,27,6.9,Available,Hanamkonda
SL002437,S002437,D010,2026-06-15,Morning,25,0,25,0.0,Available,Hanamkonda
SL002438,S002438,D010,2026-06-16,Afternoon,15,1,14,6.67,Available,Hanamkonda
SL002439,S002439,D010,2026-06-17,Full Day,34,1,33,2.94,Available,Hanamkonda
SL002440,S002440,D010,2026-06-19,Full Day,35,0,35,0.0,Available,Hanamkonda
SL002441,S002441,D010,2026-06-22,Afternoon,19,1,18,5.26,Available,Hanamkonda
SL002442,S002442,D010,2026-06-23,Morning,12,0,12,0.0,Available,Hanamkonda
SL002443,S002443,D010,2026-06-24,Full Day,27,1,26,3.7,Available,Hanamkonda
SL002444,S002444,D010,2026-06-25,Full Day,33,2,31,6.06,Available,Hanamkonda
SL002445,S002445,D010,2026-06-26,Full Day,40,2,38,5.0,Available,Hanamkonda
SL002446,S002446,D010,2026-06-27,Full Day,31,1,30,3.23,Available,Hanamkonda
SL002447,S002447,D010,2026-06-29,Full Day,26,1,25,3.85,Available,Hanamkonda
SL002448,S002448,D010,2026-06-30,Morning,24,0,24,0.0,Available,Hanamkonda
SL002449,S002449,D010,2026-07-01,Full Day,37,4,33,10.81,Available,Hanamkonda
SL002450,S002450,D010,2026-07-02,Afternoon,14,2,12,14.29,Available,Hanamkonda
SL002451,S002451,D010,2026-07-03,Afternoon,23,1,22,4.35,Available,Hanamkonda
SL002452,S002452,D010,2026-07-05,Morning,20,1,19,5.0,Available,Hanamkonda
SL002453,S002453,D010,2026-07-06,Afternoon,28,1,27,3.57,Available,Hanamkonda
SL002454,S002454,D010,2026-07-07,Morning,26,0,26,0.0,Available,Hanamkonda
SL002455,S002455,D010,2026-07-08,Afternoon,23,3,20,13.04,Available,Hanamkonda
SL002456,S002456,D010,2026-07-09,Morning,29,1,28,3.45,Available,Hanamkonda
SL002457,S002457,D010,2026-07-10,Morning,28,0,28,0.0,Available,Hanamkonda
SL002458,S002458,D010,2026-07-13,Afternoon,21,0,21,0.0,Available,Hanamkonda
SL002459,S002459,D010,2026-07-15,Afternoon,24,0,24,0.0,Available,Hanamkonda
SL002460,S002460,D010,2026-07-16,Afternoon,27,1,26,3.7,Available,Hanamkonda
SL002461,S002461,D010,2026-07-17,Afternoon,23,2,21,8.7,Available,Hanamkonda
SL002462,S002462,D010,2026-07-20,Afternoon,23,4,19,17.39,Available,Hanamkonda
SL002463,S002463,D010,2026-07-21,Afternoon,20,2,18,10.0,Available,Hanamkonda
SL002464,S002464,D010,2026-07-22,Morning,24,3,21,12.5,Available,Hanamkonda
SL002465,S002465,D010,2026-07-23,Afternoon,27,0,27,0.0,Available,Hanamkonda
SL002466,S002466,D010,2026-07-24,Afternoon,17,0,17,0.0,Available,Hanamkonda
SL002467,S002467,D010,2026-07-26,Full Day,28,5,23,17.86,Available,Hanamkonda
SL002468,S002468,D010,2026-07-27,Morning,29,2,27,6.9,Available,Hanamkonda
SL002469,S002469,D010,2026-07-28,Morning,13,3,10,23.08,Available,Hanamkonda
SL002470,S002470,D010,2026-07-29,Morning,22,2,20,9.09,Available,Hanamkonda
SL002471,S002471,D010,2026-07-30,Full Day,48,0,48,0.0,Available,Hanamkonda
SL002472,S002472,D010,2026-07-31,Full Day,47,0,47,0.0,Available,Hanamkonda
SL002473,S002473,D010,2026-08-01,Full Day,48,4,44,8.33,Available,Hanamkonda
SL002474,S002474,D010,2026-08-03,Morning,18,0,18,0.0,Available,Hanamkonda
SL002475,S002475,D010,2026-08-04,Full Day,29,1,28,3.45,Available,Hanamkonda
SL002476,S002476,D010,2026-08-05,Morning,18,2,16,11.11,Available,Hanamkonda
SL002477,S002477,D010,2026-08-06,Full Day,32,3,29,9.38,Available,Hanamkonda
SL002478,S002478,D010,2026-08-08,Afternoon,17,1,16,5.88,Available,Hanamkonda
SL002479,S002479,D010,2026-08-10,Afternoon,28,0,28,0.0,Available,Hanamkonda
SL002480,S002480,D010,2026-08-11,Full Day,30,2,28,6.67,Available,Hanamkonda
SL002481,S002481,D010,2026-08-12,Morning,22,1,21,4.55,Available,Hanamkonda
SL002482,S002482,D010,2026-08-13,Afternoon,25,1,24,4.0,Available,Hanamkonda
SL002483,S002483,D010,2026-08-14,Morning,22,3,19,13.64,Available,Hanamkonda
SL002484,S002484,D010,2026-08-15,Morning,27,0,27,0.0,Available,Hanamkonda
SL002485,S002485,D010,2026-08-16,Afternoon,16,0,16,0.0,Available,Hanamkonda
SL002486,S002486,D010,2026-08-17,Afternoon,21,1,20,4.76,Available,Hanamkonda
SL002487,S002487,D010,2026-08-18,Afternoon,29,0,29,0.0,Available,Hanamkonda
SL002488,S002488,D010,2026-08-20,Morning,13,0,13,0.0,Available,Hanamkonda
SL002489,S002489,D010,2026-08-21,Morning,16,1,15,6.25,Available,Hanamkonda
SL002490,S002490,D010,2026-08-22,Full Day,42,3,39,7.14,Available,Hanamkonda
SL002491,S002491,D010,2026-08-23,Afternoon,20,2,18,10.0,Available,Hanamkonda
SL002492,S002492,D010,2026-08-24,Full Day,34,1,33,2.94,Available,Hanamkonda
SL002493,S002493,D010,2026-08-25,Full Day,39,0,39,0.0,Available,Hanamkonda
SL002494,S002494,D010,2026-08-26,Afternoon,26,2,24,7.69,Available,Hanamkonda
SL002495,S002495,D010,2026-08-27,Afternoon,20,3,17,15.0,Available,Hanamkonda
SL002496,S002496,D010,2026-08-28,Afternoon,23,0,23,0.0,Available,Hanamkonda
SL002497,S002497,D010,2026-08-29,Morning,27,1,26,3.7,Available,Hanamkonda
SL002498,S002498,D010,2026-08-31,Morning,28,1,27,3.57,Available,Hanamkonda
SL002499,S002499,D010,2026-09-02,Afternoon,16,0,16,0.0,Available,Hanamkonda
SL002500,S002500,D010,2026-09-04,Afternoon,24,1,23,4.17,Available,Hanamkonda
SL002501,S002501,D010,2026-09-06,Afternoon,20,2,18,10.0,Available,Hanamkonda
SL002502,S002502,D010,2026-09-07,Afternoon,25,4,21,16.0,Available,Hanamkonda
SL002503,S002503,D010,2026-09-09,Afternoon,28,1,27,3.57,Available,Hanamkonda
SL002504,S002504,D010,2026-09-10,Full Day,42,1,41,2.38,Available,Hanamkonda
SL002505,S002505,D010,2026-09-14,Afternoon,23,4,19,17.39,Available,Hanamkonda
SL002506,S002506,D010,2026-09-15,Afternoon,22,2,20,9.09,Available,Hanamkonda
SL002507,S002507,D010,2026-09-17,Afternoon,22,3,19,13.64,Available,Hanamkonda
SL002508,S002508,D010,2026-09-18,Morning,20,2,18,10.0,Available,Hanamkonda
SL002509,S002509,D010,2026-09-19,Afternoon,16,2,14,12.5,Available,Hanamkonda
SL002510,S002510,D010,2026-09-22,Morning,24,1,23,4.17,Available,Hanamkonda
SL002511,S002511,D010,2026-09-23,Afternoon,24,0,24,0.0,Available,Hanamkonda
SL002512,S002512,D010,2026-09-24,Afternoon,25,3,22,12.0,Available,Hanamkonda
SL002513,S002513,D010,2026-09-25,Morning,19,3,16,15.79,Available,Hanamkonda
SL002514,S002514,D010,2026-09-28,Full Day,28,0,28,0.0,Available,Hanamkonda
SL002515,S002515,D010,2026-09-29,Morning,27,1,26,3.7,Available,Hanamkonda
SL002516,S002516,D010,2026-09-30,Full Day,44,0,44,0.0,Available,Hanamkonda
SL002517,S002517,D010,2026-10-01,Afternoon,20,0,20,0.0,Available,Hanamkonda
SL002518,S002518,D010,2026-10-02,Afternoon,13,0,13,0.0,Available,Hanamkonda
SL002519,S002519,D010,2026-10-04,Afternoon,22,1,21,4.55,Available,Hanamkonda
SL002520,S002520,D010,2026-10-06,Afternoon,14,0,14,0.0,Available,Hanamkonda
SL002521,S002521,D010,2026-10-07,Afternoon,18,1,17,5.56,Available,Hanamkonda
SL002522,S002522,D010,2026-10-08,Full Day,46,1,45,2.17,Available,Hanamkonda
SL002523,S002523,D010,2026-10-10,Morning,26,0,26,0.0,Available,Hanamkonda
SL002524,S002524,D010,2026-10-11,Full Day,42,0,42,0.0,Available,Hanamkonda
SL002525,S002525,D010,2026-10-12,Full Day,43,3,40,6.98,Available,Hanamkonda
SL002526,S002526,D010,2026-10-14,Afternoon,20,2,18,10.0,Available,Hanamkonda
SL002527,S002527,D010,2026-10-16,Afternoon,24,0,24,0.0,Available,Hanamkonda
SL002528,S002528,D010,2026-10-17,Afternoon,29,2,27,6.9,Available,Hanamkonda
SL002529,S002529,D010,2026-10-18,Full Day,41,2,39,4.88,Available,Hanamkonda
SL002530,S002530,D010,2026-10-19,Morning,19,2,17,10.53,Available,Hanamkonda
SL002531,S002531,D010,2026-10-20,Morning,18,1,17,5.56,Available,Hanamkonda
SL002532,S002532,D010,2026-10-21,Afternoon,21,0,21,0.0,Available,Hanamkonda
SL002533,S002533,D010,2026-10-22,Morning,15,2,13,13.33,Available,Hanamkonda
SL002534,S002534,D010,2026-10-23,Full Day,50,0,50,0.0,Available,Hanamkonda
SL002535,S002535,D010,2026-10-26,Full Day,33,0,33,0.0,Available,Hanamkonda
SL002536,S002536,D010,2026-10-27,Morning,23,2,21,8.7,Available,Hanamkonda
SL002537,S002537,D010,2026-10-28,Morning,27,1,26,3.7,Available,Hanamkonda
SL002538,S002538,D010,2026-10-29,Afternoon,24,2,22,8.33,Available,Hanamkonda
SL002539,S002539,D010,2026-10-30,Afternoon,15,1,14,6.67,Available,Hanamkonda
SL002540,S002540,D010,2026-10-31,Afternoon,13,2,11,15.38,Available,Hanamkonda
SL002541,S002541,D010,2026-11-01,Afternoon,17,0,17,0.0,Available,Hanamkonda
SL002542,S002542,D010,2026-11-02,Morning,26,3,23,11.54,Available,Hanamkonda
SL002543,S002543,D010,2026-11-03,Full Day,47,0,47,0.0,Available,Hanamkonda
SL002544,S002544,D010,2026-11-04,Morning,28,0,28,0.0,Available,Hanamkonda
SL002545,S002545,D010,2026-11-05,Full Day,37,1,36,2.7,Available,Hanamkonda
SL002546,S002546,D010,2026-11-06,Afternoon,16,1,15,6.25,Available,Hanamkonda
SL002547,S002547,D010,2026-11-07,Morning,15,3,12,20.0,Available,Hanamkonda
SL002548,S002548,D010,2026-11-08,Full Day,46,3,43,6.52,Available,Hanamkonda
SL002549,S002549,D010,2026-11-09,Morning,22,1,21,4.55,Available,Hanamkonda
SL002550,S002550,D010,2026-11-10,Afternoon,25,1,24,4.0,Available,Hanamkonda
SL002551,S002551,D010,2026-11-11,Full Day,27,1,26,3.7,Available,Hanamkonda
SL002552,S002552,D010,2026-11-13,Full Day,43,3,40,6.98,Available,Hanamkonda
SL002553,S002553,D010,2026-11-15,Morning,12,3,9,25.0,Available,Hanamkonda
SL002554,S002554,D010,2026-11-17,Full Day,25,2,23,8.0,Available,Hanamkonda
SL002555,S002555,D010,2026-11-18,Afternoon,18,0,18,0.0,Available,Hanamkonda
SL002556,S002556,D010,2026-11-19,Afternoon,15,3,12,20.0,Available,Hanamkonda
SL002557,S002557,D010,2026-11-20,Morning,17,3,14,17.65,Available,Hanamkonda
SL002558,S002558,D010,2026-11-23,Afternoon,25,2,23,8.0,Available,Hanamkonda
SL002559,S002559,D010,2026-11-24,Afternoon,26,2,24,7.69,Available,Hanamkonda
SL002560,S002560,D010,2026-11-26,Morning,17,1,16,5.88,Available,Hanamkonda
SL002561,S002561,D010,2026-11-27,Morning,22,2,20,9.09,Available,Hanamkonda
SL002562,S002562,D010,2026-11-29,Full Day,41,1,40,2.44,Available,Hanamkonda
SL002563,S002563,D010,2026-11-30,Morning,13,2,11,15.38,Available,Hanamkonda
SL002564,S002564,D010,2026-12-01,Full Day,37,2,35,5.41,Available,Hanamkonda
SL002565,S002565,D010,2026-12-02,Full Day,47,1,46,2.13,Available,Hanamkonda
SL002566,S002566,D010,2026-12-03,Afternoon,22,3,19,13.64,Available,Hanamkonda
SL002567,S002567,D010,2026-12-04,Full Day,33,3,30,9.09,Available,Hanamkonda
SL002568,S002568,D010,2026-12-07,Full Day,25,4,21,16.0,Available,Hanamkonda
SL002569,S002569,D010,2026-12-08,Afternoon,12,2,10,16.67,Available,Hanamkonda
SL002570,S002570,D010,2026-12-09,Full Day,30,1,29,3.33,Available,Hanamkonda
SL002571,S002571,D010,2026-12-10,Morning,13,1,12,7.69,Available,Hanamkonda
SL002572,S002572,D010,2026-12-11,Afternoon,24,1,23,4.17,Available,Hanamkonda
SL002573,S002573,D010,2026-12-12,Full Day,35,1,34,2.86,Available,Hanamkonda
SL002574,S002574,D010,2026-12-14,Morning,12,1,11,8.33,Available,Hanamkonda
SL002575,S002575,D010,2026-12-15,Morning,30,0,30,0.0,Available,Hanamkonda
SL002576,S002576,D010,2026-12-17,Morning,12,3,9,25.0,Available,Hanamkonda
SL002577,S002577,D010,2026-12-18,Full Day,41,0,41,0.0,Available,Hanamkonda
SL002578,S002578,D010,2026-12-19,Afternoon,26,0,26,0.0,Available,Hanamkonda
SL002579,S002579,D010,2026-12-21,Full Day,42,1,41,2.38,Available,Hanamkonda
SL002580,S002580,D010,2026-12-22,Full Day,39,1,38,2.56,Available,Hanamkonda
SL002581,S002581,D010,2026-12-23,Afternoon,21,1,20,4.76,Available,Hanamkonda
SL002582,S002582,D010,2026-12-24,Afternoon,22,4,18,18.18,Available,Hanamkonda
SL002583,S002583,D010,2026-12-25,Full Day,31,0,31,0.0,Available,Hanamkonda
SL002584,S002584,D010,2026-12-27,Morning,18,2,16,11.11,Available,Hanamkonda
SL002585,S002585,D010,2026-12-29,Afternoon,22,2,20,9.09,Available,Hanamkonda
SL002586,S002586,D010,2026-12-30,Morning,14,0,14,0.0,Available,Hanamkonda
SL002587,S002587,D010,2026-12-31,Afternoon,18,0,18,0.0,Available,Hanamkonda
SL002588,S002588,D011,2026-01-01,Afternoon,22,2,20,9.09,Available,Hanamkonda
SL002589,S002589,D011,2026-01-02,Full Day,43,0,43,0.0,Available,Hanamkonda
SL002590,S002590,D011,2026-01-04,Full Day,32,0,32,0.0,Available,Hanamkonda
SL002591,S002591,D011,2026-01-05,Morning,14,1,13,7.14,Available,Hanamkonda
SL002592,S002592,D011,2026-01-07,Morning,17,3,14,17.65,Available,Hanamkonda
SL002593,S002593,D011,2026-01-08,Morning,29,0,29,0.0,Available,Hanamkonda
SL002594,S002594,D011,2026-01-09,Full Day,25,4,21,16.0,Available,Hanamkonda
SL002595,S002595,D011,2026-01-11,Full Day,28,1,27,3.57,Available,Hanamkonda
SL002596,S002596,D011,2026-01-12,Morning,23,1,22,4.35,Available,Hanamkonda
SL002597,S002597,D011,2026-01-13,Full Day,38,1,37,2.63,Available,Hanamkonda
SL002598,S002598,D011,2026-01-14,Morning,29,4,25,13.79,Available,Hanamkonda
SL002599,S002599,D011,2026-01-15,Afternoon,19,1,18,5.26,Available,Hanamkonda
SL002600,S002600,D011,2026-01-16,Morning,29,1,28,3.45,Available,Hanamkonda
SL002601,S002601,D011,2026-01-18,Afternoon,26,2,24,7.69,Available,Hanamkonda
SL002602,S002602,D011,2026-01-19,Morning,14,3,11,21.43,Available,Hanamkonda
SL002603,S002603,D011,2026-01-20,Afternoon,26,0,26,0.0,Available,Hanamkonda
SL002604,S002604,D011,2026-01-25,Full Day,37,1,36,2.7,Available,Hanamkonda
SL002605,S002605,D011,2026-01-26,Afternoon,24,2,22,8.33,Available,Hanamkonda
SL002606,S002606,D011,2026-01-27,Afternoon,15,0,15,0.0,Available,Hanamkonda
SL002607,S002607,D011,2026-01-28,Afternoon,13,3,10,23.08,Available,Hanamkonda
SL002608,S002608,D011,2026-01-29,Afternoon,13,3,10,23.08,Available,Hanamkonda
SL002609,S002609,D011,2026-01-30,Full Day,29,1,28,3.45,Available,Hanamkonda
SL002610,S002610,D011,2026-02-01,Afternoon,24,0,24,0.0,Available,Hanamkonda
SL002611,S002611,D011,2026-02-02,Morning,25,2,23,8.0,Available,Hanamkonda
SL002612,S002612,D011,2026-02-03,Morning,13,0,13,0.0,Available,Hanamkonda
SL002613,S002613,D011,2026-02-05,Full Day,47,1,46,2.13,Available,Hanamkonda
SL002614,S002614,D011,2026-02-06,Full Day,26,2,24,7.69,Available,Hanamkonda
SL002615,S002615,D011,2026-02-07,Full Day,37,0,37,0.0,Available,Hanamkonda
SL002616,S002616,D011,2026-02-09,Morning,25,0,25,0.0,Available,Hanamkonda
SL002617,S002617,D011,2026-02-10,Full Day,36,2,34,5.56,Available,Hanamkonda
SL002618,S002618,D011,2026-02-11,Full Day,40,1,39,2.5,Available,Hanamkonda
SL002619,S002619,D011,2026-02-12,Full Day,29,2,27,6.9,Available,Hanamkonda
SL002620,S002620,D011,2026-02-13,Morning,16,0,16,0.0,Available,Hanamkonda
SL002621,S002621,D011,2026-02-17,Afternoon,26,0,26,0.0,Available,Hanamkonda
SL002622,S002622,D011,2026-02-18,Afternoon,24,2,22,8.33,Available,Hanamkonda
SL002623,S002623,D011,2026-02-19,Afternoon,24,1,23,4.17,Available,Hanamkonda
SL002624,S002624,D011,2026-02-20,Morning,14,1,13,7.14,Available,Hanamkonda
SL002625,S002625,D011,2026-02-21,Morning,15,3,12,20.0,Available,Hanamkonda
SL002626,S002626,D011,2026-02-23,Morning,15,2,13,13.33,Available,Hanamkonda
SL002627,S002627,D011,2026-02-24,Full Day,31,1,30,3.23,Available,Hanamkonda
SL002628,S002628,D011,2026-02-26,Morning,16,0,16,0.0,Available,Hanamkonda
SL002629,S002629,D011,2026-02-27,Morning,24,0,24,0.0,Available,Hanamkonda
SL002630,S002630,D011,2026-02-28,Afternoon,20,0,20,0.0,Available,Hanamkonda
SL002631,S002631,D011,2026-03-01,Morning,29,2,27,6.9,Available,Hanamkonda
SL002632,S002632,D011,2026-03-02,Afternoon,22,1,21,4.55,Available,Hanamkonda
SL002633,S002633,D011,2026-03-03,Morning,14,2,12,14.29,Available,Hanamkonda
SL002634,S002634,D011,2026-03-04,Full Day,28,1,27,3.57,Available,Hanamkonda
SL002635,S002635,D011,2026-03-05,Morning,15,1,14,6.67,Available,Hanamkonda
SL002636,S002636,D011,2026-03-06,Afternoon,15,2,13,13.33,Available,Hanamkonda
SL002637,S002637,D011,2026-03-09,Morning,23,2,21,8.7,Available,Hanamkonda
SL002638,S002638,D011,2026-03-11,Full Day,50,2,48,4.0,Available,Hanamkonda
SL002639,S002639,D011,2026-03-12,Afternoon,21,0,21,0.0,Available,Hanamkonda
SL002640,S002640,D011,2026-03-13,Morning,23,2,21,8.7,Available,Hanamkonda
SL002641,S002641,D011,2026-03-17,Morning,25,2,23,8.0,Available,Hanamkonda
SL002642,S002642,D011,2026-03-18,Full Day,43,1,42,2.33,Available,Hanamkonda
SL002643,S002643,D011,2026-03-19,Afternoon,30,1,29,3.33,Available,Hanamkonda
SL002644,S002644,D011,2026-03-24,Full Day,45,1,44,2.22,Available,Hanamkonda
SL002645,S002645,D011,2026-03-26,Afternoon,26,1,25,3.85,Available,Hanamkonda
SL002646,S002646,D011,2026-03-27,Afternoon,16,4,12,25.0,Available,Hanamkonda
SL002647,S002647,D011,2026-03-29,Full Day,39,1,38,2.56,Available,Hanamkonda
SL002648,S002648,D011,2026-03-30,Morning,24,1,23,4.17,Available,Hanamkonda
SL002649,S002649,D011,2026-03-31,Afternoon,13,0,13,0.0,Available,Hanamkonda
SL002650,S002650,D011,2026-04-01,Afternoon,29,2,27,6.9,Available,Hanamkonda
SL002651,S002651,D011,2026-04-02,Afternoon,26,0,26,0.0,Available,Hanamkonda
SL002652,S002652,D011,2026-04-03,Afternoon,16,0,16,0.0,Available,Hanamkonda
SL002653,S002653,D011,2026-04-06,Morning,22,1,21,4.55,Available,Hanamkonda
SL002654,S002654,D011,2026-04-07,Morning,21,1,20,4.76,Available,Hanamkonda
SL002655,S002655,D011,2026-04-08,Full Day,35,3,32,8.57,Available,Hanamkonda
SL002656,S002656,D011,2026-04-09,Afternoon,17,1,16,5.88,Available,Hanamkonda
SL002657,S002657,D011,2026-04-10,Morning,15,1,14,6.67,Available,Hanamkonda
SL002658,S002658,D011,2026-04-14,Full Day,35,6,29,17.14,Available,Hanamkonda
SL002659,S002659,D011,2026-04-15,Morning,12,2,10,16.67,Available,Hanamkonda
SL002660,S002660,D011,2026-04-16,Afternoon,20,3,17,15.0,Available,Hanamkonda
SL002661,S002661,D011,2026-04-17,Afternoon,15,5,10,33.33,Available,Hanamkonda
SL002662,S002662,D011,2026-04-20,Afternoon,25,2,23,8.0,Available,Hanamkonda
SL002663,S002663,D011,2026-04-22,Full Day,40,1,39,2.5,Available,Hanamkonda
SL002664,S002664,D011,2026-04-23,Morning,12,1,11,8.33,Available,Hanamkonda
SL002665,S002665,D011,2026-04-25,Afternoon,27,0,27,0.0,Available,Hanamkonda
SL002666,S002666,D011,2026-04-28,Full Day,40,3,37,7.5,Available,Hanamkonda
SL002667,S002667,D011,2026-04-29,Afternoon,21,1,20,4.76,Available,Hanamkonda
SL002668,S002668,D011,2026-04-30,Full Day,43,2,41,4.65,Available,Hanamkonda
SL002669,S002669,D011,2026-05-01,Afternoon,22,4,18,18.18,Available,Hanamkonda
SL002670,S002670,D011,2026-05-04,Morning,30,2,28,6.67,Available,Hanamkonda
SL002671,S002671,D011,2026-05-05,Afternoon,18,1,17,5.56,Available,Hanamkonda
SL002672,S002672,D011,2026-05-06,Morning,29,2,27,6.9,Available,Hanamkonda
SL002673,S002673,D011,2026-05-07,Morning,28,2,26,7.14,Available,Hanamkonda
SL002674,S002674,D011,2026-05-08,Full Day,30,0,30,0.0,Available,Hanamkonda
SL002675,S002675,D011,2026-05-11,Morning,26,1,25,3.85,Available,Hanamkonda
SL002676,S002676,D011,2026-05-12,Morning,17,3,14,17.65,Available,Hanamkonda
SL002677,S002677,D011,2026-05-13,Morning,21,0,21,0.0,Available,Hanamkonda
SL002678,S002678,D011,2026-05-14,Full Day,31,1,30,3.23,Available,Hanamkonda
SL002679,S002679,D011,2026-05-15,Full Day,43,0,43,0.0,Available,Hanamkonda
SL002680,S002680,D011,2026-05-17,Afternoon,24,2,22,8.33,Available,Hanamkonda
SL002681,S002681,D011,2026-05-18,Afternoon,17,0,17,0.0,Available,Hanamkonda
SL002682,S002682,D011,2026-05-19,Morning,21,3,18,14.29,Available,Hanamkonda
SL002683,S002683,D011,2026-05-20,Afternoon,15,2,13,13.33,Available,Hanamkonda
SL002684,S002684,D011,2026-05-21,Morning,19,1,18,5.26,Available,Hanamkonda
SL002685,S002685,D011,2026-05-22,Morning,26,0,26,0.0,Available,Hanamkonda
SL002686,S002686,D011,2026-05-24,Afternoon,14,0,14,0.0,Available,Hanamkonda
SL002687,S002687,D011,2026-05-25,Afternoon,26,4,22,15.38,Available,Hanamkonda
SL002688,S002688,D011,2026-05-26,Afternoon,12,1,11,8.33,Available,Hanamkonda
SL002689,S002689,D011,2026-05-27,Full Day,27,0,27,0.0,Available,Hanamkonda
SL002690,S002690,D011,2026-05-28,Afternoon,12,0,12,0.0,Available,Hanamkonda
SL002691,S002691,D011,2026-05-29,Morning,27,2,25,7.41,Available,Hanamkonda
SL002692,S002692,D011,2026-06-01,Full Day,46,0,46,0.0,Available,Hanamkonda
SL002693,S002693,D011,2026-06-02,Full Day,25,0,25,0.0,Available,Hanamkonda
SL002694,S002694,D011,2026-06-03,Morning,19,2,17,10.53,Available,Hanamkonda
SL002695,S002695,D011,2026-06-04,Full Day,37,2,35,5.41,Available,Hanamkonda
SL002696,S002696,D011,2026-06-05,Afternoon,20,1,19,5.0,Available,Hanamkonda
SL002697,S002697,D011,2026-06-08,Morning,22,2,20,9.09,Available,Hanamkonda
SL002698,S002698,D011,2026-06-09,Afternoon,12,0,12,0.0,Available,Hanamkonda
SL002699,S002699,D011,2026-06-10,Full Day,35,0,35,0.0,Available,Hanamkonda
SL002700,S002700,D011,2026-06-11,Morning,18,1,17,5.56,Available,Hanamkonda
SL002701,S002701,D011,2026-06-12,Morning,26,1,25,3.85,Available,Hanamkonda
SL002702,S002702,D011,2026-06-13,Afternoon,30,1,29,3.33,Available,Hanamkonda
SL002703,S002703,D011,2026-06-14,Morning,17,1,16,5.88,Available,Hanamkonda
SL002704,S002704,D011,2026-06-15,Afternoon,29,1,28,3.45,Available,Hanamkonda
SL002705,S002705,D011,2026-06-16,Afternoon,24,1,23,4.17,Available,Hanamkonda
SL002706,S002706,D011,2026-06-17,Afternoon,23,1,22,4.35,Available,Hanamkonda
SL002707,S002707,D011,2026-06-18,Afternoon,29,1,28,3.45,Available,Hanamkonda
SL002708,S002708,D011,2026-06-19,Afternoon,14,0,14,0.0,Available,Hanamkonda
SL002709,S002709,D011,2026-06-21,Full Day,32,7,25,21.88,Available,Hanamkonda
SL002710,S002710,D011,2026-06-22,Full Day,43,1,42,2.33,Available,Hanamkonda
SL002711,S002711,D011,2026-06-23,Morning,25,2,23,8.0,Available,Hanamkonda
SL002712,S002712,D011,2026-06-24,Afternoon,24,2,22,8.33,Available,Hanamkonda
SL002713,S002713,D011,2026-06-25,Morning,14,1,13,7.14,Available,Hanamkonda
SL002714,S002714,D011,2026-06-26,Afternoon,21,3,18,14.29,Available,Hanamkonda
SL002715,S002715,D011,2026-06-29,Full Day,42,1,41,2.38,Available,Hanamkonda
SL002716,S002716,D011,2026-07-01,Afternoon,15,0,15,0.0,Available,Hanamkonda
SL002717,S002717,D011,2026-07-02,Full Day,32,1,31,3.12,Available,Hanamkonda
SL002718,S002718,D011,2026-07-03,Morning,26,1,25,3.85,Available,Hanamkonda
SL002719,S002719,D011,2026-07-06,Afternoon,27,0,27,0.0,Available,Hanamkonda
SL002720,S002720,D011,2026-07-07,Morning,21,2,19,9.52,Available,Hanamkonda
SL002721,S002721,D011,2026-07-08,Afternoon,21,1,20,4.76,Available,Hanamkonda
SL002722,S002722,D011,2026-07-09,Morning,17,3,14,17.65,Available,Hanamkonda
SL002723,S002723,D011,2026-07-10,Full Day,33,1,32,3.03,Available,Hanamkonda
SL002724,S002724,D011,2026-07-12,Afternoon,13,1,12,7.69,Available,Hanamkonda
SL002725,S002725,D011,2026-07-13,Morning,29,1,28,3.45,Available,Hanamkonda
SL002726,S002726,D011,2026-07-14,Afternoon,20,2,18,10.0,Available,Hanamkonda
SL002727,S002727,D011,2026-07-15,Afternoon,23,1,22,4.35,Available,Hanamkonda
SL002728,S002728,D011,2026-07-16,Afternoon,26,1,25,3.85,Available,Hanamkonda
SL002729,S002729,D011,2026-07-17,Morning,24,1,23,4.17,Available,Hanamkonda
SL002730,S002730,D011,2026-07-20,Afternoon,25,2,23,8.0,Available,Hanamkonda
SL002731,S002731,D011,2026-07-22,Afternoon,23,2,21,8.7,Available,Hanamkonda
SL002732,S002732,D011,2026-07-23,Afternoon,20,1,19,5.0,Available,Hanamkonda
SL002733,S002733,D011,2026-07-25,Afternoon,26,0,26,0.0,Available,Hanamkonda
SL002734,S002734,D011,2026-07-27,Morning,19,1,18,5.26,Available,Hanamkonda
SL002735,S002735,D011,2026-07-28,Full Day,42,2,40,4.76,Available,Hanamkonda
SL002736,S002736,D011,2026-07-30,Full Day,45,2,43,4.44,Available,Hanamkonda
SL002737,S002737,D011,2026-07-31,Afternoon,15,1,14,6.67,Available,Hanamkonda
SL002738,S002738,D011,2026-08-01,Afternoon,26,1,25,3.85,Available,Hanamkonda
SL002739,S002739,D011,2026-08-03,Morning,23,2,21,8.7,Available,Hanamkonda
SL002740,S002740,D011,2026-08-04,Afternoon,22,1,21,4.55,Available,Hanamkonda
SL002741,S002741,D011,2026-08-05,Full Day,28,1,27,3.57,Available,Hanamkonda
SL002742,S002742,D011,2026-08-06,Full Day,48,1,47,2.08,Available,Hanamkonda
SL002743,S002743,D011,2026-08-07,Afternoon,25,0,25,0.0,Available,Hanamkonda
SL002744,S002744,D011,2026-08-08,Full Day,27,2,25,7.41,Available,Hanamkonda
SL002745,S002745,D011,2026-08-11,Full Day,40,1,39,2.5,Available,Hanamkonda
SL002746,S002746,D011,2026-08-12,Afternoon,24,4,20,16.67,Available,Hanamkonda
SL002747,S002747,D011,2026-08-13,Full Day,34,1,33,2.94,Available,Hanamkonda
SL002748,S002748,D011,2026-08-14,Full Day,41,2,39,4.88,Available,Hanamkonda
SL002749,S002749,D011,2026-08-18,Morning,18,0,18,0.0,Available,Hanamkonda
SL002750,S002750,D011,2026-08-19,Morning,25,2,23,8.0,Available,Hanamkonda
SL002751,S002751,D011,2026-08-20,Morning,25,0,25,0.0,Available,Hanamkonda
SL002752,S002752,D011,2026-08-21,Full Day,39,0,39,0.0,Available,Hanamkonda
SL002753,S002753,D011,2026-08-24,Full Day,36,1,35,2.78,Available,Hanamkonda
SL002754,S002754,D011,2026-08-25,Afternoon,25,0,25,0.0,Available,Hanamkonda
SL002755,S002755,D011,2026-08-26,Morning,20,0,20,0.0,Available,Hanamkonda
SL002756,S002756,D011,2026-08-27,Morning,24,0,24,0.0,Available,Hanamkonda
SL002757,S002757,D011,2026-08-28,Morning,13,2,11,15.38,Available,Hanamkonda
SL002758,S002758,D011,2026-08-30,Morning,13,3,10,23.08,Available,Hanamkonda
SL002759,S002759,D011,2026-08-31,Full Day,37,0,37,0.0,Available,Hanamkonda
SL002760,S002760,D011,2026-09-01,Afternoon,22,0,22,0.0,Available,Hanamkonda
SL002761,S002761,D011,2026-09-02,Full Day,40,0,40,0.0,Available,Hanamkonda
SL002762,S002762,D011,2026-09-03,Afternoon,30,4,26,13.33,Available,Hanamkonda
SL002763,S002763,D011,2026-09-07,Morning,29,1,28,3.45,Available,Hanamkonda
SL002764,S002764,D011,2026-09-08,Afternoon,18,2,16,11.11,Available,Hanamkonda
SL002765,S002765,D011,2026-09-10,Afternoon,17,2,15,11.76,Available,Hanamkonda
SL002766,S002766,D011,2026-09-11,Full Day,41,1,40,2.44,Available,Hanamkonda
SL002767,S002767,D011,2026-09-14,Afternoon,15,1,14,6.67,Available,Hanamkonda
SL002768,S002768,D011,2026-09-16,Full Day,40,1,39,2.5,Available,Hanamkonda
SL002769,S002769,D011,2026-09-17,Afternoon,24,2,22,8.33,Available,Hanamkonda
SL002770,S002770,D011,2026-09-18,Afternoon,24,1,23,4.17,Available,Hanamkonda
SL002771,S002771,D011,2026-09-22,Afternoon,15,0,15,0.0,Available,Hanamkonda
SL002772,S002772,D011,2026-09-23,Morning,12,0,12,0.0,Available,Hanamkonda
SL002773,S002773,D011,2026-09-24,Afternoon,27,2,25,7.41,Available,Hanamkonda
SL002774,S002774,D011,2026-09-25,Morning,28,4,24,14.29,Available,Hanamkonda
SL002775,S002775,D011,2026-09-28,Morning,23,5,18,21.74,Available,Hanamkonda
SL002776,S002776,D011,2026-09-29,Morning,12,1,11,8.33,Available,Hanamkonda
SL002777,S002777,D011,2026-09-30,Morning,29,1,28,3.45,Available,Hanamkonda
SL002778,S002778,D011,2026-10-01,Morning,15,1,14,6.67,Available,Hanamkonda
SL002779,S002779,D011,2026-10-02,Afternoon,24,1,23,4.17,Available,Hanamkonda
SL002780,S002780,D011,2026-10-03,Afternoon,29,5,24,17.24,Available,Hanamkonda
SL002781,S002781,D011,2026-10-06,Morning,28,3,25,10.71,Available,Hanamkonda
SL002782,S002782,D011,2026-10-07,Morning,30,1,29,3.33,Available,Hanamkonda
SL002783,S002783,D011,2026-10-08,Afternoon,28,2,26,7.14,Available,Hanamkonda
SL002784,S002784,D011,2026-10-09,Afternoon,18,2,16,11.11,Available,Hanamkonda
SL002785,S002785,D011,2026-10-10,Afternoon,13,1,12,7.69,Available,Hanamkonda
SL002786,S002786,D011,2026-10-12,Morning,22,2,20,9.09,Available,Hanamkonda
SL002787,S002787,D011,2026-10-13,Full Day,40,2,38,5.0,Available,Hanamkonda
SL002788,S002788,D011,2026-10-14,Morning,20,1,19,5.0,Available,Hanamkonda
SL002789,S002789,D011,2026-10-15,Afternoon,28,1,27,3.57,Available,Hanamkonda
SL002790,S002790,D011,2026-10-16,Afternoon,17,1,16,5.88,Available,Hanamkonda
SL002791,S002791,D011,2026-10-17,Afternoon,27,1,26,3.7,Available,Hanamkonda
SL002792,S002792,D011,2026-10-19,Afternoon,20,1,19,5.0,Available,Hanamkonda
SL002793,S002793,D011,2026-10-20,Afternoon,12,1,11,8.33,Available,Hanamkonda
SL002794,S002794,D011,2026-10-22,Full Day,48,3,45,6.25,Available,Hanamkonda
SL002795,S002795,D011,2026-10-23,Morning,30,0,30,0.0,Available,Hanamkonda
SL002796,S002796,D011,2026-10-26,Morning,25,2,23,8.0,Available,Hanamkonda
SL002797,S002797,D011,2026-10-27,Afternoon,28,1,27,3.57,Available,Hanamkonda
SL002798,S002798,D011,2026-10-28,Afternoon,13,1,12,7.69,Available,Hanamkonda
SL002799,S002799,D011,2026-10-29,Full Day,43,2,41,4.65,Available,Hanamkonda
SL002800,S002800,D011,2026-10-30,Morning,22,2,20,9.09,Available,Hanamkonda
SL002801,S002801,D011,2026-10-31,Afternoon,28,3,25,10.71,Available,Hanamkonda
SL002802,S002802,D011,2026-11-02,Afternoon,21,1,20,4.76,Available,Hanamkonda
SL002803,S002803,D011,2026-11-03,Full Day,34,0,34,0.0,Available,Hanamkonda
SL002804,S002804,D011,2026-11-04,Afternoon,24,2,22,8.33,Available,Hanamkonda
SL002805,S002805,D011,2026-11-05,Morning,24,1,23,4.17,Available,Hanamkonda
SL002806,S002806,D011,2026-11-06,Morning,15,1,14,6.67,Available,Hanamkonda
SL002807,S002807,D011,2026-11-09,Morning,20,3,17,15.0,Available,Hanamkonda
SL002808,S002808,D011,2026-11-10,Morning,28,0,28,0.0,Available,Hanamkonda
SL002809,S002809,D011,2026-11-11,Full Day,49,3,46,6.12,Available,Hanamkonda
SL002810,S002810,D011,2026-11-12,Full Day,33,2,31,6.06,Available,Hanamkonda
SL002811,S002811,D011,2026-11-13,Afternoon,15,4,11,26.67,Available,Hanamkonda
SL002812,S002812,D011,2026-11-16,Morning,21,2,19,9.52,Available,Hanamkonda
SL002813,S002813,D011,2026-11-17,Morning,17,1,16,5.88,Available,Hanamkonda
SL002814,S002814,D011,2026-11-18,Afternoon,25,1,24,4.0,Available,Hanamkonda
SL002815,S002815,D011,2026-11-19,Afternoon,26,1,25,3.85,Available,Hanamkonda
SL002816,S002816,D011,2026-11-20,Full Day,48,0,48,0.0,Available,Hanamkonda
SL002817,S002817,D011,2026-11-21,Morning,15,1,14,6.67,Available,Hanamkonda
SL002818,S002818,D011,2026-11-23,Full Day,42,3,39,7.14,Available,Hanamkonda
SL002819,S002819,D011,2026-11-24,Afternoon,18,0,18,0.0,Available,Hanamkonda
SL002820,S002820,D011,2026-11-25,Afternoon,20,1,19,5.0,Available,Hanamkonda
SL002821,S002821,D011,2026-11-26,Morning,14,0,14,0.0,Available,Hanamkonda
SL002822,S002822,D011,2026-11-30,Full Day,27,1,26,3.7,Available,Hanamkonda
SL002823,S002823,D011,2026-12-01,Full Day,43,1,42,2.33,Available,Hanamkonda
SL002824,S002824,D011,2026-12-02,Afternoon,28,1,27,3.57,Available,Hanamkonda
SL002825,S002825,D011,2026-12-03,Afternoon,22,2,20,9.09,Available,Hanamkonda
SL002826,S002826,D011,2026-12-04,Morning,23,1,22,4.35,Available,Hanamkonda
SL002827,S002827,D011,2026-12-06,Morning,23,0,23,0.0,Available,Hanamkonda
SL002828,S002828,D011,2026-12-07,Morning,27,1,26,3.7,Available,Hanamkonda
SL002829,S002829,D011,2026-12-08,Afternoon,29,3,26,10.34,Available,Hanamkonda
SL002830,S002830,D011,2026-12-09,Full Day,34,1,33,2.94,Available,Hanamkonda
SL002831,S002831,D011,2026-12-10,Morning,13,2,11,15.38,Available,Hanamkonda
SL002832,S002832,D011,2026-12-11,Full Day,47,4,43,8.51,Available,Hanamkonda
SL002833,S002833,D011,2026-12-12,Morning,15,3,12,20.0,Available,Hanamkonda
SL002834,S002834,D011,2026-12-14,Morning,15,0,15,0.0,Available,Hanamkonda
SL002835,S002835,D011,2026-12-15,Afternoon,19,1,18,5.26,Available,Hanamkonda
SL002836,S002836,D011,2026-12-16,Full Day,41,0,41,0.0,Available,Hanamkonda
SL002837,S002837,D011,2026-12-17,Full Day,43,0,43,0.0,Available,Hanamkonda
SL002838,S002838,D011,2026-12-18,Full Day,36,3,33,8.33,Available,Hanamkonda
SL002839,S002839,D011,2026-12-20,Afternoon,22,3,19,13.64,Available,Hanamkonda
SL002840,S002840,D011,2026-12-21,Morning,24,2,22,8.33,Available,Hanamkonda
SL002841,S002841,D011,2026-12-22,Afternoon,18,0,18,0.0,Available,Hanamkonda
SL002842,S002842,D011,2026-12-23,Afternoon,13,3,10,23.08,Available,Hanamkonda
SL002843,S002843,D011,2026-12-24,Full Day,48,1,47,2.08,Available,Hanamkonda
SL002844,S002844,D011,2026-12-26,Full Day,43,2,41,4.65,Available,Hanamkonda
SL002845,S002845,D011,2026-12-28,Morning,15,2,13,13.33,Available,Hanamkonda
SL002846,S002846,D011,2026-12-29,Full Day,31,1,30,3.23,Available,Hanamkonda
SL002847,S002847,D011,2026-12-30,Morning,25,0,25,0.0,Available,Hanamkonda
SL002848,S002848,D012,2026-01-01,Morning,23,0,23,0.0,Available,Hanamkonda
SL002849,S002849,D012,2026-01-03,Morning,20,1,19,5.0,Available,Hanamkonda
SL002850,S002850,D012,2026-01-06,Afternoon,12,4,8,33.33,Available,Hanamkonda
SL002851,S002851,D012,2026-01-07,Full Day,41,2,39,4.88,Available,Hanamkonda
SL002852,S002852,D012,2026-01-08,Afternoon,25,1,24,4.0,Available,Hanamkonda
SL002853,S002853,D012,2026-01-09,Morning,30,1,29,3.33,Available,Hanamkonda
SL002854,S002854,D012,2026-01-12,Morning,13,2,11,15.38,Available,Hanamkonda
SL002855,S002855,D012,2026-01-13,Full Day,48,3,45,6.25,Available,Hanamkonda
SL002856,S002856,D012,2026-01-14,Morning,21,0,21,0.0,Available,Hanamkonda
SL002857,S002857,D012,2026-01-15,Morning,29,1,28,3.45,Available,Hanamkonda
SL002858,S002858,D012,2026-01-16,Morning,28,2,26,7.14,Available,Hanamkonda
SL002859,S002859,D012,2026-01-18,Morning,29,0,29,0.0,Available,Hanamkonda
SL002860,S002860,D012,2026-01-20,Full Day,49,0,49,0.0,Available,Hanamkonda
SL002861,S002861,D012,2026-01-21,Morning,17,1,16,5.88,Available,Hanamkonda
SL002862,S002862,D012,2026-01-22,Afternoon,15,1,14,6.67,Available,Hanamkonda
SL002863,S002863,D012,2026-01-23,Full Day,37,0,37,0.0,Available,Hanamkonda
SL002864,S002864,D012,2026-01-24,Afternoon,24,2,22,8.33,Available,Hanamkonda
SL002865,S002865,D012,2026-01-25,Full Day,49,0,49,0.0,Available,Hanamkonda
SL002866,S002866,D012,2026-01-27,Afternoon,23,0,23,0.0,Available,Hanamkonda
SL002867,S002867,D012,2026-01-28,Morning,28,3,25,10.71,Available,Hanamkonda
SL002868,S002868,D012,2026-01-29,Morning,20,0,20,0.0,Available,Hanamkonda
SL002869,S002869,D012,2026-01-30,Afternoon,13,0,13,0.0,Available,Hanamkonda
SL002870,S002870,D012,2026-02-02,Afternoon,21,1,20,4.76,Available,Hanamkonda
SL002871,S002871,D012,2026-02-03,Morning,17,1,16,5.88,Available,Hanamkonda
SL002872,S002872,D012,2026-02-04,Afternoon,24,2,22,8.33,Available,Hanamkonda
SL002873,S002873,D012,2026-02-05,Full Day,39,2,37,5.13,Available,Hanamkonda
SL002874,S002874,D012,2026-02-06,Morning,14,1,13,7.14,Available,Hanamkonda
SL002875,S002875,D012,2026-02-09,Afternoon,24,0,24,0.0,Available,Hanamkonda
SL002876,S002876,D012,2026-02-10,Afternoon,23,2,21,8.7,Available,Hanamkonda
SL002877,S002877,D012,2026-02-11,Afternoon,13,0,13,0.0,Available,Hanamkonda
SL002878,S002878,D012,2026-02-12,Full Day,26,1,25,3.85,Available,Hanamkonda
SL002879,S002879,D012,2026-02-13,Afternoon,17,2,15,11.76,Available,Hanamkonda
SL002880,S002880,D012,2026-02-17,Full Day,30,0,30,0.0,Available,Hanamkonda
SL002881,S002881,D012,2026-02-18,Full Day,41,1,40,2.44,Available,Hanamkonda
SL002882,S002882,D012,2026-02-23,Full Day,46,1,45,2.17,Available,Hanamkonda
SL002883,S002883,D012,2026-02-24,Afternoon,27,0,27,0.0,Available,Hanamkonda
SL002884,S002884,D012,2026-02-25,Afternoon,29,2,27,6.9,Available,Hanamkonda
SL002885,S002885,D012,2026-02-26,Full Day,34,0,34,0.0,Available,Hanamkonda
SL002886,S002886,D012,2026-02-27,Afternoon,14,0,14,0.0,Available,Hanamkonda
SL002887,S002887,D012,2026-03-04,Full Day,29,0,29,0.0,Available,Hanamkonda
SL002888,S002888,D012,2026-03-06,Afternoon,26,1,25,3.85,Available,Hanamkonda
SL002889,S002889,D012,2026-03-08,Full Day,43,2,41,4.65,Available,Hanamkonda
SL002890,S002890,D012,2026-03-09,Afternoon,25,1,24,4.0,Available,Hanamkonda
SL002891,S002891,D012,2026-03-10,Morning,20,1,19,5.0,Available,Hanamkonda
SL002892,S002892,D012,2026-03-11,Full Day,30,3,27,10.0,Available,Hanamkonda
SL002893,S002893,D012,2026-03-12,Afternoon,19,2,17,10.53,Available,Hanamkonda
SL002894,S002894,D012,2026-03-13,Full Day,42,1,41,2.38,Available,Hanamkonda
SL002895,S002895,D012,2026-03-16,Morning,13,0,13,0.0,Available,Hanamkonda
SL002896,S002896,D012,2026-03-17,Full Day,48,4,44,8.33,Available,Hanamkonda
SL002897,S002897,D012,2026-03-19,Full Day,28,4,24,14.29,Available,Hanamkonda
SL002898,S002898,D012,2026-03-20,Afternoon,18,2,16,11.11,Available,Hanamkonda
SL002899,S002899,D012,2026-03-21,Full Day,28,1,27,3.57,Available,Hanamkonda
SL002900,S002900,D012,2026-03-23,Afternoon,30,0,30,0.0,Available,Hanamkonda
SL002901,S002901,D012,2026-03-24,Afternoon,15,0,15,0.0,Available,Hanamkonda
SL002902,S002902,D012,2026-03-26,Morning,29,3,26,10.34,Available,Hanamkonda
SL002903,S002903,D012,2026-03-27,Full Day,43,1,42,2.33,Available,Hanamkonda
SL002904,S002904,D012,2026-03-28,Morning,21,0,21,0.0,Available,Hanamkonda
SL002905,S002905,D012,2026-03-30,Afternoon,19,2,17,10.53,Available,Hanamkonda
SL002906,S002906,D012,2026-03-31,Morning,20,1,19,5.0,Available,Hanamkonda
SL002907,S002907,D012,2026-04-01,Morning,17,0,17,0.0,Available,Hanamkonda
SL002908,S002908,D012,2026-04-02,Afternoon,30,0,30,0.0,Available,Hanamkonda
SL002909,S002909,D012,2026-04-03,Afternoon,29,0,29,0.0,Available,Hanamkonda
SL002910,S002910,D012,2026-04-06,Afternoon,17,1,16,5.88,Available,Hanamkonda
SL002911,S002911,D012,2026-04-07,Full Day,28,0,28,0.0,Available,Hanamkonda
SL002912,S002912,D012,2026-04-08,Morning,25,2,23,8.0,Available,Hanamkonda
SL002913,S002913,D012,2026-04-11,Morning,29,2,27,6.9,Available,Hanamkonda
SL002914,S002914,D012,2026-04-13,Full Day,34,0,34,0.0,Available,Hanamkonda
SL002915,S002915,D012,2026-04-14,Full Day,46,2,44,4.35,Available,Hanamkonda
SL002916,S002916,D012,2026-04-15,Full Day,43,2,41,4.65,Available,Hanamkonda
SL002917,S002917,D012,2026-04-16,Morning,14,1,13,7.14,Available,Hanamkonda
SL002918,S002918,D012,2026-04-19,Afternoon,28,1,27,3.57,Available,Hanamkonda
SL002919,S002919,D012,2026-04-20,Afternoon,19,1,18,5.26,Available,Hanamkonda
SL002920,S002920,D012,2026-04-21,Full Day,43,3,40,6.98,Available,Hanamkonda
SL002921,S002921,D012,2026-04-22,Afternoon,14,2,12,14.29,Available,Hanamkonda
SL002922,S002922,D012,2026-04-23,Full Day,49,1,48,2.04,Available,Hanamkonda
SL002923,S002923,D012,2026-04-24,Afternoon,24,0,24,0.0,Available,Hanamkonda
SL002924,S002924,D012,2026-04-25,Morning,27,2,25,7.41,Available,Hanamkonda
SL002925,S002925,D012,2026-04-27,Morning,14,3,11,21.43,Available,Hanamkonda
SL002926,S002926,D012,2026-04-28,Afternoon,15,2,13,13.33,Available,Hanamkonda
SL002927,S002927,D012,2026-04-29,Afternoon,12,0,12,0.0,Available,Hanamkonda
SL002928,S002928,D012,2026-05-01,Full Day,43,0,43,0.0,Available,Hanamkonda
SL002929,S002929,D012,2026-05-02,Full Day,50,3,47,6.0,Available,Hanamkonda
SL002930,S002930,D012,2026-05-03,Afternoon,21,0,21,0.0,Available,Hanamkonda
SL002931,S002931,D012,2026-05-04,Morning,12,1,11,8.33,Available,Hanamkonda
SL002932,S002932,D012,2026-05-05,Afternoon,28,2,26,7.14,Available,Hanamkonda
SL002933,S002933,D012,2026-05-06,Afternoon,26,0,26,0.0,Available,Hanamkonda
SL002934,S002934,D012,2026-05-07,Morning,20,2,18,10.0,Available,Hanamkonda
SL002935,S002935,D012,2026-05-08,Afternoon,13,3,10,23.08,Available,Hanamkonda
SL002936,S002936,D012,2026-05-11,Morning,15,1,14,6.67,Available,Hanamkonda
SL002937,S002937,D012,2026-05-12,Afternoon,16,3,13,18.75,Available,Hanamkonda
SL002938,S002938,D012,2026-05-13,Morning,25,1,24,4.0,Available,Hanamkonda
SL002939,S002939,D012,2026-05-14,Morning,23,5,18,21.74,Available,Hanamkonda
SL002940,S002940,D012,2026-05-15,Afternoon,20,1,19,5.0,Available,Hanamkonda
SL002941,S002941,D012,2026-05-17,Afternoon,19,2,17,10.53,Available,Hanamkonda
SL002942,S002942,D012,2026-05-18,Morning,19,2,17,10.53,Available,Hanamkonda
SL002943,S002943,D012,2026-05-22,Afternoon,15,3,12,20.0,Available,Hanamkonda
SL002944,S002944,D012,2026-05-24,Morning,30,0,30,0.0,Available,Hanamkonda
SL002945,S002945,D012,2026-05-26,Morning,20,0,20,0.0,Available,Hanamkonda
SL002946,S002946,D012,2026-05-27,Morning,13,1,12,7.69,Available,Hanamkonda
SL002947,S002947,D012,2026-05-29,Afternoon,22,4,18,18.18,Available,Hanamkonda
SL002948,S002948,D012,2026-05-30,Morning,20,2,18,10.0,Available,Hanamkonda
SL002949,S002949,D012,2026-06-02,Afternoon,22,0,22,0.0,Available,Hanamkonda
SL002950,S002950,D012,2026-06-03,Full Day,31,3,28,9.68,Available,Hanamkonda
SL002951,S002951,D012,2026-06-04,Morning,26,4,22,15.38,Available,Hanamkonda
SL002952,S002952,D012,2026-06-05,Full Day,43,2,41,4.65,Available,Hanamkonda
SL002953,S002953,D012,2026-06-06,Afternoon,20,0,20,0.0,Available,Hanamkonda
SL002954,S002954,D012,2026-06-08,Afternoon,19,3,16,15.79,Available,Hanamkonda
SL002955,S002955,D012,2026-06-09,Afternoon,15,0,15,0.0,Available,Hanamkonda
SL002956,S002956,D012,2026-06-10,Afternoon,20,0,20,0.0,Available,Hanamkonda
SL002957,S002957,D012,2026-06-11,Full Day,30,2,28,6.67,Available,Hanamkonda
SL002958,S002958,D012,2026-06-12,Morning,24,0,24,0.0,Available,Hanamkonda
SL002959,S002959,D012,2026-06-14,Full Day,27,3,24,11.11,Available,Hanamkonda
SL002960,S002960,D012,2026-06-15,Morning,18,4,14,22.22,Available,Hanamkonda
SL002961,S002961,D012,2026-06-16,Morning,17,0,17,0.0,Available,Hanamkonda
SL002962,S002962,D012,2026-06-17,Morning,15,2,13,13.33,Available,Hanamkonda
SL002963,S002963,D012,2026-06-18,Full Day,34,4,30,11.76,Available,Hanamkonda
SL002964,S002964,D012,2026-06-20,Afternoon,16,0,16,0.0,Available,Hanamkonda
SL002965,S002965,D012,2026-06-22,Afternoon,28,6,22,21.43,Available,Hanamkonda
SL002966,S002966,D012,2026-06-24,Afternoon,21,2,19,9.52,Available,Hanamkonda
SL002967,S002967,D012,2026-06-25,Afternoon,15,1,14,6.67,Available,Hanamkonda
SL002968,S002968,D012,2026-06-28,Morning,30,2,28,6.67,Available,Hanamkonda
SL002969,S002969,D012,2026-06-29,Afternoon,28,0,28,0.0,Available,Hanamkonda
SL002970,S002970,D012,2026-06-30,Afternoon,14,2,12,14.29,Available,Hanamkonda
SL002971,S002971,D012,2026-07-02,Afternoon,17,0,17,0.0,Available,Hanamkonda
SL002972,S002972,D012,2026-07-03,Afternoon,30,4,26,13.33,Available,Hanamkonda
SL002973,S002973,D012,2026-07-06,Morning,22,3,19,13.64,Available,Hanamkonda
SL002974,S002974,D012,2026-07-08,Afternoon,26,0,26,0.0,Available,Hanamkonda
SL002975,S002975,D012,2026-07-09,Full Day,29,1,28,3.45,Available,Hanamkonda
SL002976,S002976,D012,2026-07-10,Afternoon,28,1,27,3.57,Available,Hanamkonda
SL002977,S002977,D012,2026-07-13,Morning,13,2,11,15.38,Available,Hanamkonda
SL002978,S002978,D012,2026-07-14,Full Day,36,2,34,5.56,Available,Hanamkonda
SL002979,S002979,D012,2026-07-15,Morning,21,2,19,9.52,Available,Hanamkonda
SL002980,S002980,D012,2026-07-16,Afternoon,20,4,16,20.0,Available,Hanamkonda
SL002981,S002981,D012,2026-07-17,Afternoon,29,1,28,3.45,Available,Hanamkonda
SL002982,S002982,D012,2026-07-19,Morning,14,1,13,7.14,Available,Hanamkonda
SL002983,S002983,D012,2026-07-20,Morning,18,1,17,5.56,Available,Hanamkonda
SL002984,S002984,D012,2026-07-21,Afternoon,18,2,16,11.11,Available,Hanamkonda
SL002985,S002985,D012,2026-07-23,Morning,30,0,30,0.0,Available,Hanamkonda
SL002986,S002986,D012,2026-07-24,Morning,15,2,13,13.33,Available,Hanamkonda
SL002987,S002987,D012,2026-07-26,Morning,19,0,19,0.0,Available,Hanamkonda
SL002988,S002988,D012,2026-07-28,Morning,15,1,14,6.67,Available,Hanamkonda
SL002989,S002989,D012,2026-07-30,Morning,12,1,11,8.33,Available,Hanamkonda
SL002990,S002990,D012,2026-08-01,Afternoon,15,3,12,20.0,Available,Hanamkonda
SL002991,S002991,D012,2026-08-02,Morning,22,3,19,13.64,Available,Hanamkonda
SL002992,S002992,D012,2026-08-03,Full Day,28,0,28,0.0,Available,Hanamkonda
SL002993,S002993,D012,2026-08-04,Full Day,31,0,31,0.0,Available,Hanamkonda
SL002994,S002994,D012,2026-08-05,Morning,21,3,18,14.29,Available,Hanamkonda
SL002995,S002995,D012,2026-08-06,Morning,14,4,10,28.57,Available,Hanamkonda
SL002996,S002996,D012,2026-08-10,Afternoon,29,0,29,0.0,Available,Hanamkonda
SL002997,S002997,D012,2026-08-11,Full Day,41,0,41,0.0,Available,Hanamkonda
SL002998,S002998,D012,2026-08-12,Afternoon,29,1,28,3.45,Available,Hanamkonda
SL002999,S002999,D012,2026-08-13,Afternoon,12,1,11,8.33,Available,Hanamkonda
SL003000,S003000,D012,2026-08-16,Morning,19,2,17,10.53,Available,Hanamkonda
SL003001,S003001,D012,2026-08-17,Full Day,50,0,50,0.0,Available,Hanamkonda
SL003002,S003002,D012,2026-08-18,Morning,22,1,21,4.55,Available,Hanamkonda
SL003003,S003003,D012,2026-08-19,Afternoon,24,0,24,0.0,Available,Hanamkonda
SL003004,S003004,D012,2026-08-20,Morning,23,0,23,0.0,Available,Hanamkonda
SL003005,S003005,D012,2026-08-21,Afternoon,21,3,18,14.29,Available,Hanamkonda
SL003006,S003006,D012,2026-08-24,Afternoon,21,4,17,19.05,Available,Hanamkonda
SL003007,S003007,D012,2026-08-25,Morning,17,0,17,0.0,Available,Hanamkonda
SL003008,S003008,D012,2026-08-26,Afternoon,15,0,15,0.0,Available,Hanamkonda
SL003009,S003009,D012,2026-08-27,Afternoon,25,1,24,4.0,Available,Hanamkonda
SL003010,S003010,D012,2026-08-28,Afternoon,19,3,16,15.79,Available,Hanamkonda
SL003011,S003011,D012,2026-08-31,Morning,28,4,24,14.29,Available,Hanamkonda
SL003012,S003012,D012,2026-09-02,Afternoon,29,0,29,0.0,Available,Hanamkonda
SL003013,S003013,D012,2026-09-03,Afternoon,16,0,16,0.0,Available,Hanamkonda
SL003014,S003014,D012,2026-09-04,Full Day,28,1,27,3.57,Available,Hanamkonda
SL003015,S003015,D012,2026-09-06,Afternoon,17,0,17,0.0,Available,Hanamkonda
SL003016,S003016,D012,2026-09-07,Afternoon,15,1,14,6.67,Available,Hanamkonda
SL003017,S003017,D012,2026-09-08,Morning,22,0,22,0.0,Available,Hanamkonda
SL003018,S003018,D012,2026-09-09,Afternoon,16,0,16,0.0,Available,Hanamkonda
SL003019,S003019,D012,2026-09-10,Full Day,37,1,36,2.7,Available,Hanamkonda
SL003020,S003020,D012,2026-09-11,Afternoon,21,3,18,14.29,Available,Hanamkonda
SL003021,S003021,D012,2026-09-14,Morning,18,3,15,16.67,Available,Hanamkonda
SL003022,S003022,D012,2026-09-15,Morning,24,0,24,0.0,Available,Hanamkonda
SL003023,S003023,D012,2026-09-16,Afternoon,23,1,22,4.35,Available,Hanamkonda
SL003024,S003024,D012,2026-09-17,Full Day,25,0,25,0.0,Available,Hanamkonda
SL003025,S003025,D012,2026-09-18,Morning,15,0,15,0.0,Available,Hanamkonda
SL003026,S003026,D012,2026-09-20,Full Day,44,0,44,0.0,Available,Hanamkonda
SL003027,S003027,D012,2026-09-21,Morning,14,0,14,0.0,Available,Hanamkonda
SL003028,S003028,D012,2026-09-22,Full Day,32,0,32,0.0,Available,Hanamkonda
SL003029,S003029,D012,2026-09-23,Afternoon,25,2,23,8.0,Available,Hanamkonda
SL003030,S003030,D012,2026-09-28,Full Day,31,2,29,6.45,Available,Hanamkonda
SL003031,S003031,D012,2026-09-29,Morning,17,2,15,11.76,Available,Hanamkonda
SL003032,S003032,D012,2026-09-30,Morning,14,1,13,7.14,Available,Hanamkonda
SL003033,S003033,D012,2026-10-01,Full Day,39,0,39,0.0,Available,Hanamkonda
SL003034,S003034,D012,2026-10-02,Afternoon,30,0,30,0.0,Available,Hanamkonda
SL003035,S003035,D012,2026-10-04,Morning,27,0,27,0.0,Available,Hanamkonda
SL003036,S003036,D012,2026-10-05,Morning,23,0,23,0.0,Available,Hanamkonda
SL003037,S003037,D012,2026-10-06,Morning,19,2,17,10.53,Available,Hanamkonda
SL003038,S003038,D012,2026-10-07,Afternoon,28,1,27,3.57,Available,Hanamkonda
SL003039,S003039,D012,2026-10-09,Afternoon,19,0,19,0.0,Available,Hanamkonda
SL003040,S003040,D012,2026-10-10,Full Day,42,1,41,2.38,Available,Hanamkonda
SL003041,S003041,D012,2026-10-12,Afternoon,24,1,23,4.17,Available,Hanamkonda
SL003042,S003042,D012,2026-10-14,Full Day,25,1,24,4.0,Available,Hanamkonda
SL003043,S003043,D012,2026-10-15,Morning,12,2,10,16.67,Available,Hanamkonda
SL003044,S003044,D012,2026-10-16,Morning,26,0,26,0.0,Available,Hanamkonda
SL003045,S003045,D012,2026-10-19,Afternoon,19,1,18,5.26,Available,Hanamkonda
SL003046,S003046,D012,2026-10-20,Afternoon,24,0,24,0.0,Available,Hanamkonda
SL003047,S003047,D012,2026-10-21,Full Day,35,2,33,5.71,Available,Hanamkonda
SL003048,S003048,D012,2026-10-22,Afternoon,24,0,24,0.0,Available,Hanamkonda
SL003049,S003049,D012,2026-10-23,Afternoon,25,2,23,8.0,Available,Hanamkonda
SL003050,S003050,D012,2026-10-24,Full Day,28,1,27,3.57,Available,Hanamkonda
SL003051,S003051,D012,2026-10-26,Morning,28,0,28,0.0,Available,Hanamkonda
SL003052,S003052,D012,2026-10-27,Morning,18,1,17,5.56,Available,Hanamkonda
SL003053,S003053,D012,2026-10-28,Afternoon,23,2,21,8.7,Available,Hanamkonda
SL003054,S003054,D012,2026-10-29,Afternoon,21,0,21,0.0,Available,Hanamkonda
SL003055,S003055,D012,2026-10-30,Afternoon,20,3,17,15.0,Available,Hanamkonda
SL003056,S003056,D012,2026-11-01,Morning,21,0,21,0.0,Available,Hanamkonda
SL003057,S003057,D012,2026-11-04,Afternoon,20,2,18,10.0,Available,Hanamkonda
SL003058,S003058,D012,2026-11-05,Afternoon,13,2,11,15.38,Available,Hanamkonda
SL003059,S003059,D012,2026-11-06,Full Day,34,0,34,0.0,Available,Hanamkonda
SL003060,S003060,D012,2026-11-10,Afternoon,14,1,13,7.14,Available,Hanamkonda
SL003061,S003061,D012,2026-11-11,Full Day,40,1,39,2.5,Available,Hanamkonda
SL003062,S003062,D012,2026-11-12,Full Day,30,1,29,3.33,Available,Hanamkonda
SL003063,S003063,D012,2026-11-13,Morning,22,2,20,9.09,Available,Hanamkonda
SL003064,S003064,D012,2026-11-16,Afternoon,27,0,27,0.0,Available,Hanamkonda
SL003065,S003065,D012,2026-11-17,Afternoon,17,1,16,5.88,Available,Hanamkonda
SL003066,S003066,D012,2026-11-18,Morning,25,0,25,0.0,Available,Hanamkonda
SL003067,S003067,D012,2026-11-19,Morning,17,1,16,5.88,Available,Hanamkonda
SL003068,S003068,D012,2026-11-20,Afternoon,15,3,12,20.0,Available,Hanamkonda
SL003069,S003069,D012,2026-11-23,Morning,14,1,13,7.14,Available,Hanamkonda
SL003070,S003070,D012,2026-11-25,Morning,12,2,10,16.67,Available,Hanamkonda
SL003071,S003071,D012,2026-11-26,Full Day,46,0,46,0.0,Available,Hanamkonda
SL003072,S003072,D012,2026-11-28,Afternoon,28,0,28,0.0,Available,Hanamkonda
SL003073,S003073,D012,2026-11-29,Morning,21,5,16,23.81,Available,Hanamkonda
SL003074,S003074,D012,2026-11-30,Morning,12,2,10,16.67,Available,Hanamkonda
SL003075,S003075,D012,2026-12-01,Afternoon,14,1,13,7.14,Available,Hanamkonda
SL003076,S003076,D012,2026-12-02,Morning,24,2,22,8.33,Available,Hanamkonda
SL003077,S003077,D012,2026-12-03,Afternoon,22,1,21,4.55,Available,Hanamkonda
SL003078,S003078,D012,2026-12-07,Full Day,32,0,32,0.0,Available,Hanamkonda
SL003079,S003079,D012,2026-12-08,Morning,28,0,28,0.0,Available,Hanamkonda
SL003080,S003080,D012,2026-12-10,Afternoon,13,1,12,7.69,Available,Hanamkonda
SL003081,S003081,D012,2026-12-11,Afternoon,14,0,14,0.0,Available,Hanamkonda
SL003082,S003082,D012,2026-12-14,Morning,15,4,11,26.67,Available,Hanamkonda
SL003083,S003083,D012,2026-12-15,Full Day,49,0,49,0.0,Available,Hanamkonda
SL003084,S003084,D012,2026-12-17,Afternoon,28,3,25,10.71,Available,Hanamkonda
SL003085,S003085,D012,2026-12-18,Full Day,44,2,42,4.55,Available,Hanamkonda
SL003086,S003086,D012,2026-12-20,Morning,26,1,25,3.85,Available,Hanamkonda
SL003087,S003087,D012,2026-12-21,Full Day,26,2,24,7.69,Available,Hanamkonda
SL003088,S003088,D012,2026-12-22,Morning,15,2,13,13.33,Available,Hanamkonda
SL003089,S003089,D012,2026-12-23,Afternoon,22,1,21,4.55,Available,Hanamkonda
SL003090,S003090,D012,2026-12-24,Full Day,43,2,41,4.65,Available,Hanamkonda
SL003091,S003091,D012,2026-12-25,Morning,13,0,13,0.0,Available,Hanamkonda
SL003092,S003092,D012,2026-12-28,Morning,22,1,21,4.55,Available,Hanamkonda
SL003093,S003093,D012,2026-12-29,Full Day,39,2,37,5.13,Available,Hanamkonda
SL003094,S003094,D012,2026-12-30,Full Day,47,2,45,4.26,Available,Hanamkonda
SL003095,S003095,D012,2026-12-31,Morning,13,0,13,0.0,Available,Hanamkonda
SL003096,S003096,D013,2026-01-01,Full Day,28,0,28,0.0,Available,Hyderabad
SL003097,S003097,D013,2026-01-02,Morning,29,3,26,10.34,Available,Hyderabad
SL003098,S003098,D013,2026-01-03,Afternoon,22,1,21,4.55,Available,Hyderabad
SL003099,S003099,D013,2026-01-05,Afternoon,28,0,28,0.0,Available,Hyderabad
SL003100,S003100,D013,2026-01-06,Morning,21,2,19,9.52,Available,Hyderabad
SL003101,S003101,D013,2026-01-07,Morning,13,0,13,0.0,Available,Hyderabad
SL003102,S003102,D013,2026-01-09,Morning,15,0,15,0.0,Available,Hyderabad
SL003103,S003103,D013,2026-01-12,Afternoon,21,1,20,4.76,Available,Hyderabad
SL003104,S003104,D013,2026-01-15,Afternoon,26,1,25,3.85,Available,Hyderabad
SL003105,S003105,D013,2026-01-16,Afternoon,15,4,11,26.67,Available,Hyderabad
SL003106,S003106,D013,2026-01-17,Full Day,43,0,43,0.0,Available,Hyderabad
SL003107,S003107,D013,2026-01-18,Morning,12,1,11,8.33,Available,Hyderabad
SL003108,S003108,D013,2026-01-19,Full Day,28,0,28,0.0,Available,Hyderabad
SL003109,S003109,D013,2026-01-20,Afternoon,16,1,15,6.25,Available,Hyderabad
SL003110,S003110,D013,2026-01-21,Afternoon,13,2,11,15.38,Available,Hyderabad
SL003111,S003111,D013,2026-01-22,Afternoon,23,1,22,4.35,Available,Hyderabad
SL003112,S003112,D013,2026-01-23,Afternoon,28,2,26,7.14,Available,Hyderabad
SL003113,S003113,D013,2026-01-26,Full Day,42,1,41,2.38,Available,Hyderabad
SL003114,S003114,D013,2026-01-27,Full Day,37,2,35,5.41,Available,Hyderabad
SL003115,S003115,D013,2026-01-28,Full Day,47,1,46,2.13,Available,Hyderabad
SL003116,S003116,D013,2026-01-29,Afternoon,21,2,19,9.52,Available,Hyderabad
SL003117,S003117,D013,2026-01-30,Full Day,45,1,44,2.22,Available,Hyderabad
SL003118,S003118,D013,2026-02-01,Afternoon,22,3,19,13.64,Available,Hyderabad
SL003119,S003119,D013,2026-02-02,Afternoon,19,1,18,5.26,Available,Hyderabad
SL003120,S003120,D013,2026-02-03,Full Day,37,1,36,2.7,Available,Hyderabad
SL003121,S003121,D013,2026-02-04,Afternoon,17,3,14,17.65,Available,Hyderabad
SL003122,S003122,D013,2026-02-06,Afternoon,18,1,17,5.56,Available,Hyderabad
SL003123,S003123,D013,2026-02-08,Full Day,34,2,32,5.88,Available,Hyderabad
SL003124,S003124,D013,2026-02-09,Afternoon,13,0,13,0.0,Available,Hyderabad
SL003125,S003125,D013,2026-02-10,Full Day,33,3,30,9.09,Available,Hyderabad
SL003126,S003126,D013,2026-02-11,Afternoon,26,0,26,0.0,Available,Hyderabad
SL003127,S003127,D013,2026-02-12,Morning,25,0,25,0.0,Available,Hyderabad
SL003128,S003128,D013,2026-02-13,Afternoon,28,0,28,0.0,Available,Hyderabad
SL003129,S003129,D013,2026-02-14,Afternoon,25,0,25,0.0,Available,Hyderabad
SL003130,S003130,D013,2026-02-16,Afternoon,14,2,12,14.29,Available,Hyderabad
SL003131,S003131,D013,2026-02-18,Afternoon,27,0,27,0.0,Available,Hyderabad
SL003132,S003132,D013,2026-02-20,Morning,18,0,18,0.0,Available,Hyderabad
SL003133,S003133,D013,2026-02-21,Morning,29,0,29,0.0,Available,Hyderabad
SL003134,S003134,D013,2026-02-23,Afternoon,28,0,28,0.0,Available,Hyderabad
SL003135,S003135,D013,2026-02-24,Afternoon,20,2,18,10.0,Available,Hyderabad
SL003136,S003136,D013,2026-02-26,Full Day,43,1,42,2.33,Available,Hyderabad
SL003137,S003137,D013,2026-02-27,Full Day,44,3,41,6.82,Available,Hyderabad
SL003138,S003138,D013,2026-03-02,Afternoon,28,2,26,7.14,Available,Hyderabad
SL003139,S003139,D013,2026-03-03,Afternoon,23,2,21,8.7,Available,Hyderabad
SL003140,S003140,D013,2026-03-04,Full Day,46,0,46,0.0,Available,Hyderabad
SL003141,S003141,D013,2026-03-05,Full Day,48,5,43,10.42,Available,Hyderabad
SL003142,S003142,D013,2026-03-06,Afternoon,27,2,25,7.41,Available,Hyderabad
SL003143,S003143,D013,2026-03-08,Morning,15,1,14,6.67,Available,Hyderabad
SL003144,S003144,D013,2026-03-10,Full Day,35,0,35,0.0,Available,Hyderabad
SL003145,S003145,D013,2026-03-11,Full Day,33,3,30,9.09,Available,Hyderabad
SL003146,S003146,D013,2026-03-12,Morning,26,0,26,0.0,Available,Hyderabad
SL003147,S003147,D013,2026-03-13,Full Day,50,1,49,2.0,Available,Hyderabad
SL003148,S003148,D013,2026-03-14,Full Day,34,2,32,5.88,Available,Hyderabad
SL003149,S003149,D013,2026-03-16,Afternoon,27,0,27,0.0,Available,Hyderabad
SL003150,S003150,D013,2026-03-17,Full Day,41,0,41,0.0,Available,Hyderabad
SL003151,S003151,D013,2026-03-18,Full Day,41,1,40,2.44,Available,Hyderabad
SL003152,S003152,D013,2026-03-19,Afternoon,13,1,12,7.69,Available,Hyderabad
SL003153,S003153,D013,2026-03-20,Full Day,43,3,40,6.98,Available,Hyderabad
SL003154,S003154,D013,2026-03-21,Full Day,34,1,33,2.94,Available,Hyderabad
SL003155,S003155,D013,2026-03-22,Afternoon,16,0,16,0.0,Available,Hyderabad
SL003156,S003156,D013,2026-03-23,Afternoon,28,5,23,17.86,Available,Hyderabad
SL003157,S003157,D013,2026-03-24,Full Day,47,3,44,6.38,Available,Hyderabad
SL003158,S003158,D013,2026-03-25,Afternoon,18,4,14,22.22,Available,Hyderabad
SL003159,S003159,D013,2026-03-27,Full Day,27,3,24,11.11,Available,Hyderabad
SL003160,S003160,D013,2026-03-30,Afternoon,12,2,10,16.67,Available,Hyderabad
SL003161,S003161,D013,2026-03-31,Afternoon,18,1,17,5.56,Available,Hyderabad
SL003162,S003162,D013,2026-04-01,Afternoon,28,1,27,3.57,Available,Hyderabad
SL003163,S003163,D013,2026-04-02,Afternoon,13,2,11,15.38,Available,Hyderabad
SL003164,S003164,D013,2026-04-03,Full Day,31,1,30,3.23,Available,Hyderabad
SL003165,S003165,D013,2026-04-04,Afternoon,23,2,21,8.7,Available,Hyderabad
SL003166,S003166,D013,2026-04-06,Morning,22,1,21,4.55,Available,Hyderabad
SL003167,S003167,D013,2026-04-07,Afternoon,17,0,17,0.0,Available,Hyderabad
SL003168,S003168,D013,2026-04-08,Morning,19,1,18,5.26,Available,Hyderabad
SL003169,S003169,D013,2026-04-09,Morning,29,3,26,10.34,Available,Hyderabad
SL003170,S003170,D013,2026-04-10,Full Day,27,0,27,0.0,Available,Hyderabad
SL003171,S003171,D013,2026-04-11,Full Day,31,5,26,16.13,Available,Hyderabad
SL003172,S003172,D013,2026-04-13,Full Day,50,3,47,6.0,Available,Hyderabad
SL003173,S003173,D013,2026-04-14,Afternoon,18,1,17,5.56,Available,Hyderabad
SL003174,S003174,D013,2026-04-15,Morning,14,3,11,21.43,Available,Hyderabad
SL003175,S003175,D013,2026-04-16,Morning,13,2,11,15.38,Available,Hyderabad
SL003176,S003176,D013,2026-04-17,Afternoon,23,3,20,13.04,Available,Hyderabad
SL003177,S003177,D013,2026-04-20,Morning,17,1,16,5.88,Available,Hyderabad
SL003178,S003178,D013,2026-04-21,Morning,15,3,12,20.0,Available,Hyderabad
SL003179,S003179,D013,2026-04-22,Afternoon,20,2,18,10.0,Available,Hyderabad
SL003180,S003180,D013,2026-04-23,Morning,13,2,11,15.38,Available,Hyderabad
SL003181,S003181,D013,2026-04-24,Full Day,28,3,25,10.71,Available,Hyderabad
SL003182,S003182,D013,2026-04-27,Full Day,47,0,47,0.0,Available,Hyderabad
SL003183,S003183,D013,2026-04-30,Morning,26,1,25,3.85,Available,Hyderabad
SL003184,S003184,D013,2026-05-01,Full Day,42,3,39,7.14,Available,Hyderabad
SL003185,S003185,D013,2026-05-04,Morning,18,0,18,0.0,Available,Hyderabad
SL003186,S003186,D013,2026-05-05,Morning,16,1,15,6.25,Available,Hyderabad
SL003187,S003187,D013,2026-05-06,Full Day,31,1,30,3.23,Available,Hyderabad
SL003188,S003188,D013,2026-05-07,Morning,13,0,13,0.0,Available,Hyderabad
SL003189,S003189,D013,2026-05-08,Afternoon,23,3,20,13.04,Available,Hyderabad
SL003190,S003190,D013,2026-05-11,Full Day,26,1,25,3.85,Available,Hyderabad
SL003191,S003191,D013,2026-05-13,Afternoon,24,3,21,12.5,Available,Hyderabad
SL003192,S003192,D013,2026-05-14,Morning,22,5,17,22.73,Available,Hyderabad
SL003193,S003193,D013,2026-05-15,Full Day,40,2,38,5.0,Available,Hyderabad
SL003194,S003194,D013,2026-05-16,Morning,27,1,26,3.7,Available,Hyderabad
SL003195,S003195,D013,2026-05-17,Morning,17,0,17,0.0,Available,Hyderabad
SL003196,S003196,D013,2026-05-18,Full Day,41,1,40,2.44,Available,Hyderabad
SL003197,S003197,D013,2026-05-19,Full Day,44,1,43,2.27,Available,Hyderabad
SL003198,S003198,D013,2026-05-20,Morning,23,4,19,17.39,Available,Hyderabad
SL003199,S003199,D013,2026-05-21,Full Day,40,2,38,5.0,Available,Hyderabad
SL003200,S003200,D013,2026-05-22,Morning,22,3,19,13.64,Available,Hyderabad
SL003201,S003201,D013,2026-05-25,Full Day,44,1,43,2.27,Available,Hyderabad
SL003202,S003202,D013,2026-05-26,Afternoon,13,4,9,30.77,Available,Hyderabad
SL003203,S003203,D013,2026-05-28,Full Day,27,2,25,7.41,Available,Hyderabad
SL003204,S003204,D013,2026-05-29,Full Day,31,3,28,9.68,Available,Hyderabad
SL003205,S003205,D013,2026-05-30,Full Day,40,0,40,0.0,Available,Hyderabad
SL003206,S003206,D013,2026-06-01,Full Day,46,2,44,4.35,Available,Hyderabad
SL003207,S003207,D013,2026-06-02,Full Day,44,0,44,0.0,Available,Hyderabad
SL003208,S003208,D013,2026-06-03,Morning,29,0,29,0.0,Available,Hyderabad
SL003209,S003209,D013,2026-06-05,Afternoon,21,0,21,0.0,Available,Hyderabad
SL003210,S003210,D013,2026-06-08,Full Day,37,0,37,0.0,Available,Hyderabad
SL003211,S003211,D013,2026-06-09,Full Day,42,0,42,0.0,Available,Hyderabad
SL003212,S003212,D013,2026-06-10,Full Day,50,1,49,2.0,Available,Hyderabad
SL003213,S003213,D013,2026-06-11,Afternoon,26,4,22,15.38,Available,Hyderabad
SL003214,S003214,D013,2026-06-12,Morning,30,1,29,3.33,Available,Hyderabad
SL003215,S003215,D013,2026-06-13,Morning,25,1,24,4.0,Available,Hyderabad
SL003216,S003216,D013,2026-06-15,Afternoon,25,1,24,4.0,Available,Hyderabad
SL003217,S003217,D013,2026-06-16,Afternoon,13,2,11,15.38,Available,Hyderabad
SL003218,S003218,D013,2026-06-17,Morning,21,1,20,4.76,Available,Hyderabad
SL003219,S003219,D013,2026-06-18,Morning,23,3,20,13.04,Available,Hyderabad
SL003220,S003220,D013,2026-06-19,Full Day,40,2,38,5.0,Available,Hyderabad
SL003221,S003221,D013,2026-06-21,Afternoon,25,2,23,8.0,Available,Hyderabad
SL003222,S003222,D013,2026-06-22,Morning,18,1,17,5.56,Available,Hyderabad
SL003223,S003223,D013,2026-06-23,Morning,23,2,21,8.7,Available,Hyderabad
SL003224,S003224,D013,2026-06-24,Afternoon,16,1,15,6.25,Available,Hyderabad
SL003225,S003225,D013,2026-06-26,Afternoon,21,1,20,4.76,Available,Hyderabad
SL003226,S003226,D013,2026-06-29,Full Day,38,2,36,5.26,Available,Hyderabad
SL003227,S003227,D013,2026-06-30,Full Day,49,1,48,2.04,Available,Hyderabad
SL003228,S003228,D013,2026-07-01,Afternoon,30,1,29,3.33,Available,Hyderabad
SL003229,S003229,D013,2026-07-02,Full Day,47,3,44,6.38,Available,Hyderabad
SL003230,S003230,D013,2026-07-03,Afternoon,30,1,29,3.33,Available,Hyderabad
SL003231,S003231,D013,2026-07-04,Morning,28,1,27,3.57,Available,Hyderabad
SL003232,S003232,D013,2026-07-05,Morning,22,0,22,0.0,Available,Hyderabad
SL003233,S003233,D013,2026-07-06,Afternoon,14,2,12,14.29,Available,Hyderabad
SL003234,S003234,D013,2026-07-07,Morning,13,1,12,7.69,Available,Hyderabad
SL003235,S003235,D013,2026-07-08,Full Day,43,2,41,4.65,Available,Hyderabad
SL003236,S003236,D013,2026-07-09,Afternoon,22,1,21,4.55,Available,Hyderabad
SL003237,S003237,D013,2026-07-10,Afternoon,21,3,18,14.29,Available,Hyderabad
SL003238,S003238,D013,2026-07-11,Morning,14,2,12,14.29,Available,Hyderabad
SL003239,S003239,D013,2026-07-12,Full Day,30,0,30,0.0,Available,Hyderabad
SL003240,S003240,D013,2026-07-14,Full Day,43,2,41,4.65,Available,Hyderabad
SL003241,S003241,D013,2026-07-15,Morning,15,2,13,13.33,Available,Hyderabad
SL003242,S003242,D013,2026-07-16,Full Day,29,1,28,3.45,Available,Hyderabad
SL003243,S003243,D013,2026-07-17,Afternoon,27,1,26,3.7,Available,Hyderabad
SL003244,S003244,D013,2026-07-20,Afternoon,16,3,13,18.75,Available,Hyderabad
SL003245,S003245,D013,2026-07-21,Full Day,30,0,30,0.0,Available,Hyderabad
SL003246,S003246,D013,2026-07-22,Afternoon,27,0,27,0.0,Available,Hyderabad
SL003247,S003247,D013,2026-07-23,Morning,14,1,13,7.14,Available,Hyderabad
SL003248,S003248,D013,2026-07-24,Afternoon,17,1,16,5.88,Available,Hyderabad
SL003249,S003249,D013,2026-07-27,Afternoon,19,1,18,5.26,Available,Hyderabad
SL003250,S003250,D013,2026-07-28,Morning,26,2,24,7.69,Available,Hyderabad
SL003251,S003251,D013,2026-07-29,Morning,28,1,27,3.57,Available,Hyderabad
SL003252,S003252,D013,2026-07-30,Afternoon,30,1,29,3.33,Available,Hyderabad
SL003253,S003253,D013,2026-08-02,Morning,17,1,16,5.88,Available,Hyderabad
SL003254,S003254,D013,2026-08-04,Morning,21,4,17,19.05,Available,Hyderabad
SL003255,S003255,D013,2026-08-05,Morning,17,0,17,0.0,Available,Hyderabad
SL003256,S003256,D013,2026-08-06,Afternoon,13,2,11,15.38,Available,Hyderabad
SL003257,S003257,D013,2026-08-07,Morning,29,1,28,3.45,Available,Hyderabad
SL003258,S003258,D013,2026-08-10,Afternoon,26,1,25,3.85,Available,Hyderabad
SL003259,S003259,D013,2026-08-11,Morning,19,2,17,10.53,Available,Hyderabad
SL003260,S003260,D013,2026-08-12,Morning,30,3,27,10.0,Available,Hyderabad
SL003261,S003261,D013,2026-08-13,Morning,28,1,27,3.57,Available,Hyderabad
SL003262,S003262,D013,2026-08-14,Afternoon,27,2,25,7.41,Available,Hyderabad
SL003263,S003263,D013,2026-08-15,Afternoon,13,3,10,23.08,Available,Hyderabad
SL003264,S003264,D013,2026-08-18,Morning,24,0,24,0.0,Available,Hyderabad
SL003265,S003265,D013,2026-08-19,Morning,18,1,17,5.56,Available,Hyderabad
SL003266,S003266,D013,2026-08-20,Afternoon,12,0,12,0.0,Available,Hyderabad
SL003267,S003267,D013,2026-08-21,Full Day,37,3,34,8.11,Available,Hyderabad
SL003268,S003268,D013,2026-08-23,Morning,30,4,26,13.33,Available,Hyderabad
SL003269,S003269,D013,2026-08-24,Morning,15,1,14,6.67,Available,Hyderabad
SL003270,S003270,D013,2026-08-25,Morning,23,1,22,4.35,Available,Hyderabad
SL003271,S003271,D013,2026-08-26,Full Day,26,1,25,3.85,Available,Hyderabad
SL003272,S003272,D013,2026-08-27,Afternoon,21,2,19,9.52,Available,Hyderabad
SL003273,S003273,D013,2026-08-28,Full Day,39,1,38,2.56,Available,Hyderabad
SL003274,S003274,D013,2026-08-31,Full Day,41,3,38,7.32,Available,Hyderabad
SL003275,S003275,D013,2026-09-01,Full Day,43,0,43,0.0,Available,Hyderabad
SL003276,S003276,D013,2026-09-02,Morning,15,2,13,13.33,Available,Hyderabad
SL003277,S003277,D013,2026-09-03,Full Day,41,3,38,7.32,Available,Hyderabad
SL003278,S003278,D013,2026-09-04,Morning,25,2,23,8.0,Available,Hyderabad
SL003279,S003279,D013,2026-09-05,Afternoon,13,3,10,23.08,Available,Hyderabad
SL003280,S003280,D013,2026-09-06,Afternoon,14,0,14,0.0,Available,Hyderabad
SL003281,S003281,D013,2026-09-08,Afternoon,17,2,15,11.76,Available,Hyderabad
SL003282,S003282,D013,2026-09-09,Morning,13,2,11,15.38,Available,Hyderabad
SL003283,S003283,D013,2026-09-10,Morning,20,0,20,0.0,Available,Hyderabad
SL003284,S003284,D013,2026-09-14,Afternoon,21,2,19,9.52,Available,Hyderabad
SL003285,S003285,D013,2026-09-15,Full Day,39,1,38,2.56,Available,Hyderabad
SL003286,S003286,D013,2026-09-16,Morning,27,1,26,3.7,Available,Hyderabad
SL003287,S003287,D013,2026-09-17,Full Day,39,0,39,0.0,Available,Hyderabad
SL003288,S003288,D013,2026-09-18,Afternoon,25,2,23,8.0,Available,Hyderabad
SL003289,S003289,D013,2026-09-20,Full Day,49,0,49,0.0,Available,Hyderabad
SL003290,S003290,D013,2026-09-21,Afternoon,23,1,22,4.35,Available,Hyderabad
SL003291,S003291,D013,2026-09-22,Morning,25,0,25,0.0,Available,Hyderabad
SL003292,S003292,D013,2026-09-23,Morning,19,3,16,15.79,Available,Hyderabad
SL003293,S003293,D013,2026-09-25,Afternoon,29,2,27,6.9,Available,Hyderabad
SL003294,S003294,D013,2026-09-26,Full Day,29,2,27,6.9,Available,Hyderabad
SL003295,S003295,D013,2026-09-28,Morning,21,5,16,23.81,Available,Hyderabad
SL003296,S003296,D013,2026-09-29,Full Day,42,0,42,0.0,Available,Hyderabad
SL003297,S003297,D013,2026-09-30,Afternoon,23,1,22,4.35,Available,Hyderabad
SL003298,S003298,D013,2026-10-01,Morning,22,0,22,0.0,Available,Hyderabad
SL003299,S003299,D013,2026-10-02,Full Day,35,0,35,0.0,Available,Hyderabad
SL003300,S003300,D013,2026-10-05,Full Day,36,0,36,0.0,Available,Hyderabad
SL003301,S003301,D013,2026-10-06,Afternoon,29,2,27,6.9,Available,Hyderabad
SL003302,S003302,D013,2026-10-07,Full Day,27,2,25,7.41,Available,Hyderabad
SL003303,S003303,D013,2026-10-08,Morning,22,2,20,9.09,Available,Hyderabad
SL003304,S003304,D013,2026-10-09,Full Day,38,1,37,2.63,Available,Hyderabad
SL003305,S003305,D013,2026-10-12,Full Day,42,2,40,4.76,Available,Hyderabad
SL003306,S003306,D013,2026-10-13,Morning,27,0,27,0.0,Available,Hyderabad
SL003307,S003307,D013,2026-10-14,Morning,17,2,15,11.76,Available,Hyderabad
SL003308,S003308,D013,2026-10-15,Morning,30,0,30,0.0,Available,Hyderabad
SL003309,S003309,D013,2026-10-16,Morning,14,2,12,14.29,Available,Hyderabad
SL003310,S003310,D013,2026-10-18,Afternoon,16,1,15,6.25,Available,Hyderabad
SL003311,S003311,D013,2026-10-19,Afternoon,20,3,17,15.0,Available,Hyderabad
SL003312,S003312,D013,2026-10-20,Afternoon,21,1,20,4.76,Available,Hyderabad
SL003313,S003313,D013,2026-10-21,Full Day,29,0,29,0.0,Available,Hyderabad
SL003314,S003314,D013,2026-10-22,Afternoon,24,1,23,4.17,Available,Hyderabad
SL003315,S003315,D013,2026-10-23,Morning,27,1,26,3.7,Available,Hyderabad
SL003316,S003316,D013,2026-10-26,Morning,21,0,21,0.0,Available,Hyderabad
SL003317,S003317,D013,2026-10-27,Morning,13,0,13,0.0,Available,Hyderabad
SL003318,S003318,D013,2026-10-28,Morning,16,1,15,6.25,Available,Hyderabad
SL003319,S003319,D013,2026-10-29,Morning,12,3,9,25.0,Available,Hyderabad
SL003320,S003320,D013,2026-10-30,Morning,25,0,25,0.0,Available,Hyderabad
SL003321,S003321,D013,2026-10-31,Full Day,45,0,45,0.0,Available,Hyderabad
SL003322,S003322,D013,2026-11-01,Morning,29,1,28,3.45,Available,Hyderabad
SL003323,S003323,D013,2026-11-02,Full Day,46,1,45,2.17,Available,Hyderabad
SL003324,S003324,D013,2026-11-03,Afternoon,13,1,12,7.69,Available,Hyderabad
SL003325,S003325,D013,2026-11-04,Full Day,44,3,41,6.82,Available,Hyderabad
SL003326,S003326,D013,2026-11-05,Morning,28,1,27,3.57,Available,Hyderabad
SL003327,S003327,D013,2026-11-06,Full Day,38,2,36,5.26,Available,Hyderabad
SL003328,S003328,D013,2026-11-07,Afternoon,30,2,28,6.67,Available,Hyderabad
SL003329,S003329,D013,2026-11-10,Afternoon,17,0,17,0.0,Available,Hyderabad
SL003330,S003330,D013,2026-11-11,Full Day,42,1,41,2.38,Available,Hyderabad
SL003331,S003331,D013,2026-11-12,Full Day,48,1,47,2.08,Available,Hyderabad
SL003332,S003332,D013,2026-11-13,Morning,14,2,12,14.29,Available,Hyderabad
SL003333,S003333,D013,2026-11-16,Afternoon,22,1,21,4.55,Available,Hyderabad
SL003334,S003334,D013,2026-11-17,Morning,20,0,20,0.0,Available,Hyderabad
SL003335,S003335,D013,2026-11-18,Afternoon,25,0,25,0.0,Available,Hyderabad
SL003336,S003336,D013,2026-11-19,Morning,29,1,28,3.45,Available,Hyderabad
SL003337,S003337,D013,2026-11-22,Afternoon,13,1,12,7.69,Available,Hyderabad
SL003338,S003338,D013,2026-11-23,Full Day,26,0,26,0.0,Available,Hyderabad
SL003339,S003339,D013,2026-11-24,Afternoon,28,3,25,10.71,Available,Hyderabad
SL003340,S003340,D013,2026-11-25,Morning,22,3,19,13.64,Available,Hyderabad
SL003341,S003341,D013,2026-11-26,Full Day,43,2,41,4.65,Available,Hyderabad
SL003342,S003342,D013,2026-11-27,Full Day,48,1,47,2.08,Available,Hyderabad
SL003343,S003343,D013,2026-12-01,Morning,29,4,25,13.79,Available,Hyderabad
SL003344,S003344,D013,2026-12-02,Afternoon,18,2,16,11.11,Available,Hyderabad
SL003345,S003345,D013,2026-12-03,Full Day,44,1,43,2.27,Available,Hyderabad
SL003346,S003346,D013,2026-12-04,Morning,19,1,18,5.26,Available,Hyderabad
SL003347,S003347,D013,2026-12-07,Morning,25,2,23,8.0,Available,Hyderabad
SL003348,S003348,D013,2026-12-08,Afternoon,27,1,26,3.7,Available,Hyderabad
SL003349,S003349,D013,2026-12-09,Morning,19,2,17,10.53,Available,Hyderabad
SL003350,S003350,D013,2026-12-10,Full Day,39,0,39,0.0,Available,Hyderabad
SL003351,S003351,D013,2026-12-14,Afternoon,24,0,24,0.0,Available,Hyderabad
SL003352,S003352,D013,2026-12-15,Morning,14,1,13,7.14,Available,Hyderabad
SL003353,S003353,D013,2026-12-16,Afternoon,26,0,26,0.0,Available,Hyderabad
SL003354,S003354,D013,2026-12-17,Full Day,46,0,46,0.0,Available,Hyderabad
SL003355,S003355,D013,2026-12-18,Full Day,27,3,24,11.11,Available,Hyderabad
SL003356,S003356,D013,2026-12-21,Morning,17,0,17,0.0,Available,Hyderabad
SL003357,S003357,D013,2026-12-23,Full Day,28,2,26,7.14,Available,Hyderabad
SL003358,S003358,D013,2026-12-24,Afternoon,12,2,10,16.67,Available,Hyderabad
SL003359,S003359,D013,2026-12-25,Afternoon,24,1,23,4.17,Available,Hyderabad
SL003360,S003360,D013,2026-12-26,Morning,25,4,21,16.0,Available,Hyderabad
SL003361,S003361,D013,2026-12-27,Afternoon,26,1,25,3.85,Available,Hyderabad
SL003362,S003362,D013,2026-12-28,Morning,20,1,19,5.0,Available,Hyderabad
SL003363,S003363,D013,2026-12-29,Full Day,40,1,39,2.5,Available,Hyderabad
SL003364,S003364,D013,2026-12-30,Morning,29,2,27,6.9,Available,Hyderabad
SL003365,S003365,D013,2026-12-31,Afternoon,14,3,11,21.43,Available,Hyderabad
SL003366,S003366,D014,2026-01-02,Afternoon,29,1,28,3.45,Available,Hanamkonda
SL003367,S003367,D014,2026-01-05,Afternoon,28,1,27,3.57,Available,Hanamkonda
SL003368,S003368,D014,2026-01-06,Full Day,42,2,40,4.76,Available,Hanamkonda
SL003369,S003369,D014,2026-01-07,Full Day,41,1,40,2.44,Available,Hanamkonda
SL003370,S003370,D014,2026-01-08,Afternoon,19,2,17,10.53,Available,Hanamkonda
SL003371,S003371,D014,2026-01-09,Full Day,49,0,49,0.0,Available,Hanamkonda
SL003372,S003372,D014,2026-01-10,Morning,24,2,22,8.33,Available,Hanamkonda
SL003373,S003373,D014,2026-01-11,Afternoon,24,1,23,4.17,Available,Hanamkonda
SL003374,S003374,D014,2026-01-12,Afternoon,16,3,13,18.75,Available,Hanamkonda
SL003375,S003375,D014,2026-01-13,Full Day,29,4,25,13.79,Available,Hanamkonda
SL003376,S003376,D014,2026-01-14,Afternoon,17,0,17,0.0,Available,Hanamkonda
SL003377,S003377,D014,2026-01-15,Afternoon,22,2,20,9.09,Available,Hanamkonda
SL003378,S003378,D014,2026-01-16,Morning,30,1,29,3.33,Available,Hanamkonda
SL003379,S003379,D014,2026-01-21,Morning,26,0,26,0.0,Available,Hanamkonda
SL003380,S003380,D014,2026-01-22,Full Day,33,0,33,0.0,Available,Hanamkonda
SL003381,S003381,D014,2026-01-23,Full Day,28,2,26,7.14,Available,Hanamkonda
SL003382,S003382,D014,2026-01-24,Afternoon,30,1,29,3.33,Available,Hanamkonda
SL003383,S003383,D014,2026-01-26,Morning,21,0,21,0.0,Available,Hanamkonda
SL003384,S003384,D014,2026-01-27,Full Day,39,1,38,2.56,Available,Hanamkonda
SL003385,S003385,D014,2026-01-28,Afternoon,20,2,18,10.0,Available,Hanamkonda
SL003386,S003386,D014,2026-01-30,Afternoon,18,3,15,16.67,Available,Hanamkonda
SL003387,S003387,D014,2026-02-02,Morning,20,1,19,5.0,Available,Hanamkonda
SL003388,S003388,D014,2026-02-04,Afternoon,12,1,11,8.33,Available,Hanamkonda
SL003389,S003389,D014,2026-02-05,Morning,27,3,24,11.11,Available,Hanamkonda
SL003390,S003390,D014,2026-02-06,Full Day,50,3,47,6.0,Available,Hanamkonda
SL003391,S003391,D014,2026-02-07,Afternoon,28,2,26,7.14,Available,Hanamkonda
SL003392,S003392,D014,2026-02-08,Full Day,49,1,48,2.04,Available,Hanamkonda
SL003393,S003393,D014,2026-02-09,Morning,23,0,23,0.0,Available,Hanamkonda
SL003394,S003394,D014,2026-02-10,Afternoon,19,0,19,0.0,Available,Hanamkonda
SL003395,S003395,D014,2026-02-11,Afternoon,21,1,20,4.76,Available,Hanamkonda
SL003396,S003396,D014,2026-02-12,Afternoon,17,1,16,5.88,Available,Hanamkonda
SL003397,S003397,D014,2026-02-13,Full Day,40,0,40,0.0,Available,Hanamkonda
SL003398,S003398,D014,2026-02-15,Full Day,29,1,28,3.45,Available,Hanamkonda
SL003399,S003399,D014,2026-02-17,Afternoon,23,4,19,17.39,Available,Hanamkonda
SL003400,S003400,D014,2026-02-19,Afternoon,27,0,27,0.0,Available,Hanamkonda
SL003401,S003401,D014,2026-02-20,Afternoon,20,0,20,0.0,Available,Hanamkonda
SL003402,S003402,D014,2026-02-23,Morning,21,2,19,9.52,Available,Hanamkonda
SL003403,S003403,D014,2026-02-24,Full Day,30,2,28,6.67,Available,Hanamkonda
SL003404,S003404,D014,2026-02-25,Morning,25,1,24,4.0,Available,Hanamkonda
SL003405,S003405,D014,2026-02-26,Full Day,36,0,36,0.0,Available,Hanamkonda
SL003406,S003406,D014,2026-02-27,Full Day,40,0,40,0.0,Available,Hanamkonda
SL003407,S003407,D014,2026-02-28,Full Day,31,2,29,6.45,Available,Hanamkonda
SL003408,S003408,D014,2026-03-01,Afternoon,29,2,27,6.9,Available,Hanamkonda
SL003409,S003409,D014,2026-03-02,Afternoon,25,1,24,4.0,Available,Hanamkonda
SL003410,S003410,D014,2026-03-03,Afternoon,29,1,28,3.45,Available,Hanamkonda
SL003411,S003411,D014,2026-03-04,Full Day,46,1,45,2.17,Available,Hanamkonda
SL003412,S003412,D014,2026-03-08,Afternoon,22,0,22,0.0,Available,Hanamkonda
SL003413,S003413,D014,2026-03-09,Afternoon,21,0,21,0.0,Available,Hanamkonda
SL003414,S003414,D014,2026-03-10,Full Day,25,0,25,0.0,Available,Hanamkonda
SL003415,S003415,D014,2026-03-12,Afternoon,14,4,10,28.57,Available,Hanamkonda
SL003416,S003416,D014,2026-03-13,Afternoon,14,2,12,14.29,Available,Hanamkonda
SL003417,S003417,D014,2026-03-16,Morning,29,2,27,6.9,Available,Hanamkonda
SL003418,S003418,D014,2026-03-19,Afternoon,19,1,18,5.26,Available,Hanamkonda
SL003419,S003419,D014,2026-03-20,Morning,21,0,21,0.0,Available,Hanamkonda
SL003420,S003420,D014,2026-03-23,Afternoon,18,2,16,11.11,Available,Hanamkonda
SL003421,S003421,D014,2026-03-25,Afternoon,19,2,17,10.53,Available,Hanamkonda
SL003422,S003422,D014,2026-03-26,Morning,21,2,19,9.52,Available,Hanamkonda
SL003423,S003423,D014,2026-03-27,Full Day,32,0,32,0.0,Available,Hanamkonda
SL003424,S003424,D014,2026-03-28,Afternoon,12,2,10,16.67,Available,Hanamkonda
SL003425,S003425,D014,2026-03-29,Morning,18,0,18,0.0,Available,Hanamkonda
SL003426,S003426,D014,2026-03-30,Full Day,50,1,49,2.0,Available,Hanamkonda
SL003427,S003427,D014,2026-03-31,Afternoon,14,7,7,50.0,Available,Hanamkonda
SL003428,S003428,D014,2026-04-01,Full Day,32,2,30,6.25,Available,Hanamkonda
SL003429,S003429,D014,2026-04-02,Full Day,49,0,49,0.0,Available,Hanamkonda
SL003430,S003430,D014,2026-04-03,Afternoon,16,0,16,0.0,Available,Hanamkonda
SL003431,S003431,D014,2026-04-06,Morning,22,3,19,13.64,Available,Hanamkonda
SL003432,S003432,D014,2026-04-07,Afternoon,26,1,25,3.85,Available,Hanamkonda
SL003433,S003433,D014,2026-04-08,Full Day,33,3,30,9.09,Available,Hanamkonda
SL003434,S003434,D014,2026-04-09,Afternoon,19,0,19,0.0,Available,Hanamkonda
SL003435,S003435,D014,2026-04-10,Full Day,44,0,44,0.0,Available,Hanamkonda
SL003436,S003436,D014,2026-04-12,Afternoon,25,2,23,8.0,Available,Hanamkonda
SL003437,S003437,D014,2026-04-13,Full Day,46,1,45,2.17,Available,Hanamkonda
SL003438,S003438,D014,2026-04-15,Morning,27,0,27,0.0,Available,Hanamkonda
SL003439,S003439,D014,2026-04-16,Full Day,29,2,27,6.9,Available,Hanamkonda
SL003440,S003440,D014,2026-04-17,Afternoon,28,1,27,3.57,Available,Hanamkonda
SL003441,S003441,D014,2026-04-20,Morning,15,4,11,26.67,Available,Hanamkonda
SL003442,S003442,D014,2026-04-21,Full Day,36,0,36,0.0,Available,Hanamkonda
SL003443,S003443,D014,2026-04-22,Afternoon,30,1,29,3.33,Available,Hanamkonda
SL003444,S003444,D014,2026-04-23,Full Day,31,0,31,0.0,Available,Hanamkonda
SL003445,S003445,D014,2026-04-24,Full Day,45,2,43,4.44,Available,Hanamkonda
SL003446,S003446,D014,2026-04-25,Afternoon,21,2,19,9.52,Available,Hanamkonda
SL003447,S003447,D014,2026-04-26,Full Day,47,2,45,4.26,Available,Hanamkonda
SL003448,S003448,D014,2026-04-27,Morning,14,1,13,7.14,Available,Hanamkonda
SL003449,S003449,D014,2026-04-28,Full Day,25,1,24,4.0,Available,Hanamkonda
SL003450,S003450,D014,2026-04-29,Full Day,43,2,41,4.65,Available,Hanamkonda
SL003451,S003451,D014,2026-04-30,Morning,19,1,18,5.26,Available,Hanamkonda
SL003452,S003452,D014,2026-05-02,Morning,27,2,25,7.41,Available,Hanamkonda
SL003453,S003453,D014,2026-05-04,Afternoon,19,1,18,5.26,Available,Hanamkonda
SL003454,S003454,D014,2026-05-06,Afternoon,13,3,10,23.08,Available,Hanamkonda
SL003455,S003455,D014,2026-05-07,Afternoon,21,1,20,4.76,Available,Hanamkonda
SL003456,S003456,D014,2026-05-08,Morning,13,0,13,0.0,Available,Hanamkonda
SL003457,S003457,D014,2026-05-11,Full Day,25,2,23,8.0,Available,Hanamkonda
SL003458,S003458,D014,2026-05-12,Full Day,41,1,40,2.44,Available,Hanamkonda
SL003459,S003459,D014,2026-05-13,Morning,16,0,16,0.0,Available,Hanamkonda
SL003460,S003460,D014,2026-05-14,Morning,12,0,12,0.0,Available,Hanamkonda
SL003461,S003461,D014,2026-05-15,Full Day,33,0,33,0.0,Available,Hanamkonda
SL003462,S003462,D014,2026-05-17,Afternoon,29,2,27,6.9,Available,Hanamkonda
SL003463,S003463,D014,2026-05-18,Full Day,43,3,40,6.98,Available,Hanamkonda
SL003464,S003464,D014,2026-05-19,Morning,13,0,13,0.0,Available,Hanamkonda
SL003465,S003465,D014,2026-05-20,Afternoon,19,0,19,0.0,Available,Hanamkonda
SL003466,S003466,D014,2026-05-21,Full Day,35,1,34,2.86,Available,Hanamkonda
SL003467,S003467,D014,2026-05-22,Morning,26,1,25,3.85,Available,Hanamkonda
SL003468,S003468,D014,2026-05-23,Afternoon,29,0,29,0.0,Available,Hanamkonda
SL003469,S003469,D014,2026-05-27,Morning,15,1,14,6.67,Available,Hanamkonda
SL003470,S003470,D014,2026-05-28,Full Day,40,0,40,0.0,Available,Hanamkonda
SL003471,S003471,D014,2026-05-29,Full Day,46,0,46,0.0,Available,Hanamkonda
SL003472,S003472,D014,2026-06-01,Afternoon,25,4,21,16.0,Available,Hanamkonda
SL003473,S003473,D014,2026-06-02,Afternoon,29,4,25,13.79,Available,Hanamkonda
SL003474,S003474,D014,2026-06-04,Morning,24,0,24,0.0,Available,Hanamkonda
SL003475,S003475,D014,2026-06-05,Afternoon,13,2,11,15.38,Available,Hanamkonda
SL003476,S003476,D014,2026-06-06,Morning,14,1,13,7.14,Available,Hanamkonda
SL003477,S003477,D014,2026-06-08,Afternoon,13,1,12,7.69,Available,Hanamkonda
SL003478,S003478,D014,2026-06-10,Full Day,27,1,26,3.7,Available,Hanamkonda
SL003479,S003479,D014,2026-06-11,Afternoon,16,1,15,6.25,Available,Hanamkonda
SL003480,S003480,D014,2026-06-12,Full Day,38,2,36,5.26,Available,Hanamkonda
SL003481,S003481,D014,2026-06-15,Morning,27,1,26,3.7,Available,Hanamkonda
SL003482,S003482,D014,2026-06-16,Full Day,35,1,34,2.86,Available,Hanamkonda
SL003483,S003483,D014,2026-06-17,Full Day,48,0,48,0.0,Available,Hanamkonda
SL003484,S003484,D014,2026-06-18,Full Day,31,1,30,3.23,Available,Hanamkonda
SL003485,S003485,D014,2026-06-22,Afternoon,26,2,24,7.69,Available,Hanamkonda
SL003486,S003486,D014,2026-06-23,Morning,24,1,23,4.17,Available,Hanamkonda
SL003487,S003487,D014,2026-06-25,Afternoon,24,3,21,12.5,Available,Hanamkonda
SL003488,S003488,D014,2026-06-26,Afternoon,12,0,12,0.0,Available,Hanamkonda
SL003489,S003489,D014,2026-06-28,Morning,24,1,23,4.17,Available,Hanamkonda
SL003490,S003490,D014,2026-06-29,Morning,23,2,21,8.7,Available,Hanamkonda
SL003491,S003491,D014,2026-06-30,Afternoon,22,3,19,13.64,Available,Hanamkonda
SL003492,S003492,D014,2026-07-01,Full Day,48,2,46,4.17,Available,Hanamkonda
SL003493,S003493,D014,2026-07-02,Full Day,49,1,48,2.04,Available,Hanamkonda
SL003494,S003494,D014,2026-07-03,Afternoon,28,1,27,3.57,Available,Hanamkonda
SL003495,S003495,D014,2026-07-04,Morning,26,2,24,7.69,Available,Hanamkonda
SL003496,S003496,D014,2026-07-06,Full Day,50,1,49,2.0,Available,Hanamkonda
SL003497,S003497,D014,2026-07-07,Morning,30,2,28,6.67,Available,Hanamkonda
SL003498,S003498,D014,2026-07-08,Afternoon,26,0,26,0.0,Available,Hanamkonda
SL003499,S003499,D014,2026-07-09,Full Day,27,2,25,7.41,Available,Hanamkonda
SL003500,S003500,D014,2026-07-10,Afternoon,16,1,15,6.25,Available,Hanamkonda
SL003501,S003501,D014,2026-07-11,Full Day,43,2,41,4.65,Available,Hanamkonda
SL003502,S003502,D014,2026-07-12,Afternoon,28,0,28,0.0,Available,Hanamkonda
SL003503,S003503,D014,2026-07-14,Full Day,37,2,35,5.41,Available,Hanamkonda
SL003504,S003504,D014,2026-07-15,Morning,27,3,24,11.11,Available,Hanamkonda
SL003505,S003505,D014,2026-07-16,Full Day,45,2,43,4.44,Available,Hanamkonda
SL003506,S003506,D014,2026-07-17,Full Day,26,1,25,3.85,Available,Hanamkonda
SL003507,S003507,D014,2026-07-18,Morning,26,2,24,7.69,Available,Hanamkonda
SL003508,S003508,D014,2026-07-19,Afternoon,28,1,27,3.57,Available,Hanamkonda
SL003509,S003509,D014,2026-07-20,Afternoon,20,1,19,5.0,Available,Hanamkonda
SL003510,S003510,D014,2026-07-21,Afternoon,21,0,21,0.0,Available,Hanamkonda
SL003511,S003511,D014,2026-07-22,Afternoon,28,3,25,10.71,Available,Hanamkonda
SL003512,S003512,D014,2026-07-23,Afternoon,18,3,15,16.67,Available,Hanamkonda
SL003513,S003513,D014,2026-07-24,Morning,19,3,16,15.79,Available,Hanamkonda
SL003514,S003514,D014,2026-07-27,Full Day,49,1,48,2.04,Available,Hanamkonda
SL003515,S003515,D014,2026-07-28,Morning,22,2,20,9.09,Available,Hanamkonda
SL003516,S003516,D014,2026-07-29,Morning,22,2,20,9.09,Available,Hanamkonda
SL003517,S003517,D014,2026-07-30,Full Day,35,3,32,8.57,Available,Hanamkonda
SL003518,S003518,D014,2026-07-31,Full Day,29,1,28,3.45,Available,Hanamkonda
SL003519,S003519,D014,2026-08-03,Afternoon,13,1,12,7.69,Available,Hanamkonda
SL003520,S003520,D014,2026-08-04,Afternoon,30,0,30,0.0,Available,Hanamkonda
SL003521,S003521,D014,2026-08-05,Full Day,32,0,32,0.0,Available,Hanamkonda
SL003522,S003522,D014,2026-08-07,Morning,25,2,23,8.0,Available,Hanamkonda
SL003523,S003523,D014,2026-08-10,Afternoon,27,1,26,3.7,Available,Hanamkonda
SL003524,S003524,D014,2026-08-11,Full Day,50,1,49,2.0,Available,Hanamkonda
SL003525,S003525,D014,2026-08-13,Full Day,49,0,49,0.0,Available,Hanamkonda
SL003526,S003526,D014,2026-08-14,Morning,30,1,29,3.33,Available,Hanamkonda
SL003527,S003527,D014,2026-08-15,Full Day,47,1,46,2.13,Available,Hanamkonda
SL003528,S003528,D014,2026-08-17,Full Day,30,0,30,0.0,Available,Hanamkonda
SL003529,S003529,D014,2026-08-18,Afternoon,15,0,15,0.0,Available,Hanamkonda
SL003530,S003530,D014,2026-08-19,Full Day,49,0,49,0.0,Available,Hanamkonda
SL003531,S003531,D014,2026-08-20,Morning,18,3,15,16.67,Available,Hanamkonda
SL003532,S003532,D014,2026-08-21,Full Day,50,1,49,2.0,Available,Hanamkonda
SL003533,S003533,D014,2026-08-22,Full Day,36,0,36,0.0,Available,Hanamkonda
SL003534,S003534,D014,2026-08-26,Morning,23,1,22,4.35,Available,Hanamkonda
SL003535,S003535,D014,2026-08-27,Full Day,45,1,44,2.22,Available,Hanamkonda
SL003536,S003536,D014,2026-08-28,Full Day,47,0,47,0.0,Available,Hanamkonda
SL003537,S003537,D014,2026-08-31,Morning,19,2,17,10.53,Available,Hanamkonda
SL003538,S003538,D014,2026-09-01,Afternoon,22,1,21,4.55,Available,Hanamkonda
SL003539,S003539,D014,2026-09-02,Morning,29,0,29,0.0,Available,Hanamkonda
SL003540,S003540,D014,2026-09-04,Full Day,38,1,37,2.63,Available,Hanamkonda
SL003541,S003541,D014,2026-09-07,Full Day,46,0,46,0.0,Available,Hanamkonda
SL003542,S003542,D014,2026-09-11,Full Day,25,0,25,0.0,Available,Hanamkonda
SL003543,S003543,D014,2026-09-14,Afternoon,20,0,20,0.0,Available,Hanamkonda
SL003544,S003544,D014,2026-09-16,Afternoon,14,0,14,0.0,Available,Hanamkonda
SL003545,S003545,D014,2026-09-17,Full Day,45,0,45,0.0,Available,Hanamkonda
SL003546,S003546,D014,2026-09-18,Full Day,48,2,46,4.17,Available,Hanamkonda
SL003547,S003547,D014,2026-09-23,Afternoon,30,2,28,6.67,Available,Hanamkonda
SL003548,S003548,D014,2026-09-24,Morning,30,1,29,3.33,Available,Hanamkonda
SL003549,S003549,D014,2026-09-25,Afternoon,24,1,23,4.17,Available,Hanamkonda
SL003550,S003550,D014,2026-09-28,Morning,30,1,29,3.33,Available,Hanamkonda
SL003551,S003551,D014,2026-09-29,Morning,13,0,13,0.0,Available,Hanamkonda
SL003552,S003552,D014,2026-09-30,Afternoon,29,1,28,3.45,Available,Hanamkonda
SL003553,S003553,D014,2026-10-01,Full Day,31,2,29,6.45,Available,Hanamkonda
SL003554,S003554,D014,2026-10-07,Afternoon,17,4,13,23.53,Available,Hanamkonda
SL003555,S003555,D014,2026-10-08,Afternoon,18,1,17,5.56,Available,Hanamkonda
SL003556,S003556,D014,2026-10-12,Afternoon,26,0,26,0.0,Available,Hanamkonda
SL003557,S003557,D014,2026-10-13,Afternoon,19,3,16,15.79,Available,Hanamkonda
SL003558,S003558,D014,2026-10-14,Full Day,36,1,35,2.78,Available,Hanamkonda
SL003559,S003559,D014,2026-10-17,Morning,17,2,15,11.76,Available,Hanamkonda
SL003560,S003560,D014,2026-10-19,Morning,20,1,19,5.0,Available,Hanamkonda
SL003561,S003561,D014,2026-10-20,Morning,13,2,11,15.38,Available,Hanamkonda
SL003562,S003562,D014,2026-10-21,Morning,24,3,21,12.5,Available,Hanamkonda
SL003563,S003563,D014,2026-10-23,Morning,28,2,26,7.14,Available,Hanamkonda
SL003564,S003564,D014,2026-10-25,Morning,23,2,21,8.7,Available,Hanamkonda
SL003565,S003565,D014,2026-10-26,Full Day,37,1,36,2.7,Available,Hanamkonda
SL003566,S003566,D014,2026-10-27,Full Day,42,4,38,9.52,Available,Hanamkonda
SL003567,S003567,D014,2026-10-28,Full Day,37,1,36,2.7,Available,Hanamkonda
SL003568,S003568,D014,2026-10-29,Morning,19,1,18,5.26,Available,Hanamkonda
SL003569,S003569,D014,2026-10-30,Morning,26,2,24,7.69,Available,Hanamkonda
SL003570,S003570,D014,2026-10-31,Morning,17,3,14,17.65,Available,Hanamkonda
SL003571,S003571,D014,2026-11-02,Full Day,30,0,30,0.0,Available,Hanamkonda
SL003572,S003572,D014,2026-11-03,Full Day,39,1,38,2.56,Available,Hanamkonda
SL003573,S003573,D014,2026-11-04,Morning,27,1,26,3.7,Available,Hanamkonda
SL003574,S003574,D014,2026-11-05,Morning,23,0,23,0.0,Available,Hanamkonda
SL003575,S003575,D014,2026-11-06,Full Day,50,0,50,0.0,Available,Hanamkonda
SL003576,S003576,D014,2026-11-07,Morning,19,4,15,21.05,Available,Hanamkonda
SL003577,S003577,D014,2026-11-09,Afternoon,30,2,28,6.67,Available,Hanamkonda
SL003578,S003578,D014,2026-11-10,Afternoon,15,3,12,20.0,Available,Hanamkonda
SL003579,S003579,D014,2026-11-11,Afternoon,17,0,17,0.0,Available,Hanamkonda
SL003580,S003580,D014,2026-11-12,Morning,14,1,13,7.14,Available,Hanamkonda
SL003581,S003581,D014,2026-11-13,Afternoon,14,2,12,14.29,Available,Hanamkonda
SL003582,S003582,D014,2026-11-16,Morning,21,1,20,4.76,Available,Hanamkonda
SL003583,S003583,D014,2026-11-17,Morning,30,1,29,3.33,Available,Hanamkonda
SL003584,S003584,D014,2026-11-18,Afternoon,18,1,17,5.56,Available,Hanamkonda
SL003585,S003585,D014,2026-11-19,Full Day,41,1,40,2.44,Available,Hanamkonda
SL003586,S003586,D014,2026-11-20,Afternoon,23,1,22,4.35,Available,Hanamkonda
SL003587,S003587,D014,2026-11-22,Afternoon,29,1,28,3.45,Available,Hanamkonda
SL003588,S003588,D014,2026-11-23,Morning,16,2,14,12.5,Available,Hanamkonda
SL003589,S003589,D014,2026-11-24,Full Day,28,2,26,7.14,Available,Hanamkonda
SL003590,S003590,D014,2026-11-25,Morning,15,1,14,6.67,Available,Hanamkonda
SL003591,S003591,D014,2026-11-26,Morning,15,1,14,6.67,Available,Hanamkonda
SL003592,S003592,D014,2026-11-27,Morning,20,2,18,10.0,Available,Hanamkonda
SL003593,S003593,D014,2026-11-28,Full Day,26,0,26,0.0,Available,Hanamkonda
SL003594,S003594,D014,2026-11-29,Afternoon,30,0,30,0.0,Available,Hanamkonda
SL003595,S003595,D014,2026-11-30,Morning,20,1,19,5.0,Available,Hanamkonda
SL003596,S003596,D014,2026-12-02,Full Day,26,1,25,3.85,Available,Hanamkonda
SL003597,S003597,D014,2026-12-03,Morning,23,2,21,8.7,Available,Hanamkonda
SL003598,S003598,D014,2026-12-04,Full Day,50,2,48,4.0,Available,Hanamkonda
SL003599,S003599,D014,2026-12-06,Morning,16,2,14,12.5,Available,Hanamkonda
SL003600,S003600,D014,2026-12-07,Full Day,32,1,31,3.12,Available,Hanamkonda
SL003601,S003601,D014,2026-12-08,Morning,19,1,18,5.26,Available,Hanamkonda
SL003602,S003602,D014,2026-12-09,Morning,17,0,17,0.0,Available,Hanamkonda
SL003603,S003603,D014,2026-12-10,Full Day,35,2,33,5.71,Available,Hanamkonda
SL003604,S003604,D014,2026-12-11,Afternoon,14,3,11,21.43,Available,Hanamkonda
SL003605,S003605,D014,2026-12-12,Morning,18,2,16,11.11,Available,Hanamkonda
SL003606,S003606,D014,2026-12-14,Afternoon,25,1,24,4.0,Available,Hanamkonda
SL003607,S003607,D014,2026-12-15,Full Day,27,2,25,7.41,Available,Hanamkonda
SL003608,S003608,D014,2026-12-16,Full Day,37,2,35,5.41,Available,Hanamkonda
SL003609,S003609,D014,2026-12-17,Morning,28,0,28,0.0,Available,Hanamkonda
SL003610,S003610,D014,2026-12-18,Morning,19,1,18,5.26,Available,Hanamkonda
SL003611,S003611,D014,2026-12-21,Full Day,48,3,45,6.25,Available,Hanamkonda
SL003612,S003612,D014,2026-12-22,Afternoon,30,2,28,6.67,Available,Hanamkonda
SL003613,S003613,D014,2026-12-23,Morning,13,1,12,7.69,Available,Hanamkonda
SL003614,S003614,D014,2026-12-24,Full Day,46,1,45,2.17,Available,Hanamkonda
SL003615,S003615,D014,2026-12-25,Morning,29,0,29,0.0,Available,Hanamkonda
SL003616,S003616,D014,2026-12-28,Full Day,48,0,48,0.0,Available,Hanamkonda
SL003617,S003617,D014,2026-12-29,Afternoon,23,0,23,0.0,Available,Hanamkonda
SL003618,S003618,D014,2026-12-30,Full Day,27,0,27,0.0,Available,Hanamkonda
SL003619,S003619,D014,2026-12-31,Full Day,37,3,34,8.11,Available,Hanamkonda
SL003620,S003620,D015,2026-01-01,Full Day,39,2,37,5.13,Available,Warangal
SL003621,S003621,D015,2026-01-02,Morning,15,0,15,0.0,Available,Warangal
SL003622,S003622,D015,2026-01-03,Afternoon,23,0,23,0.0,Available,Warangal
SL003623,S003623,D015,2026-01-05,Afternoon,28,2,26,7.14,Available,Warangal
SL003624,S003624,D015,2026-01-07,Morning,30,2,28,6.67,Available,Warangal
SL003625,S003625,D015,2026-01-08,Full Day,48,1,47,2.08,Available,Warangal
SL003626,S003626,D015,2026-01-09,Full Day,35,0,35,0.0,Available,Warangal
SL003627,S003627,D015,2026-01-11,Morning,24,1,23,4.17,Available,Warangal
SL003628,S003628,D015,2026-01-12,Full Day,27,3,24,11.11,Available,Warangal
SL003629,S003629,D015,2026-01-13,Morning,30,1,29,3.33,Available,Warangal
SL003630,S003630,D015,2026-01-14,Full Day,30,5,25,16.67,Available,Warangal
SL003631,S003631,D015,2026-01-15,Afternoon,24,2,22,8.33,Available,Warangal
SL003632,S003632,D015,2026-01-16,Morning,24,1,23,4.17,Available,Warangal
SL003633,S003633,D015,2026-01-19,Full Day,37,2,35,5.41,Available,Warangal
SL003634,S003634,D015,2026-01-20,Morning,25,1,24,4.0,Available,Warangal
SL003635,S003635,D015,2026-01-21,Full Day,38,3,35,7.89,Available,Warangal
SL003636,S003636,D015,2026-01-22,Afternoon,15,1,14,6.67,Available,Warangal
SL003637,S003637,D015,2026-01-23,Morning,23,2,21,8.7,Available,Warangal
SL003638,S003638,D015,2026-01-24,Full Day,50,3,47,6.0,Available,Warangal
SL003639,S003639,D015,2026-01-25,Full Day,35,2,33,5.71,Available,Warangal
SL003640,S003640,D015,2026-01-26,Morning,17,2,15,11.76,Available,Warangal
SL003641,S003641,D015,2026-01-28,Afternoon,15,1,14,6.67,Available,Warangal
SL003642,S003642,D015,2026-01-29,Full Day,46,1,45,2.17,Available,Warangal
SL003643,S003643,D015,2026-01-30,Full Day,40,4,36,10.0,Available,Warangal
SL003644,S003644,D015,2026-02-01,Afternoon,12,2,10,16.67,Available,Warangal
SL003645,S003645,D015,2026-02-02,Afternoon,13,5,8,38.46,Available,Warangal
SL003646,S003646,D015,2026-02-03,Full Day,27,4,23,14.81,Available,Warangal
SL003647,S003647,D015,2026-02-04,Morning,30,0,30,0.0,Available,Warangal
SL003648,S003648,D015,2026-02-05,Afternoon,24,0,24,0.0,Available,Warangal
SL003649,S003649,D015,2026-02-06,Morning,27,1,26,3.7,Available,Warangal
SL003650,S003650,D015,2026-02-09,Full Day,41,0,41,0.0,Available,Warangal
SL003651,S003651,D015,2026-02-11,Full Day,30,1,29,3.33,Available,Warangal
SL003652,S003652,D015,2026-02-12,Full Day,50,0,50,0.0,Available,Warangal
SL003653,S003653,D015,2026-02-13,Afternoon,23,1,22,4.35,Available,Warangal
SL003654,S003654,D015,2026-02-14,Afternoon,28,1,27,3.57,Available,Warangal
SL003655,S003655,D015,2026-02-15,Full Day,26,2,24,7.69,Available,Warangal
SL003656,S003656,D015,2026-02-16,Afternoon,29,2,27,6.9,Available,Warangal
SL003657,S003657,D015,2026-02-17,Afternoon,12,0,12,0.0,Available,Warangal
SL003658,S003658,D015,2026-02-18,Full Day,46,3,43,6.52,Available,Warangal
SL003659,S003659,D015,2026-02-19,Morning,13,0,13,0.0,Available,Warangal
SL003660,S003660,D015,2026-02-20,Full Day,35,2,33,5.71,Available,Warangal
SL003661,S003661,D015,2026-02-23,Full Day,26,0,26,0.0,Available,Warangal
SL003662,S003662,D015,2026-02-24,Afternoon,16,1,15,6.25,Available,Warangal
SL003663,S003663,D015,2026-02-25,Full Day,45,1,44,2.22,Available,Warangal
SL003664,S003664,D015,2026-02-26,Morning,30,2,28,6.67,Available,Warangal
SL003665,S003665,D015,2026-02-28,Afternoon,23,1,22,4.35,Available,Warangal
SL003666,S003666,D015,2026-03-03,Morning,29,1,28,3.45,Available,Warangal
SL003667,S003667,D015,2026-03-05,Morning,20,1,19,5.0,Available,Warangal
SL003668,S003668,D015,2026-03-06,Full Day,30,1,29,3.33,Available,Warangal
SL003669,S003669,D015,2026-03-09,Full Day,35,0,35,0.0,Available,Warangal
SL003670,S003670,D015,2026-03-10,Afternoon,28,1,27,3.57,Available,Warangal
SL003671,S003671,D015,2026-03-11,Full Day,37,2,35,5.41,Available,Warangal
SL003672,S003672,D015,2026-03-13,Afternoon,13,1,12,7.69,Available,Warangal
SL003673,S003673,D015,2026-03-15,Morning,25,4,21,16.0,Available,Warangal
SL003674,S003674,D015,2026-03-16,Full Day,42,1,41,2.38,Available,Warangal
SL003675,S003675,D015,2026-03-17,Afternoon,21,2,19,9.52,Available,Warangal
SL003676,S003676,D015,2026-03-20,Morning,19,3,16,15.79,Available,Warangal
SL003677,S003677,D015,2026-03-22,Full Day,31,3,28,9.68,Available,Warangal
SL003678,S003678,D015,2026-03-24,Afternoon,25,1,24,4.0,Available,Warangal
SL003679,S003679,D015,2026-03-25,Afternoon,15,1,14,6.67,Available,Warangal
SL003680,S003680,D015,2026-03-26,Afternoon,29,1,28,3.45,Available,Warangal
SL003681,S003681,D015,2026-03-30,Afternoon,24,0,24,0.0,Available,Warangal
SL003682,S003682,D015,2026-03-31,Morning,26,4,22,15.38,Available,Warangal
SL003683,S003683,D015,2026-04-01,Afternoon,12,1,11,8.33,Available,Warangal
SL003684,S003684,D015,2026-04-02,Full Day,39,2,37,5.13,Available,Warangal
SL003685,S003685,D015,2026-04-03,Afternoon,14,0,14,0.0,Available,Warangal
SL003686,S003686,D015,2026-04-05,Morning,26,0,26,0.0,Available,Warangal
SL003687,S003687,D015,2026-04-06,Full Day,47,0,47,0.0,Available,Warangal
SL003688,S003688,D015,2026-04-07,Full Day,32,2,30,6.25,Available,Warangal
SL003689,S003689,D015,2026-04-08,Morning,12,0,12,0.0,Available,Warangal
SL003690,S003690,D015,2026-04-09,Afternoon,13,0,13,0.0,Available,Warangal
SL003691,S003691,D015,2026-04-10,Full Day,30,1,29,3.33,Available,Warangal
SL003692,S003692,D015,2026-04-13,Full Day,49,1,48,2.04,Available,Warangal
SL003693,S003693,D015,2026-04-14,Morning,14,0,14,0.0,Available,Warangal
SL003694,S003694,D015,2026-04-16,Morning,22,0,22,0.0,Available,Warangal
SL003695,S003695,D015,2026-04-20,Afternoon,20,1,19,5.0,Available,Warangal
SL003696,S003696,D015,2026-04-21,Full Day,28,1,27,3.57,Available,Warangal
SL003697,S003697,D015,2026-04-22,Afternoon,18,3,15,16.67,Available,Warangal
SL003698,S003698,D015,2026-04-23,Full Day,38,3,35,7.89,Available,Warangal
SL003699,S003699,D015,2026-04-24,Full Day,46,0,46,0.0,Available,Warangal
SL003700,S003700,D015,2026-04-25,Afternoon,14,3,11,21.43,Available,Warangal
SL003701,S003701,D015,2026-04-27,Morning,16,2,14,12.5,Available,Warangal
SL003702,S003702,D015,2026-04-28,Morning,15,3,12,20.0,Available,Warangal
SL003703,S003703,D015,2026-04-29,Morning,19,2,17,10.53,Available,Warangal
SL003704,S003704,D015,2026-04-30,Full Day,40,0,40,0.0,Available,Warangal
SL003705,S003705,D015,2026-05-01,Full Day,39,0,39,0.0,Available,Warangal
SL003706,S003706,D015,2026-05-04,Full Day,49,1,48,2.04,Available,Warangal
SL003707,S003707,D015,2026-05-05,Full Day,36,0,36,0.0,Available,Warangal
SL003708,S003708,D015,2026-05-06,Morning,13,0,13,0.0,Available,Warangal
SL003709,S003709,D015,2026-05-07,Afternoon,26,0,26,0.0,Available,Warangal
SL003710,S003710,D015,2026-05-08,Afternoon,18,2,16,11.11,Available,Warangal
SL003711,S003711,D015,2026-05-11,Full Day,39,0,39,0.0,Available,Warangal
SL003712,S003712,D015,2026-05-12,Morning,27,1,26,3.7,Available,Warangal
SL003713,S003713,D015,2026-05-13,Full Day,46,1,45,2.17,Available,Warangal
SL003714,S003714,D015,2026-05-14,Afternoon,27,3,24,11.11,Available,Warangal
SL003715,S003715,D015,2026-05-15,Afternoon,23,1,22,4.35,Available,Warangal
SL003716,S003716,D015,2026-05-17,Morning,17,1,16,5.88,Available,Warangal
SL003717,S003717,D015,2026-05-18,Morning,17,3,14,17.65,Available,Warangal
SL003718,S003718,D015,2026-05-19,Full Day,50,0,50,0.0,Available,Warangal
SL003719,S003719,D015,2026-05-20,Full Day,28,1,27,3.57,Available,Warangal
SL003720,S003720,D015,2026-05-21,Full Day,38,7,31,18.42,Available,Warangal
SL003721,S003721,D015,2026-05-22,Morning,25,1,24,4.0,Available,Warangal
SL003722,S003722,D015,2026-05-25,Afternoon,19,0,19,0.0,Available,Warangal
SL003723,S003723,D015,2026-05-26,Morning,12,2,10,16.67,Available,Warangal
SL003724,S003724,D015,2026-05-27,Morning,24,2,22,8.33,Available,Warangal
SL003725,S003725,D015,2026-05-29,Full Day,43,1,42,2.33,Available,Warangal
SL003726,S003726,D015,2026-06-01,Full Day,27,1,26,3.7,Available,Warangal
SL003727,S003727,D015,2026-06-03,Afternoon,22,4,18,18.18,Available,Warangal
SL003728,S003728,D015,2026-06-04,Morning,21,1,20,4.76,Available,Warangal
SL003729,S003729,D015,2026-06-08,Full Day,36,0,36,0.0,Available,Warangal
SL003730,S003730,D015,2026-06-09,Morning,17,2,15,11.76,Available,Warangal
SL003731,S003731,D015,2026-06-10,Full Day,35,2,33,5.71,Available,Warangal
SL003732,S003732,D015,2026-06-11,Full Day,45,3,42,6.67,Available,Warangal
SL003733,S003733,D015,2026-06-12,Full Day,47,2,45,4.26,Available,Warangal
SL003734,S003734,D015,2026-06-13,Morning,15,1,14,6.67,Available,Warangal
SL003735,S003735,D015,2026-06-14,Afternoon,30,4,26,13.33,Available,Warangal
SL003736,S003736,D015,2026-06-15,Afternoon,24,5,19,20.83,Available,Warangal
SL003737,S003737,D015,2026-06-17,Morning,15,2,13,13.33,Available,Warangal
SL003738,S003738,D015,2026-06-18,Morning,13,1,12,7.69,Available,Warangal
SL003739,S003739,D015,2026-06-19,Afternoon,12,1,11,8.33,Available,Warangal
SL003740,S003740,D015,2026-06-20,Afternoon,18,0,18,0.0,Available,Warangal
SL003741,S003741,D015,2026-06-21,Full Day,46,2,44,4.35,Available,Warangal
SL003742,S003742,D015,2026-06-22,Morning,13,2,11,15.38,Available,Warangal
SL003743,S003743,D015,2026-06-24,Morning,30,0,30,0.0,Available,Warangal
SL003744,S003744,D015,2026-06-25,Morning,25,2,23,8.0,Available,Warangal
SL003745,S003745,D015,2026-06-26,Full Day,32,3,29,9.38,Available,Warangal
SL003746,S003746,D015,2026-06-29,Morning,28,0,28,0.0,Available,Warangal
SL003747,S003747,D015,2026-06-30,Morning,16,1,15,6.25,Available,Warangal
SL003748,S003748,D015,2026-07-01,Afternoon,18,4,14,22.22,Available,Warangal
SL003749,S003749,D015,2026-07-03,Afternoon,28,4,24,14.29,Available,Warangal
SL003750,S003750,D015,2026-07-06,Morning,16,0,16,0.0,Available,Warangal
SL003751,S003751,D015,2026-07-07,Afternoon,28,1,27,3.57,Available,Warangal
SL003752,S003752,D015,2026-07-09,Full Day,27,1,26,3.7,Available,Warangal
SL003753,S003753,D015,2026-07-10,Afternoon,14,2,12,14.29,Available,Warangal
SL003754,S003754,D015,2026-07-12,Afternoon,30,0,30,0.0,Available,Warangal
SL003755,S003755,D015,2026-07-13,Morning,20,1,19,5.0,Available,Warangal
SL003756,S003756,D015,2026-07-14,Morning,26,0,26,0.0,Available,Warangal
SL003757,S003757,D015,2026-07-15,Full Day,48,2,46,4.17,Available,Warangal
SL003758,S003758,D015,2026-07-16,Morning,29,3,26,10.34,Available,Warangal
SL003759,S003759,D015,2026-07-17,Full Day,29,2,27,6.9,Available,Warangal
SL003760,S003760,D015,2026-07-18,Full Day,41,2,39,4.88,Available,Warangal
SL003761,S003761,D015,2026-07-20,Afternoon,27,2,25,7.41,Available,Warangal
SL003762,S003762,D015,2026-07-21,Afternoon,25,0,25,0.0,Available,Warangal
SL003763,S003763,D015,2026-07-22,Full Day,32,2,30,6.25,Available,Warangal
SL003764,S003764,D015,2026-07-24,Full Day,45,1,44,2.22,Available,Warangal
SL003765,S003765,D015,2026-07-25,Morning,21,4,17,19.05,Available,Warangal
SL003766,S003766,D015,2026-07-27,Full Day,36,2,34,5.56,Available,Warangal
SL003767,S003767,D015,2026-07-29,Afternoon,28,1,27,3.57,Available,Warangal
SL003768,S003768,D015,2026-07-30,Morning,19,1,18,5.26,Available,Warangal
SL003769,S003769,D015,2026-07-31,Morning,13,1,12,7.69,Available,Warangal
SL003770,S003770,D015,2026-08-01,Morning,30,2,28,6.67,Available,Warangal
SL003771,S003771,D015,2026-08-03,Afternoon,21,2,19,9.52,Available,Warangal
SL003772,S003772,D015,2026-08-04,Full Day,46,0,46,0.0,Available,Warangal
SL003773,S003773,D015,2026-08-05,Full Day,26,1,25,3.85,Available,Warangal
SL003774,S003774,D015,2026-08-06,Afternoon,15,0,15,0.0,Available,Warangal
SL003775,S003775,D015,2026-08-10,Morning,20,1,19,5.0,Available,Warangal
SL003776,S003776,D015,2026-08-11,Full Day,32,2,30,6.25,Available,Warangal
SL003777,S003777,D015,2026-08-12,Afternoon,15,1,14,6.67,Available,Warangal
SL003778,S003778,D015,2026-08-13,Afternoon,20,1,19,5.0,Available,Warangal
SL003779,S003779,D015,2026-08-14,Morning,21,3,18,14.29,Available,Warangal
SL003780,S003780,D015,2026-08-17,Morning,23,2,21,8.7,Available,Warangal
SL003781,S003781,D015,2026-08-18,Morning,24,0,24,0.0,Available,Warangal
SL003782,S003782,D015,2026-08-19,Full Day,39,0,39,0.0,Available,Warangal
SL003783,S003783,D015,2026-08-20,Full Day,38,0,38,0.0,Available,Warangal
SL003784,S003784,D015,2026-08-25,Afternoon,19,2,17,10.53,Available,Warangal
SL003785,S003785,D015,2026-08-26,Afternoon,21,0,21,0.0,Available,Warangal
SL003786,S003786,D015,2026-08-27,Afternoon,22,0,22,0.0,Available,Warangal
SL003787,S003787,D015,2026-08-28,Full Day,28,2,26,7.14,Available,Warangal
SL003788,S003788,D015,2026-08-29,Afternoon,23,0,23,0.0,Available,Warangal
SL003789,S003789,D015,2026-09-01,Morning,29,1,28,3.45,Available,Warangal
SL003790,S003790,D015,2026-09-02,Full Day,41,2,39,4.88,Available,Warangal
SL003791,S003791,D015,2026-09-03,Afternoon,13,0,13,0.0,Available,Warangal
SL003792,S003792,D015,2026-09-04,Full Day,43,3,40,6.98,Available,Warangal
SL003793,S003793,D015,2026-09-07,Full Day,42,3,39,7.14,Available,Warangal
SL003794,S003794,D015,2026-09-08,Morning,18,3,15,16.67,Available,Warangal
SL003795,S003795,D015,2026-09-09,Afternoon,29,0,29,0.0,Available,Warangal
SL003796,S003796,D015,2026-09-10,Full Day,38,1,37,2.63,Available,Warangal
SL003797,S003797,D015,2026-09-11,Full Day,49,1,48,2.04,Available,Warangal
SL003798,S003798,D015,2026-09-12,Afternoon,26,5,21,19.23,Available,Warangal
SL003799,S003799,D015,2026-09-14,Afternoon,25,2,23,8.0,Available,Warangal
SL003800,S003800,D015,2026-09-15,Afternoon,14,1,13,7.14,Available,Warangal
SL003801,S003801,D015,2026-09-16,Full Day,38,1,37,2.63,Available,Warangal
SL003802,S003802,D015,2026-09-17,Afternoon,26,1,25,3.85,Available,Warangal
SL003803,S003803,D015,2026-09-18,Morning,14,3,11,21.43,Available,Warangal
SL003804,S003804,D015,2026-09-20,Full Day,30,1,29,3.33,Available,Warangal
SL003805,S003805,D015,2026-09-21,Afternoon,12,3,9,25.0,Available,Warangal
SL003806,S003806,D015,2026-09-23,Afternoon,30,1,29,3.33,Available,Warangal
SL003807,S003807,D015,2026-09-24,Full Day,32,2,30,6.25,Available,Warangal
SL003808,S003808,D015,2026-09-25,Morning,23,2,21,8.7,Available,Warangal
SL003809,S003809,D015,2026-09-28,Morning,22,2,20,9.09,Available,Warangal
SL003810,S003810,D015,2026-09-29,Afternoon,14,2,12,14.29,Available,Warangal
SL003811,S003811,D015,2026-09-30,Afternoon,24,2,22,8.33,Available,Warangal
SL003812,S003812,D015,2026-10-01,Full Day,35,2,33,5.71,Available,Warangal
SL003813,S003813,D015,2026-10-02,Full Day,30,1,29,3.33,Available,Warangal
SL003814,S003814,D015,2026-10-04,Afternoon,25,0,25,0.0,Available,Warangal
SL003815,S003815,D015,2026-10-05,Afternoon,28,2,26,7.14,Available,Warangal
SL003816,S003816,D015,2026-10-07,Full Day,28,1,27,3.57,Available,Warangal
SL003817,S003817,D015,2026-10-08,Afternoon,13,1,12,7.69,Available,Warangal
SL003818,S003818,D015,2026-10-10,Full Day,46,0,46,0.0,Available,Warangal
SL003819,S003819,D015,2026-10-12,Afternoon,29,1,28,3.45,Available,Warangal
SL003820,S003820,D015,2026-10-14,Full Day,32,0,32,0.0,Available,Warangal
SL003821,S003821,D015,2026-10-15,Morning,17,1,16,5.88,Available,Warangal
SL003822,S003822,D015,2026-10-16,Afternoon,25,1,24,4.0,Available,Warangal
SL003823,S003823,D015,2026-10-17,Afternoon,12,1,11,8.33,Available,Warangal
SL003824,S003824,D015,2026-10-19,Afternoon,14,4,10,28.57,Available,Warangal
SL003825,S003825,D015,2026-10-20,Full Day,32,1,31,3.12,Available,Warangal
SL003826,S003826,D015,2026-10-22,Afternoon,22,2,20,9.09,Available,Warangal
SL003827,S003827,D015,2026-10-23,Morning,16,0,16,0.0,Available,Warangal
SL003828,S003828,D015,2026-10-27,Afternoon,28,0,28,0.0,Available,Warangal
SL003829,S003829,D015,2026-10-28,Morning,16,3,13,18.75,Available,Warangal
SL003830,S003830,D015,2026-10-29,Full Day,47,3,44,6.38,Available,Warangal
SL003831,S003831,D015,2026-11-02,Afternoon,28,2,26,7.14,Available,Warangal
SL003832,S003832,D015,2026-11-03,Morning,28,1,27,3.57,Available,Warangal
SL003833,S003833,D015,2026-11-05,Full Day,28,2,26,7.14,Available,Warangal
SL003834,S003834,D015,2026-11-06,Morning,27,0,27,0.0,Available,Warangal
SL003835,S003835,D015,2026-11-08,Afternoon,15,0,15,0.0,Available,Warangal
SL003836,S003836,D015,2026-11-09,Morning,25,2,23,8.0,Available,Warangal
SL003837,S003837,D015,2026-11-10,Afternoon,22,2,20,9.09,Available,Warangal
SL003838,S003838,D015,2026-11-11,Morning,27,0,27,0.0,Available,Warangal
SL003839,S003839,D015,2026-11-13,Full Day,34,0,34,0.0,Available,Warangal
SL003840,S003840,D015,2026-11-15,Afternoon,14,3,11,21.43,Available,Warangal
SL003841,S003841,D015,2026-11-16,Afternoon,26,2,24,7.69,Available,Warangal
SL003842,S003842,D015,2026-11-17,Full Day,30,2,28,6.67,Available,Warangal
SL003843,S003843,D015,2026-11-18,Afternoon,15,0,15,0.0,Available,Warangal
SL003844,S003844,D015,2026-11-19,Afternoon,12,1,11,8.33,Available,Warangal
SL003845,S003845,D015,2026-11-20,Full Day,29,0,29,0.0,Available,Warangal
SL003846,S003846,D015,2026-11-22,Full Day,40,1,39,2.5,Available,Warangal
SL003847,S003847,D015,2026-11-23,Morning,24,0,24,0.0,Available,Warangal
SL003848,S003848,D015,2026-11-26,Full Day,42,2,40,4.76,Available,Warangal
SL003849,S003849,D015,2026-11-28,Afternoon,28,1,27,3.57,Available,Warangal
SL003850,S003850,D015,2026-11-29,Morning,23,1,22,4.35,Available,Warangal
SL003851,S003851,D015,2026-11-30,Afternoon,27,3,24,11.11,Available,Warangal
SL003852,S003852,D015,2026-12-01,Full Day,35,2,33,5.71,Available,Warangal
SL003853,S003853,D015,2026-12-02,Morning,15,0,15,0.0,Available,Warangal
SL003854,S003854,D015,2026-12-03,Morning,13,1,12,7.69,Available,Warangal
SL003855,S003855,D015,2026-12-04,Morning,27,7,20,25.93,Available,Warangal
SL003856,S003856,D015,2026-12-08,Morning,26,0,26,0.0,Available,Warangal
SL003857,S003857,D015,2026-12-09,Morning,30,2,28,6.67,Available,Warangal
SL003858,S003858,D015,2026-12-10,Full Day,50,0,50,0.0,Available,Warangal
SL003859,S003859,D015,2026-12-14,Morning,12,1,11,8.33,Available,Warangal
SL003860,S003860,D015,2026-12-15,Full Day,42,0,42,0.0,Available,Warangal
SL003861,S003861,D015,2026-12-16,Morning,24,1,23,4.17,Available,Warangal
SL003862,S003862,D015,2026-12-17,Afternoon,23,1,22,4.35,Available,Warangal
SL003863,S003863,D015,2026-12-19,Afternoon,29,1,28,3.45,Available,Warangal
SL003864,S003864,D015,2026-12-20,Afternoon,22,1,21,4.55,Available,Warangal
SL003865,S003865,D015,2026-12-21,Full Day,37,1,36,2.7,Available,Warangal
SL003866,S003866,D015,2026-12-22,Full Day,28,3,25,10.71,Available,Warangal
SL003867,S003867,D015,2026-12-24,Afternoon,30,2,28,6.67,Available,Warangal
SL003868,S003868,D015,2026-12-25,Morning,21,2,19,9.52,Available,Warangal
SL003869,S003869,D015,2026-12-26,Afternoon,15,3,12,20.0,Available,Warangal
SL003870,S003870,D015,2026-12-27,Morning,29,0,29,0.0,Available,Warangal
SL003871,S003871,D015,2026-12-28,Full Day,29,0,29,0.0,Available,Warangal
SL003872,S003872,D015,2026-12-30,Afternoon,25,2,23,8.0,Available,Warangal
SL003873,S003873,D015,2026-12-31,Morning,19,0,19,0.0,Available,Warangal
SL003874,S003874,D016,2026-01-01,Afternoon,22,1,21,4.55,Available,Hyderabad
SL003875,S003875,D016,2026-01-02,Afternoon,16,2,14,12.5,Available,Hyderabad
SL003876,S003876,D016,2026-01-03,Full Day,30,2,28,6.67,Available,Hyderabad
SL003877,S003877,D016,2026-01-06,Morning,29,1,28,3.45,Available,Hyderabad
SL003878,S003878,D016,2026-01-08,Full Day,35,1,34,2.86,Available,Hyderabad
SL003879,S003879,D016,2026-01-09,Full Day,40,2,38,5.0,Available,Hyderabad
SL003880,S003880,D016,2026-01-11,Morning,22,2,20,9.09,Available,Hyderabad
SL003881,S003881,D016,2026-01-12,Morning,26,0,26,0.0,Available,Hyderabad
SL003882,S003882,D016,2026-01-13,Morning,19,0,19,0.0,Available,Hyderabad
SL003883,S003883,D016,2026-01-14,Afternoon,28,1,27,3.57,Available,Hyderabad
SL003884,S003884,D016,2026-01-15,Morning,19,1,18,5.26,Available,Hyderabad
SL003885,S003885,D016,2026-01-16,Morning,30,1,29,3.33,Available,Hyderabad
SL003886,S003886,D016,2026-01-19,Full Day,47,0,47,0.0,Available,Hyderabad
SL003887,S003887,D016,2026-01-20,Afternoon,27,0,27,0.0,Available,Hyderabad
SL003888,S003888,D016,2026-01-21,Afternoon,24,0,24,0.0,Available,Hyderabad
SL003889,S003889,D016,2026-01-22,Afternoon,22,3,19,13.64,Available,Hyderabad
SL003890,S003890,D016,2026-01-26,Full Day,26,0,26,0.0,Available,Hyderabad
SL003891,S003891,D016,2026-01-27,Afternoon,28,1,27,3.57,Available,Hyderabad
SL003892,S003892,D016,2026-01-28,Full Day,43,0,43,0.0,Available,Hyderabad
SL003893,S003893,D016,2026-01-29,Full Day,46,1,45,2.17,Available,Hyderabad
SL003894,S003894,D016,2026-01-30,Afternoon,22,2,20,9.09,Available,Hyderabad
SL003895,S003895,D016,2026-01-31,Afternoon,15,1,14,6.67,Available,Hyderabad
SL003896,S003896,D016,2026-02-02,Morning,26,1,25,3.85,Available,Hyderabad
SL003897,S003897,D016,2026-02-03,Full Day,29,2,27,6.9,Available,Hyderabad
SL003898,S003898,D016,2026-02-04,Morning,23,2,21,8.7,Available,Hyderabad
SL003899,S003899,D016,2026-02-06,Full Day,30,0,30,0.0,Available,Hyderabad
SL003900,S003900,D016,2026-02-09,Morning,27,3,24,11.11,Available,Hyderabad
SL003901,S003901,D016,2026-02-10,Afternoon,21,1,20,4.76,Available,Hyderabad
SL003902,S003902,D016,2026-02-11,Full Day,49,1,48,2.04,Available,Hyderabad
SL003903,S003903,D016,2026-02-12,Morning,30,1,29,3.33,Available,Hyderabad
SL003904,S003904,D016,2026-02-13,Full Day,36,1,35,2.78,Available,Hyderabad
SL003905,S003905,D016,2026-02-16,Morning,17,3,14,17.65,Available,Hyderabad
SL003906,S003906,D016,2026-02-17,Full Day,47,0,47,0.0,Available,Hyderabad
SL003907,S003907,D016,2026-02-18,Morning,25,4,21,16.0,Available,Hyderabad
SL003908,S003908,D016,2026-02-19,Full Day,41,2,39,4.88,Available,Hyderabad
SL003909,S003909,D016,2026-02-20,Afternoon,18,2,16,11.11,Available,Hyderabad
SL003910,S003910,D016,2026-02-23,Afternoon,24,0,24,0.0,Available,Hyderabad
SL003911,S003911,D016,2026-02-24,Afternoon,12,0,12,0.0,Available,Hyderabad
SL003912,S003912,D016,2026-02-25,Full Day,50,1,49,2.0,Available,Hyderabad
SL003913,S003913,D016,2026-02-26,Full Day,47,0,47,0.0,Available,Hyderabad
SL003914,S003914,D016,2026-02-27,Afternoon,20,1,19,5.0,Available,Hyderabad
SL003915,S003915,D016,2026-03-02,Morning,15,0,15,0.0,Available,Hyderabad
SL003916,S003916,D016,2026-03-03,Afternoon,15,1,14,6.67,Available,Hyderabad
SL003917,S003917,D016,2026-03-04,Afternoon,27,1,26,3.7,Available,Hyderabad
SL003918,S003918,D016,2026-03-05,Full Day,46,2,44,4.35,Available,Hyderabad
SL003919,S003919,D016,2026-03-06,Morning,25,1,24,4.0,Available,Hyderabad
SL003920,S003920,D016,2026-03-09,Afternoon,13,1,12,7.69,Available,Hyderabad
SL003921,S003921,D016,2026-03-10,Afternoon,17,3,14,17.65,Available,Hyderabad
SL003922,S003922,D016,2026-03-11,Morning,19,0,19,0.0,Available,Hyderabad
SL003923,S003923,D016,2026-03-12,Full Day,44,1,43,2.27,Available,Hyderabad
SL003924,S003924,D016,2026-03-13,Full Day,46,3,43,6.52,Available,Hyderabad
SL003925,S003925,D016,2026-03-14,Full Day,26,3,23,11.54,Available,Hyderabad
SL003926,S003926,D016,2026-03-15,Afternoon,24,2,22,8.33,Available,Hyderabad
SL003927,S003927,D016,2026-03-16,Afternoon,21,2,19,9.52,Available,Hyderabad
SL003928,S003928,D016,2026-03-17,Afternoon,19,1,18,5.26,Available,Hyderabad
SL003929,S003929,D016,2026-03-18,Morning,18,1,17,5.56,Available,Hyderabad
SL003930,S003930,D016,2026-03-19,Afternoon,18,1,17,5.56,Available,Hyderabad
SL003931,S003931,D016,2026-03-22,Morning,25,1,24,4.0,Available,Hyderabad
SL003932,S003932,D016,2026-03-23,Morning,25,0,25,0.0,Available,Hyderabad
SL003933,S003933,D016,2026-03-24,Full Day,34,1,33,2.94,Available,Hyderabad
SL003934,S003934,D016,2026-03-25,Morning,17,0,17,0.0,Available,Hyderabad
SL003935,S003935,D016,2026-03-27,Morning,13,1,12,7.69,Available,Hyderabad
SL003936,S003936,D016,2026-03-29,Full Day,33,2,31,6.06,Available,Hyderabad
SL003937,S003937,D016,2026-03-30,Morning,19,0,19,0.0,Available,Hyderabad
SL003938,S003938,D016,2026-03-31,Afternoon,18,0,18,0.0,Available,Hyderabad
SL003939,S003939,D016,2026-04-01,Full Day,41,1,40,2.44,Available,Hyderabad
SL003940,S003940,D016,2026-04-02,Afternoon,28,1,27,3.57,Available,Hyderabad
SL003941,S003941,D016,2026-04-03,Morning,19,2,17,10.53,Available,Hyderabad
SL003942,S003942,D016,2026-04-06,Afternoon,13,0,13,0.0,Available,Hyderabad
SL003943,S003943,D016,2026-04-07,Morning,21,0,21,0.0,Available,Hyderabad
SL003944,S003944,D016,2026-04-09,Morning,24,2,22,8.33,Available,Hyderabad
SL003945,S003945,D016,2026-04-10,Full Day,42,0,42,0.0,Available,Hyderabad
SL003946,S003946,D016,2026-04-14,Morning,18,0,18,0.0,Available,Hyderabad
SL003947,S003947,D016,2026-04-15,Afternoon,13,0,13,0.0,Available,Hyderabad
SL003948,S003948,D016,2026-04-16,Morning,23,1,22,4.35,Available,Hyderabad
SL003949,S003949,D016,2026-04-17,Morning,14,0,14,0.0,Available,Hyderabad
SL003950,S003950,D016,2026-04-19,Full Day,35,0,35,0.0,Available,Hyderabad
SL003951,S003951,D016,2026-04-20,Afternoon,20,1,19,5.0,Available,Hyderabad
SL003952,S003952,D016,2026-04-21,Morning,17,1,16,5.88,Available,Hyderabad
SL003953,S003953,D016,2026-04-22,Morning,25,2,23,8.0,Available,Hyderabad
SL003954,S003954,D016,2026-04-23,Full Day,36,3,33,8.33,Available,Hyderabad
SL003955,S003955,D016,2026-04-26,Morning,15,1,14,6.67,Available,Hyderabad
SL003956,S003956,D016,2026-04-28,Morning,21,0,21,0.0,Available,Hyderabad
SL003957,S003957,D016,2026-04-29,Afternoon,25,1,24,4.0,Available,Hyderabad
SL003958,S003958,D016,2026-04-30,Full Day,26,2,24,7.69,Available,Hyderabad
SL003959,S003959,D016,2026-05-01,Afternoon,24,1,23,4.17,Available,Hyderabad
SL003960,S003960,D016,2026-05-02,Afternoon,14,3,11,21.43,Available,Hyderabad
SL003961,S003961,D016,2026-05-03,Morning,14,1,13,7.14,Available,Hyderabad
SL003962,S003962,D016,2026-05-04,Full Day,28,2,26,7.14,Available,Hyderabad
SL003963,S003963,D016,2026-05-05,Morning,22,2,20,9.09,Available,Hyderabad
SL003964,S003964,D016,2026-05-06,Morning,15,1,14,6.67,Available,Hyderabad
SL003965,S003965,D016,2026-05-07,Morning,16,1,15,6.25,Available,Hyderabad
SL003966,S003966,D016,2026-05-11,Morning,25,2,23,8.0,Available,Hyderabad
SL003967,S003967,D016,2026-05-13,Full Day,31,2,29,6.45,Available,Hyderabad
SL003968,S003968,D016,2026-05-14,Afternoon,20,1,19,5.0,Available,Hyderabad
SL003969,S003969,D016,2026-05-15,Morning,26,2,24,7.69,Available,Hyderabad
SL003970,S003970,D016,2026-05-16,Morning,18,2,16,11.11,Available,Hyderabad
SL003971,S003971,D016,2026-05-18,Morning,27,3,24,11.11,Available,Hyderabad
SL003972,S003972,D016,2026-05-20,Afternoon,25,0,25,0.0,Available,Hyderabad
SL003973,S003973,D016,2026-05-21,Morning,19,1,18,5.26,Available,Hyderabad
SL003974,S003974,D016,2026-05-25,Afternoon,14,0,14,0.0,Available,Hyderabad
SL003975,S003975,D016,2026-05-26,Afternoon,23,1,22,4.35,Available,Hyderabad
SL003976,S003976,D016,2026-05-27,Full Day,37,1,36,2.7,Available,Hyderabad
SL003977,S003977,D016,2026-05-28,Morning,27,3,24,11.11,Available,Hyderabad
SL003978,S003978,D016,2026-05-29,Afternoon,18,1,17,5.56,Available,Hyderabad
SL003979,S003979,D016,2026-06-01,Full Day,37,1,36,2.7,Available,Hyderabad
SL003980,S003980,D016,2026-06-02,Morning,16,0,16,0.0,Available,Hyderabad
SL003981,S003981,D016,2026-06-03,Full Day,35,1,34,2.86,Available,Hyderabad
SL003982,S003982,D016,2026-06-04,Afternoon,16,3,13,18.75,Available,Hyderabad
SL003983,S003983,D016,2026-06-05,Morning,18,2,16,11.11,Available,Hyderabad
SL003984,S003984,D016,2026-06-08,Afternoon,24,3,21,12.5,Available,Hyderabad
SL003985,S003985,D016,2026-06-09,Full Day,27,0,27,0.0,Available,Hyderabad
SL003986,S003986,D016,2026-06-10,Morning,16,2,14,12.5,Available,Hyderabad
SL003987,S003987,D016,2026-06-11,Afternoon,27,3,24,11.11,Available,Hyderabad
SL003988,S003988,D016,2026-06-15,Afternoon,16,1,15,6.25,Available,Hyderabad
SL003989,S003989,D016,2026-06-18,Afternoon,15,3,12,20.0,Available,Hyderabad
SL003990,S003990,D016,2026-06-19,Afternoon,23,0,23,0.0,Available,Hyderabad
SL003991,S003991,D016,2026-06-22,Full Day,48,2,46,4.17,Available,Hyderabad
SL003992,S003992,D016,2026-06-23,Morning,13,1,12,7.69,Available,Hyderabad
SL003993,S003993,D016,2026-06-24,Morning,13,1,12,7.69,Available,Hyderabad
SL003994,S003994,D016,2026-06-25,Afternoon,15,3,12,20.0,Available,Hyderabad
SL003995,S003995,D016,2026-06-26,Morning,15,0,15,0.0,Available,Hyderabad
SL003996,S003996,D016,2026-06-29,Afternoon,23,0,23,0.0,Available,Hyderabad
SL003997,S003997,D016,2026-06-30,Morning,23,2,21,8.7,Available,Hyderabad
SL003998,S003998,D016,2026-07-01,Morning,28,0,28,0.0,Available,Hyderabad
SL003999,S003999,D016,2026-07-02,Full Day,36,2,34,5.56,Available,Hyderabad
SL004000,S004000,D016,2026-07-03,Morning,27,1,26,3.7,Available,Hyderabad
SL004001,S004001,D016,2026-07-06,Morning,30,5,25,16.67,Available,Hyderabad
SL004002,S004002,D016,2026-07-07,Afternoon,14,0,14,0.0,Available,Hyderabad
SL004003,S004003,D016,2026-07-08,Morning,24,1,23,4.17,Available,Hyderabad
SL004004,S004004,D016,2026-07-09,Morning,29,0,29,0.0,Available,Hyderabad
SL004005,S004005,D016,2026-07-13,Full Day,32,0,32,0.0,Available,Hyderabad
SL004006,S004006,D016,2026-07-15,Afternoon,30,4,26,13.33,Available,Hyderabad
SL004007,S004007,D016,2026-07-16,Morning,26,2,24,7.69,Available,Hyderabad
SL004008,S004008,D016,2026-07-17,Full Day,40,1,39,2.5,Available,Hyderabad
SL004009,S004009,D016,2026-07-18,Morning,13,4,9,30.77,Available,Hyderabad
SL004010,S004010,D016,2026-07-19,Afternoon,21,3,18,14.29,Available,Hyderabad
SL004011,S004011,D016,2026-07-22,Full Day,42,0,42,0.0,Available,Hyderabad
SL004012,S004012,D016,2026-07-23,Full Day,38,1,37,2.63,Available,Hyderabad
SL004013,S004013,D016,2026-07-24,Morning,29,0,29,0.0,Available,Hyderabad
SL004014,S004014,D016,2026-07-25,Morning,30,2,28,6.67,Available,Hyderabad
SL004015,S004015,D016,2026-07-27,Morning,22,2,20,9.09,Available,Hyderabad
SL004016,S004016,D016,2026-07-28,Full Day,30,1,29,3.33,Available,Hyderabad
SL004017,S004017,D016,2026-07-29,Full Day,36,2,34,5.56,Available,Hyderabad
SL004018,S004018,D016,2026-07-30,Full Day,29,1,28,3.45,Available,Hyderabad
SL004019,S004019,D016,2026-07-31,Morning,24,1,23,4.17,Available,Hyderabad
SL004020,S004020,D016,2026-08-03,Morning,22,1,21,4.55,Available,Hyderabad
SL004021,S004021,D016,2026-08-04,Morning,24,2,22,8.33,Available,Hyderabad
SL004022,S004022,D016,2026-08-05,Afternoon,12,1,11,8.33,Available,Hyderabad
SL004023,S004023,D016,2026-08-07,Afternoon,14,1,13,7.14,Available,Hyderabad
SL004024,S004024,D016,2026-08-08,Morning,13,1,12,7.69,Available,Hyderabad
SL004025,S004025,D016,2026-08-10,Morning,16,0,16,0.0,Available,Hyderabad
SL004026,S004026,D016,2026-08-11,Morning,21,1,20,4.76,Available,Hyderabad
SL004027,S004027,D016,2026-08-12,Morning,12,2,10,16.67,Available,Hyderabad
SL004028,S004028,D016,2026-08-13,Morning,22,2,20,9.09,Available,Hyderabad
SL004029,S004029,D016,2026-08-14,Afternoon,22,0,22,0.0,Available,Hyderabad
SL004030,S004030,D016,2026-08-15,Afternoon,27,1,26,3.7,Available,Hyderabad
SL004031,S004031,D016,2026-08-17,Afternoon,18,0,18,0.0,Available,Hyderabad
SL004032,S004032,D016,2026-08-19,Afternoon,22,0,22,0.0,Available,Hyderabad
SL004033,S004033,D016,2026-08-20,Morning,13,0,13,0.0,Available,Hyderabad
SL004034,S004034,D016,2026-08-21,Morning,13,5,8,38.46,Available,Hyderabad
SL004035,S004035,D016,2026-08-22,Morning,13,2,11,15.38,Available,Hyderabad
SL004036,S004036,D016,2026-08-24,Full Day,40,0,40,0.0,Available,Hyderabad
SL004037,S004037,D016,2026-08-25,Full Day,26,1,25,3.85,Available,Hyderabad
SL004038,S004038,D016,2026-08-26,Morning,26,2,24,7.69,Available,Hyderabad
SL004039,S004039,D016,2026-08-27,Full Day,36,1,35,2.78,Available,Hyderabad
SL004040,S004040,D016,2026-08-28,Morning,14,1,13,7.14,Available,Hyderabad
SL004041,S004041,D016,2026-08-31,Full Day,47,1,46,2.13,Available,Hyderabad
SL004042,S004042,D016,2026-09-01,Afternoon,17,1,16,5.88,Available,Hyderabad
SL004043,S004043,D016,2026-09-02,Afternoon,23,4,19,17.39,Available,Hyderabad
SL004044,S004044,D016,2026-09-03,Morning,13,0,13,0.0,Available,Hyderabad
SL004045,S004045,D016,2026-09-07,Morning,20,3,17,15.0,Available,Hyderabad
SL004046,S004046,D016,2026-09-08,Morning,13,3,10,23.08,Available,Hyderabad
SL004047,S004047,D016,2026-09-09,Full Day,40,0,40,0.0,Available,Hyderabad
SL004048,S004048,D016,2026-09-10,Afternoon,28,0,28,0.0,Available,Hyderabad
SL004049,S004049,D016,2026-09-11,Full Day,46,0,46,0.0,Available,Hyderabad
SL004050,S004050,D016,2026-09-14,Afternoon,15,1,14,6.67,Available,Hyderabad
SL004051,S004051,D016,2026-09-15,Full Day,38,1,37,2.63,Available,Hyderabad
SL004052,S004052,D016,2026-09-16,Full Day,37,1,36,2.7,Available,Hyderabad
SL004053,S004053,D016,2026-09-17,Morning,29,1,28,3.45,Available,Hyderabad
SL004054,S004054,D016,2026-09-18,Afternoon,18,0,18,0.0,Available,Hyderabad
SL004055,S004055,D016,2026-09-21,Afternoon,25,1,24,4.0,Available,Hyderabad
SL004056,S004056,D016,2026-09-22,Morning,22,0,22,0.0,Available,Hyderabad
SL004057,S004057,D016,2026-09-23,Afternoon,24,1,23,4.17,Available,Hyderabad
SL004058,S004058,D016,2026-09-24,Morning,18,2,16,11.11,Available,Hyderabad
SL004059,S004059,D016,2026-09-26,Afternoon,17,0,17,0.0,Available,Hyderabad
SL004060,S004060,D016,2026-09-29,Full Day,35,3,32,8.57,Available,Hyderabad
SL004061,S004061,D016,2026-09-30,Full Day,36,0,36,0.0,Available,Hyderabad
SL004062,S004062,D016,2026-10-01,Full Day,49,2,47,4.08,Available,Hyderabad
SL004063,S004063,D016,2026-10-02,Afternoon,24,2,22,8.33,Available,Hyderabad
SL004064,S004064,D016,2026-10-03,Afternoon,28,1,27,3.57,Available,Hyderabad
SL004065,S004065,D016,2026-10-05,Afternoon,24,1,23,4.17,Available,Hyderabad
SL004066,S004066,D016,2026-10-06,Afternoon,19,1,18,5.26,Available,Hyderabad
SL004067,S004067,D016,2026-10-07,Morning,21,3,18,14.29,Available,Hyderabad
SL004068,S004068,D016,2026-10-08,Full Day,25,1,24,4.0,Available,Hyderabad
SL004069,S004069,D016,2026-10-11,Morning,16,2,14,12.5,Available,Hyderabad
SL004070,S004070,D016,2026-10-13,Morning,23,2,21,8.7,Available,Hyderabad
SL004071,S004071,D016,2026-10-14,Morning,13,1,12,7.69,Available,Hyderabad
SL004072,S004072,D016,2026-10-17,Morning,13,0,13,0.0,Available,Hyderabad
SL004073,S004073,D016,2026-10-21,Full Day,48,1,47,2.08,Available,Hyderabad
SL004074,S004074,D016,2026-10-23,Afternoon,22,2,20,9.09,Available,Hyderabad
SL004075,S004075,D016,2026-10-24,Afternoon,28,0,28,0.0,Available,Hyderabad
SL004076,S004076,D016,2026-10-26,Morning,30,0,30,0.0,Available,Hyderabad
SL004077,S004077,D016,2026-10-27,Afternoon,28,0,28,0.0,Available,Hyderabad
SL004078,S004078,D016,2026-10-28,Full Day,31,0,31,0.0,Available,Hyderabad
SL004079,S004079,D016,2026-10-29,Morning,23,2,21,8.7,Available,Hyderabad
SL004080,S004080,D016,2026-10-30,Morning,30,3,27,10.0,Available,Hyderabad
SL004081,S004081,D016,2026-11-02,Afternoon,16,0,16,0.0,Available,Hyderabad
SL004082,S004082,D016,2026-11-03,Full Day,49,0,49,0.0,Available,Hyderabad
SL004083,S004083,D016,2026-11-04,Afternoon,20,2,18,10.0,Available,Hyderabad
SL004084,S004084,D016,2026-11-05,Afternoon,20,1,19,5.0,Available,Hyderabad
SL004085,S004085,D016,2026-11-06,Afternoon,15,0,15,0.0,Available,Hyderabad
SL004086,S004086,D016,2026-11-08,Afternoon,24,1,23,4.17,Available,Hyderabad
SL004087,S004087,D016,2026-11-09,Afternoon,30,5,25,16.67,Available,Hyderabad
SL004088,S004088,D016,2026-11-10,Full Day,42,1,41,2.38,Available,Hyderabad
SL004089,S004089,D016,2026-11-11,Full Day,25,1,24,4.0,Available,Hyderabad
SL004090,S004090,D016,2026-11-12,Full Day,25,1,24,4.0,Available,Hyderabad
SL004091,S004091,D016,2026-11-13,Afternoon,25,2,23,8.0,Available,Hyderabad
SL004092,S004092,D016,2026-11-14,Morning,15,0,15,0.0,Available,Hyderabad
SL004093,S004093,D016,2026-11-16,Morning,22,0,22,0.0,Available,Hyderabad
SL004094,S004094,D016,2026-11-17,Morning,18,1,17,5.56,Available,Hyderabad
SL004095,S004095,D016,2026-11-18,Morning,14,0,14,0.0,Available,Hyderabad
SL004096,S004096,D016,2026-11-19,Afternoon,16,1,15,6.25,Available,Hyderabad
SL004097,S004097,D016,2026-11-22,Morning,25,1,24,4.0,Available,Hyderabad
SL004098,S004098,D016,2026-11-24,Full Day,50,2,48,4.0,Available,Hyderabad
SL004099,S004099,D016,2026-11-25,Morning,18,0,18,0.0,Available,Hyderabad
SL004100,S004100,D016,2026-11-26,Morning,20,0,20,0.0,Available,Hyderabad
SL004101,S004101,D016,2026-11-27,Full Day,48,0,48,0.0,Available,Hyderabad
SL004102,S004102,D016,2026-11-29,Afternoon,18,1,17,5.56,Available,Hyderabad
SL004103,S004103,D016,2026-12-02,Full Day,25,0,25,0.0,Available,Hyderabad
SL004104,S004104,D016,2026-12-03,Afternoon,27,1,26,3.7,Available,Hyderabad
SL004105,S004105,D016,2026-12-04,Afternoon,27,0,27,0.0,Available,Hyderabad
SL004106,S004106,D016,2026-12-06,Morning,13,2,11,15.38,Available,Hyderabad
SL004107,S004107,D016,2026-12-07,Afternoon,22,2,20,9.09,Available,Hyderabad
SL004108,S004108,D016,2026-12-08,Morning,13,3,10,23.08,Available,Hyderabad
SL004109,S004109,D016,2026-12-09,Morning,29,2,27,6.9,Available,Hyderabad
SL004110,S004110,D016,2026-12-10,Full Day,42,1,41,2.38,Available,Hyderabad
SL004111,S004111,D016,2026-12-11,Afternoon,14,0,14,0.0,Available,Hyderabad
SL004112,S004112,D016,2026-12-12,Morning,15,1,14,6.67,Available,Hyderabad
SL004113,S004113,D016,2026-12-14,Full Day,31,0,31,0.0,Available,Hyderabad
SL004114,S004114,D016,2026-12-15,Afternoon,14,0,14,0.0,Available,Hyderabad
SL004115,S004115,D016,2026-12-16,Morning,29,3,26,10.34,Available,Hyderabad
SL004116,S004116,D016,2026-12-17,Full Day,48,1,47,2.08,Available,Hyderabad
SL004117,S004117,D016,2026-12-18,Morning,23,1,22,4.35,Available,Hyderabad
SL004118,S004118,D016,2026-12-21,Morning,30,4,26,13.33,Available,Hyderabad
SL004119,S004119,D016,2026-12-22,Morning,28,1,27,3.57,Available,Hyderabad
SL004120,S004120,D016,2026-12-23,Afternoon,22,0,22,0.0,Available,Hyderabad
SL004121,S004121,D016,2026-12-24,Morning,12,3,9,25.0,Available,Hyderabad
SL004122,S004122,D016,2026-12-25,Morning,13,1,12,7.69,Available,Hyderabad
SL004123,S004123,D016,2026-12-26,Afternoon,15,0,15,0.0,Available,Hyderabad
SL004124,S004124,D016,2026-12-27,Full Day,29,1,28,3.45,Available,Hyderabad
SL004125,S004125,D016,2026-12-28,Morning,29,2,27,6.9,Available,Hyderabad
SL004126,S004126,D016,2026-12-29,Full Day,36,1,35,2.78,Available,Hyderabad
SL004127,S004127,D016,2026-12-30,Full Day,38,1,37,2.63,Available,Hyderabad
SL004128,S004128,D016,2026-12-31,Afternoon,17,0,17,0.0,Available,Hyderabad
SL004129,S004129,D017,2026-01-02,Afternoon,15,0,15,0.0,Available,Warangal
SL004130,S004130,D017,2026-01-05,Full Day,26,0,26,0.0,Available,Warangal
SL004131,S004131,D017,2026-01-06,Full Day,25,2,23,8.0,Available,Warangal
SL004132,S004132,D017,2026-01-07,Afternoon,12,4,8,33.33,Available,Warangal
SL004133,S004133,D017,2026-01-08,Afternoon,24,1,23,4.17,Available,Warangal
SL004134,S004134,D017,2026-01-09,Afternoon,24,1,23,4.17,Available,Warangal
SL004135,S004135,D017,2026-01-11,Morning,21,2,19,9.52,Available,Warangal
SL004136,S004136,D017,2026-01-12,Full Day,29,5,24,17.24,Available,Warangal
SL004137,S004137,D017,2026-01-13,Full Day,43,3,40,6.98,Available,Warangal
SL004138,S004138,D017,2026-01-14,Full Day,32,2,30,6.25,Available,Warangal
SL004139,S004139,D017,2026-01-16,Full Day,40,4,36,10.0,Available,Warangal
SL004140,S004140,D017,2026-01-18,Morning,28,0,28,0.0,Available,Warangal
SL004141,S004141,D017,2026-01-20,Full Day,44,0,44,0.0,Available,Warangal
SL004142,S004142,D017,2026-01-21,Afternoon,25,1,24,4.0,Available,Warangal
SL004143,S004143,D017,2026-01-22,Full Day,48,1,47,2.08,Available,Warangal
SL004144,S004144,D017,2026-01-23,Afternoon,24,2,22,8.33,Available,Warangal
SL004145,S004145,D017,2026-01-25,Afternoon,28,1,27,3.57,Available,Warangal
SL004146,S004146,D017,2026-01-27,Morning,23,2,21,8.7,Available,Warangal
SL004147,S004147,D017,2026-01-28,Full Day,26,4,22,15.38,Available,Warangal
SL004148,S004148,D017,2026-01-29,Morning,28,0,28,0.0,Available,Warangal
SL004149,S004149,D017,2026-01-30,Afternoon,19,0,19,0.0,Available,Warangal
SL004150,S004150,D017,2026-01-31,Afternoon,30,0,30,0.0,Available,Warangal
SL004151,S004151,D017,2026-02-02,Morning,20,3,17,15.0,Available,Warangal
SL004152,S004152,D017,2026-02-04,Morning,12,1,11,8.33,Available,Warangal
SL004153,S004153,D017,2026-02-05,Morning,29,2,27,6.9,Available,Warangal
SL004154,S004154,D017,2026-02-06,Afternoon,30,2,28,6.67,Available,Warangal
SL004155,S004155,D017,2026-02-07,Afternoon,20,1,19,5.0,Available,Warangal
SL004156,S004156,D017,2026-02-08,Morning,19,2,17,10.53,Available,Warangal
SL004157,S004157,D017,2026-02-09,Morning,13,1,12,7.69,Available,Warangal
SL004158,S004158,D017,2026-02-10,Morning,20,1,19,5.0,Available,Warangal
SL004159,S004159,D017,2026-02-11,Afternoon,30,2,28,6.67,Available,Warangal
SL004160,S004160,D017,2026-02-12,Afternoon,12,2,10,16.67,Available,Warangal
SL004161,S004161,D017,2026-02-13,Full Day,38,2,36,5.26,Available,Warangal
SL004162,S004162,D017,2026-02-16,Morning,20,0,20,0.0,Available,Warangal
SL004163,S004163,D017,2026-02-17,Full Day,45,0,45,0.0,Available,Warangal
SL004164,S004164,D017,2026-02-18,Full Day,41,2,39,4.88,Available,Warangal
SL004165,S004165,D017,2026-02-19,Full Day,27,3,24,11.11,Available,Warangal
SL004166,S004166,D017,2026-02-20,Full Day,32,0,32,0.0,Available,Warangal
SL004167,S004167,D017,2026-02-21,Full Day,40,2,38,5.0,Available,Warangal
SL004168,S004168,D017,2026-02-23,Full Day,48,1,47,2.08,Available,Warangal
SL004169,S004169,D017,2026-02-24,Full Day,45,1,44,2.22,Available,Warangal
SL004170,S004170,D017,2026-02-25,Afternoon,22,0,22,0.0,Available,Warangal
SL004171,S004171,D017,2026-02-26,Afternoon,30,1,29,3.33,Available,Warangal
SL004172,S004172,D017,2026-02-27,Afternoon,19,2,17,10.53,Available,Warangal
SL004173,S004173,D017,2026-02-28,Afternoon,25,2,23,8.0,Available,Warangal
SL004174,S004174,D017,2026-03-02,Full Day,39,1,38,2.56,Available,Warangal
SL004175,S004175,D017,2026-03-03,Morning,27,1,26,3.7,Available,Warangal
SL004176,S004176,D017,2026-03-04,Afternoon,15,1,14,6.67,Available,Warangal
SL004177,S004177,D017,2026-03-07,Afternoon,25,0,25,0.0,Available,Warangal
SL004178,S004178,D017,2026-03-09,Afternoon,12,3,9,25.0,Available,Warangal
SL004179,S004179,D017,2026-03-10,Full Day,27,3,24,11.11,Available,Warangal
SL004180,S004180,D017,2026-03-11,Afternoon,20,1,19,5.0,Available,Warangal
SL004181,S004181,D017,2026-03-12,Morning,15,2,13,13.33,Available,Warangal
SL004182,S004182,D017,2026-03-13,Afternoon,22,2,20,9.09,Available,Warangal
SL004183,S004183,D017,2026-03-16,Afternoon,26,2,24,7.69,Available,Warangal
SL004184,S004184,D017,2026-03-17,Full Day,32,1,31,3.12,Available,Warangal
SL004185,S004185,D017,2026-03-18,Afternoon,26,0,26,0.0,Available,Warangal
SL004186,S004186,D017,2026-03-20,Full Day,28,3,25,10.71,Available,Warangal
SL004187,S004187,D017,2026-03-21,Afternoon,28,1,27,3.57,Available,Warangal
SL004188,S004188,D017,2026-03-22,Afternoon,30,2,28,6.67,Available,Warangal
SL004189,S004189,D017,2026-03-23,Full Day,34,3,31,8.82,Available,Warangal
SL004190,S004190,D017,2026-03-24,Full Day,46,0,46,0.0,Available,Warangal
SL004191,S004191,D017,2026-03-25,Morning,18,0,18,0.0,Available,Warangal
SL004192,S004192,D017,2026-03-26,Full Day,41,1,40,2.44,Available,Warangal
SL004193,S004193,D017,2026-03-27,Afternoon,14,0,14,0.0,Available,Warangal
SL004194,S004194,D017,2026-03-31,Afternoon,13,1,12,7.69,Available,Warangal
SL004195,S004195,D017,2026-04-01,Morning,14,0,14,0.0,Available,Warangal
SL004196,S004196,D017,2026-04-02,Afternoon,23,1,22,4.35,Available,Warangal
SL004197,S004197,D017,2026-04-03,Afternoon,29,2,27,6.9,Available,Warangal
SL004198,S004198,D017,2026-04-07,Afternoon,24,2,22,8.33,Available,Warangal
SL004199,S004199,D017,2026-04-08,Morning,13,1,12,7.69,Available,Warangal
SL004200,S004200,D017,2026-04-09,Afternoon,24,4,20,16.67,Available,Warangal
SL004201,S004201,D017,2026-04-10,Full Day,39,5,34,12.82,Available,Warangal
SL004202,S004202,D017,2026-04-13,Afternoon,26,0,26,0.0,Available,Warangal
SL004203,S004203,D017,2026-04-15,Morning,22,1,21,4.55,Available,Warangal
SL004204,S004204,D017,2026-04-16,Afternoon,16,1,15,6.25,Available,Warangal
SL004205,S004205,D017,2026-04-20,Morning,24,1,23,4.17,Available,Warangal
SL004206,S004206,D017,2026-04-21,Morning,18,0,18,0.0,Available,Warangal
SL004207,S004207,D017,2026-04-22,Afternoon,16,3,13,18.75,Available,Warangal
SL004208,S004208,D017,2026-04-23,Full Day,48,1,47,2.08,Available,Warangal
SL004209,S004209,D017,2026-04-24,Full Day,38,2,36,5.26,Available,Warangal
SL004210,S004210,D017,2026-04-25,Afternoon,17,0,17,0.0,Available,Warangal
SL004211,S004211,D017,2026-04-27,Afternoon,28,0,28,0.0,Available,Warangal
SL004212,S004212,D017,2026-04-28,Full Day,43,1,42,2.33,Available,Warangal
SL004213,S004213,D017,2026-04-29,Morning,13,2,11,15.38,Available,Warangal
SL004214,S004214,D017,2026-04-30,Morning,23,2,21,8.7,Available,Warangal
SL004215,S004215,D017,2026-05-01,Morning,29,2,27,6.9,Available,Warangal
SL004216,S004216,D017,2026-05-05,Full Day,26,0,26,0.0,Available,Warangal
SL004217,S004217,D017,2026-05-06,Full Day,28,0,28,0.0,Available,Warangal
SL004218,S004218,D017,2026-05-07,Morning,30,0,30,0.0,Available,Warangal
SL004219,S004219,D017,2026-05-08,Afternoon,28,3,25,10.71,Available,Warangal
SL004220,S004220,D017,2026-05-11,Morning,22,2,20,9.09,Available,Warangal
SL004221,S004221,D017,2026-05-13,Full Day,36,0,36,0.0,Available,Warangal
SL004222,S004222,D017,2026-05-14,Full Day,46,2,44,4.35,Available,Warangal
SL004223,S004223,D017,2026-05-15,Afternoon,18,0,18,0.0,Available,Warangal
SL004224,S004224,D017,2026-05-17,Full Day,32,2,30,6.25,Available,Warangal
SL004225,S004225,D017,2026-05-19,Morning,15,0,15,0.0,Available,Warangal
SL004226,S004226,D017,2026-05-21,Morning,17,4,13,23.53,Available,Warangal
SL004227,S004227,D017,2026-05-25,Full Day,33,1,32,3.03,Available,Warangal
SL004228,S004228,D017,2026-05-27,Full Day,38,2,36,5.26,Available,Warangal
SL004229,S004229,D017,2026-05-28,Afternoon,15,0,15,0.0,Available,Warangal
SL004230,S004230,D017,2026-05-29,Afternoon,24,1,23,4.17,Available,Warangal
SL004231,S004231,D017,2026-06-01,Morning,30,1,29,3.33,Available,Warangal
SL004232,S004232,D017,2026-06-02,Afternoon,27,1,26,3.7,Available,Warangal
SL004233,S004233,D017,2026-06-03,Full Day,41,5,36,12.2,Available,Warangal
SL004234,S004234,D017,2026-06-04,Full Day,49,0,49,0.0,Available,Warangal
SL004235,S004235,D017,2026-06-05,Afternoon,22,3,19,13.64,Available,Warangal
SL004236,S004236,D017,2026-06-08,Morning,26,1,25,3.85,Available,Warangal
SL004237,S004237,D017,2026-06-10,Full Day,45,2,43,4.44,Available,Warangal
SL004238,S004238,D017,2026-06-12,Full Day,27,0,27,0.0,Available,Warangal
SL004239,S004239,D017,2026-06-15,Afternoon,23,1,22,4.35,Available,Warangal
SL004240,S004240,D017,2026-06-16,Morning,26,2,24,7.69,Available,Warangal
SL004241,S004241,D017,2026-06-17,Full Day,43,1,42,2.33,Available,Warangal
SL004242,S004242,D017,2026-06-18,Full Day,41,1,40,2.44,Available,Warangal
SL004243,S004243,D017,2026-06-19,Morning,22,1,21,4.55,Available,Warangal
SL004244,S004244,D017,2026-06-22,Afternoon,23,4,19,17.39,Available,Warangal
SL004245,S004245,D017,2026-06-23,Morning,15,2,13,13.33,Available,Warangal
SL004246,S004246,D017,2026-06-24,Afternoon,16,0,16,0.0,Available,Warangal
SL004247,S004247,D017,2026-06-25,Full Day,43,0,43,0.0,Available,Warangal
SL004248,S004248,D017,2026-06-26,Afternoon,22,1,21,4.55,Available,Warangal
SL004249,S004249,D017,2026-06-27,Morning,14,1,13,7.14,Available,Warangal
SL004250,S004250,D017,2026-06-28,Afternoon,20,2,18,10.0,Available,Warangal
SL004251,S004251,D017,2026-06-29,Full Day,44,0,44,0.0,Available,Warangal
SL004252,S004252,D017,2026-06-30,Morning,19,1,18,5.26,Available,Warangal
SL004253,S004253,D017,2026-07-01,Afternoon,26,1,25,3.85,Available,Warangal
SL004254,S004254,D017,2026-07-02,Full Day,43,0,43,0.0,Available,Warangal
SL004255,S004255,D017,2026-07-05,Afternoon,24,0,24,0.0,Available,Warangal
SL004256,S004256,D017,2026-07-08,Full Day,30,2,28,6.67,Available,Warangal
SL004257,S004257,D017,2026-07-09,Morning,19,1,18,5.26,Available,Warangal
SL004258,S004258,D017,2026-07-10,Morning,22,1,21,4.55,Available,Warangal
SL004259,S004259,D017,2026-07-11,Full Day,50,3,47,6.0,Available,Warangal
SL004260,S004260,D017,2026-07-13,Morning,14,2,12,14.29,Available,Warangal
SL004261,S004261,D017,2026-07-14,Afternoon,29,2,27,6.9,Available,Warangal
SL004262,S004262,D017,2026-07-15,Afternoon,15,2,13,13.33,Available,Warangal
SL004263,S004263,D017,2026-07-16,Afternoon,17,0,17,0.0,Available,Warangal
SL004264,S004264,D017,2026-07-17,Morning,15,2,13,13.33,Available,Warangal
SL004265,S004265,D017,2026-07-18,Morning,21,0,21,0.0,Available,Warangal
SL004266,S004266,D017,2026-07-19,Afternoon,22,1,21,4.55,Available,Warangal
SL004267,S004267,D017,2026-07-21,Morning,15,3,12,20.0,Available,Warangal
SL004268,S004268,D017,2026-07-22,Full Day,38,1,37,2.63,Available,Warangal
SL004269,S004269,D017,2026-07-24,Morning,27,2,25,7.41,Available,Warangal
SL004270,S004270,D017,2026-07-27,Morning,28,0,28,0.0,Available,Warangal
SL004271,S004271,D017,2026-07-29,Morning,24,2,22,8.33,Available,Warangal
SL004272,S004272,D017,2026-07-30,Afternoon,21,0,21,0.0,Available,Warangal
SL004273,S004273,D017,2026-07-31,Morning,25,2,23,8.0,Available,Warangal
SL004274,S004274,D017,2026-08-03,Morning,25,0,25,0.0,Available,Warangal
SL004275,S004275,D017,2026-08-04,Afternoon,18,3,15,16.67,Available,Warangal
SL004276,S004276,D017,2026-08-05,Afternoon,26,1,25,3.85,Available,Warangal
SL004277,S004277,D017,2026-08-07,Full Day,30,2,28,6.67,Available,Warangal
SL004278,S004278,D017,2026-08-11,Full Day,29,2,27,6.9,Available,Warangal
SL004279,S004279,D017,2026-08-12,Afternoon,17,3,14,17.65,Available,Warangal
SL004280,S004280,D017,2026-08-13,Afternoon,15,0,15,0.0,Available,Warangal
SL004281,S004281,D017,2026-08-14,Morning,15,1,14,6.67,Available,Warangal
SL004282,S004282,D017,2026-08-16,Morning,22,1,21,4.55,Available,Warangal
SL004283,S004283,D017,2026-08-17,Morning,12,3,9,25.0,Available,Warangal
SL004284,S004284,D017,2026-08-18,Morning,22,2,20,9.09,Available,Warangal
SL004285,S004285,D017,2026-08-19,Morning,13,2,11,15.38,Available,Warangal
SL004286,S004286,D017,2026-08-21,Afternoon,20,3,17,15.0,Available,Warangal
SL004287,S004287,D017,2026-08-23,Afternoon,25,3,22,12.0,Available,Warangal
SL004288,S004288,D017,2026-08-25,Morning,29,3,26,10.34,Available,Warangal
SL004289,S004289,D017,2026-08-26,Morning,19,0,19,0.0,Available,Warangal
SL004290,S004290,D017,2026-08-27,Morning,16,2,14,12.5,Available,Warangal
SL004291,S004291,D017,2026-08-28,Afternoon,17,2,15,11.76,Available,Warangal
SL004292,S004292,D017,2026-08-30,Full Day,37,0,37,0.0,Available,Warangal
SL004293,S004293,D017,2026-08-31,Afternoon,14,0,14,0.0,Available,Warangal
SL004294,S004294,D017,2026-09-01,Full Day,32,3,29,9.38,Available,Warangal
SL004295,S004295,D017,2026-09-02,Morning,26,1,25,3.85,Available,Warangal
SL004296,S004296,D017,2026-09-03,Full Day,40,0,40,0.0,Available,Warangal
SL004297,S004297,D017,2026-09-04,Full Day,45,1,44,2.22,Available,Warangal
SL004298,S004298,D017,2026-09-07,Morning,25,1,24,4.0,Available,Warangal
SL004299,S004299,D017,2026-09-08,Full Day,36,2,34,5.56,Available,Warangal
SL004300,S004300,D017,2026-09-09,Afternoon,23,0,23,0.0,Available,Warangal
SL004301,S004301,D017,2026-09-10,Full Day,25,1,24,4.0,Available,Warangal
SL004302,S004302,D017,2026-09-11,Afternoon,27,0,27,0.0,Available,Warangal
SL004303,S004303,D017,2026-09-14,Morning,20,1,19,5.0,Available,Warangal
SL004304,S004304,D017,2026-09-15,Afternoon,24,0,24,0.0,Available,Warangal
SL004305,S004305,D017,2026-09-17,Afternoon,13,1,12,7.69,Available,Warangal
SL004306,S004306,D017,2026-09-18,Afternoon,30,2,28,6.67,Available,Warangal
SL004307,S004307,D017,2026-09-20,Full Day,39,1,38,2.56,Available,Warangal
SL004308,S004308,D017,2026-09-21,Full Day,48,1,47,2.08,Available,Warangal
SL004309,S004309,D017,2026-09-23,Morning,25,2,23,8.0,Available,Warangal
SL004310,S004310,D017,2026-09-24,Afternoon,29,1,28,3.45,Available,Warangal
SL004311,S004311,D017,2026-09-25,Morning,17,2,15,11.76,Available,Warangal
SL004312,S004312,D017,2026-09-28,Full Day,29,1,28,3.45,Available,Warangal
SL004313,S004313,D017,2026-09-29,Morning,12,4,8,33.33,Available,Warangal
SL004314,S004314,D017,2026-09-30,Afternoon,22,0,22,0.0,Available,Warangal
SL004315,S004315,D017,2026-10-01,Morning,26,2,24,7.69,Available,Warangal
SL004316,S004316,D017,2026-10-05,Afternoon,18,0,18,0.0,Available,Warangal
SL004317,S004317,D017,2026-10-06,Full Day,49,2,47,4.08,Available,Warangal
SL004318,S004318,D017,2026-10-07,Morning,26,0,26,0.0,Available,Warangal
SL004319,S004319,D017,2026-10-08,Afternoon,21,1,20,4.76,Available,Warangal
SL004320,S004320,D017,2026-10-09,Full Day,36,1,35,2.78,Available,Warangal
SL004321,S004321,D017,2026-10-10,Afternoon,15,1,14,6.67,Available,Warangal
SL004322,S004322,D017,2026-10-12,Morning,23,3,20,13.04,Available,Warangal
SL004323,S004323,D017,2026-10-13,Afternoon,20,1,19,5.0,Available,Warangal
SL004324,S004324,D017,2026-10-14,Afternoon,20,2,18,10.0,Available,Warangal
SL004325,S004325,D017,2026-10-15,Full Day,38,1,37,2.63,Available,Warangal
SL004326,S004326,D017,2026-10-16,Morning,26,1,25,3.85,Available,Warangal
SL004327,S004327,D017,2026-10-19,Full Day,37,1,36,2.7,Available,Warangal
SL004328,S004328,D017,2026-10-21,Afternoon,13,2,11,15.38,Available,Warangal
SL004329,S004329,D017,2026-10-22,Morning,16,0,16,0.0,Available,Warangal
SL004330,S004330,D017,2026-10-23,Afternoon,16,0,16,0.0,Available,Warangal
SL004331,S004331,D017,2026-10-25,Full Day,41,2,39,4.88,Available,Warangal
SL004332,S004332,D017,2026-10-26,Full Day,33,1,32,3.03,Available,Warangal
SL004333,S004333,D017,2026-10-27,Morning,27,0,27,0.0,Available,Warangal
SL004334,S004334,D017,2026-10-28,Afternoon,17,0,17,0.0,Available,Warangal
SL004335,S004335,D017,2026-10-29,Afternoon,29,1,28,3.45,Available,Warangal
SL004336,S004336,D017,2026-11-02,Afternoon,15,0,15,0.0,Available,Warangal
SL004337,S004337,D017,2026-11-04,Afternoon,29,0,29,0.0,Available,Warangal
SL004338,S004338,D017,2026-11-05,Morning,15,1,14,6.67,Available,Warangal
SL004339,S004339,D017,2026-11-06,Full Day,41,0,41,0.0,Available,Warangal
SL004340,S004340,D017,2026-11-11,Afternoon,22,0,22,0.0,Available,Warangal
SL004341,S004341,D017,2026-11-12,Full Day,37,3,34,8.11,Available,Warangal
SL004342,S004342,D017,2026-11-13,Full Day,34,1,33,2.94,Available,Warangal
SL004343,S004343,D017,2026-11-16,Morning,20,0,20,0.0,Available,Warangal
SL004344,S004344,D017,2026-11-17,Full Day,31,0,31,0.0,Available,Warangal
SL004345,S004345,D017,2026-11-18,Morning,30,1,29,3.33,Available,Warangal
SL004346,S004346,D017,2026-11-19,Afternoon,13,1,12,7.69,Available,Warangal
SL004347,S004347,D017,2026-11-20,Full Day,38,1,37,2.63,Available,Warangal
SL004348,S004348,D017,2026-11-21,Full Day,33,0,33,0.0,Available,Warangal
SL004349,S004349,D017,2026-11-22,Full Day,40,1,39,2.5,Available,Warangal
SL004350,S004350,D017,2026-11-23,Morning,14,2,12,14.29,Available,Warangal
SL004351,S004351,D017,2026-11-24,Full Day,49,1,48,2.04,Available,Warangal
SL004352,S004352,D017,2026-11-25,Afternoon,15,2,13,13.33,Available,Warangal
SL004353,S004353,D017,2026-11-26,Full Day,38,0,38,0.0,Available,Warangal
SL004354,S004354,D017,2026-11-27,Morning,18,0,18,0.0,Available,Warangal
SL004355,S004355,D017,2026-11-29,Morning,21,0,21,0.0,Available,Warangal
SL004356,S004356,D017,2026-11-30,Morning,19,1,18,5.26,Available,Warangal
SL004357,S004357,D017,2026-12-01,Afternoon,22,1,21,4.55,Available,Warangal
SL004358,S004358,D017,2026-12-02,Afternoon,15,2,13,13.33,Available,Warangal
SL004359,S004359,D017,2026-12-03,Full Day,28,1,27,3.57,Available,Warangal
SL004360,S004360,D017,2026-12-04,Full Day,44,0,44,0.0,Available,Warangal
SL004361,S004361,D017,2026-12-07,Afternoon,15,1,14,6.67,Available,Warangal
SL004362,S004362,D017,2026-12-08,Full Day,49,2,47,4.08,Available,Warangal
SL004363,S004363,D017,2026-12-09,Full Day,25,1,24,4.0,Available,Warangal
SL004364,S004364,D017,2026-12-10,Morning,25,2,23,8.0,Available,Warangal
SL004365,S004365,D017,2026-12-14,Full Day,37,2,35,5.41,Available,Warangal
SL004366,S004366,D017,2026-12-15,Afternoon,16,1,15,6.25,Available,Warangal
SL004367,S004367,D017,2026-12-17,Morning,30,0,30,0.0,Available,Warangal
SL004368,S004368,D017,2026-12-18,Full Day,34,0,34,0.0,Available,Warangal
SL004369,S004369,D017,2026-12-21,Afternoon,16,2,14,12.5,Available,Warangal
SL004370,S004370,D017,2026-12-22,Full Day,46,1,45,2.17,Available,Warangal
SL004371,S004371,D017,2026-12-23,Full Day,47,1,46,2.13,Available,Warangal
SL004372,S004372,D017,2026-12-25,Afternoon,27,1,26,3.7,Available,Warangal
SL004373,S004373,D017,2026-12-28,Morning,25,0,25,0.0,Available,Warangal
SL004374,S004374,D017,2026-12-29,Full Day,37,0,37,0.0,Available,Warangal
SL004375,S004375,D017,2026-12-30,Full Day,33,0,33,0.0,Available,Warangal
SL004376,S004376,D018,2026-01-01,Afternoon,21,0,21,0.0,Available,Warangal
SL004377,S004377,D018,2026-01-02,Full Day,41,0,41,0.0,Available,Warangal
SL004378,S004378,D018,2026-01-04,Full Day,32,1,31,3.12,Available,Warangal
SL004379,S004379,D018,2026-01-05,Morning,12,1,11,8.33,Available,Warangal
SL004380,S004380,D018,2026-01-06,Morning,20,1,19,5.0,Available,Warangal
SL004381,S004381,D018,2026-01-07,Morning,21,2,19,9.52,Available,Warangal
SL004382,S004382,D018,2026-01-08,Afternoon,16,0,16,0.0,Available,Warangal
SL004383,S004383,D018,2026-01-12,Morning,27,0,27,0.0,Available,Warangal
SL004384,S004384,D018,2026-01-13,Afternoon,27,1,26,3.7,Available,Warangal
SL004385,S004385,D018,2026-01-14,Afternoon,18,3,15,16.67,Available,Warangal
SL004386,S004386,D018,2026-01-15,Afternoon,15,0,15,0.0,Available,Warangal
SL004387,S004387,D018,2026-01-17,Morning,25,1,24,4.0,Available,Warangal
SL004388,S004388,D018,2026-01-19,Morning,22,0,22,0.0,Available,Warangal
SL004389,S004389,D018,2026-01-20,Morning,26,2,24,7.69,Available,Warangal
SL004390,S004390,D018,2026-01-21,Full Day,49,2,47,4.08,Available,Warangal
SL004391,S004391,D018,2026-01-22,Morning,15,2,13,13.33,Available,Warangal
SL004392,S004392,D018,2026-01-23,Morning,16,2,14,12.5,Available,Warangal
SL004393,S004393,D018,2026-01-26,Morning,24,0,24,0.0,Available,Warangal
SL004394,S004394,D018,2026-01-27,Afternoon,15,0,15,0.0,Available,Warangal
SL004395,S004395,D018,2026-01-28,Afternoon,17,0,17,0.0,Available,Warangal
SL004396,S004396,D018,2026-01-29,Morning,25,0,25,0.0,Available,Warangal
SL004397,S004397,D018,2026-01-30,Afternoon,13,2,11,15.38,Available,Warangal
SL004398,S004398,D018,2026-02-02,Afternoon,27,0,27,0.0,Available,Warangal
SL004399,S004399,D018,2026-02-03,Morning,15,0,15,0.0,Available,Warangal
SL004400,S004400,D018,2026-02-05,Afternoon,29,2,27,6.9,Available,Warangal
SL004401,S004401,D018,2026-02-06,Morning,30,2,28,6.67,Available,Warangal
SL004402,S004402,D018,2026-02-07,Morning,19,0,19,0.0,Available,Warangal
SL004403,S004403,D018,2026-02-09,Morning,21,3,18,14.29,Available,Warangal
SL004404,S004404,D018,2026-02-10,Morning,13,1,12,7.69,Available,Warangal
SL004405,S004405,D018,2026-02-11,Morning,26,0,26,0.0,Available,Warangal
SL004406,S004406,D018,2026-02-13,Afternoon,24,1,23,4.17,Available,Warangal
SL004407,S004407,D018,2026-02-16,Afternoon,12,2,10,16.67,Available,Warangal
SL004408,S004408,D018,2026-02-18,Afternoon,14,0,14,0.0,Available,Warangal
SL004409,S004409,D018,2026-02-23,Full Day,42,3,39,7.14,Available,Warangal
SL004410,S004410,D018,2026-02-24,Full Day,36,1,35,2.78,Available,Warangal
SL004411,S004411,D018,2026-02-25,Full Day,38,1,37,2.63,Available,Warangal
SL004412,S004412,D018,2026-02-26,Afternoon,28,0,28,0.0,Available,Warangal
SL004413,S004413,D018,2026-02-27,Full Day,41,0,41,0.0,Available,Warangal
SL004414,S004414,D018,2026-03-02,Afternoon,13,3,10,23.08,Available,Warangal
SL004415,S004415,D018,2026-03-04,Afternoon,30,0,30,0.0,Available,Warangal
SL004416,S004416,D018,2026-03-06,Morning,27,1,26,3.7,Available,Warangal
SL004417,S004417,D018,2026-03-09,Afternoon,15,1,14,6.67,Available,Warangal
SL004418,S004418,D018,2026-03-10,Full Day,38,0,38,0.0,Available,Warangal
SL004419,S004419,D018,2026-03-11,Morning,15,0,15,0.0,Available,Warangal
SL004420,S004420,D018,2026-03-12,Morning,26,1,25,3.85,Available,Warangal
SL004421,S004421,D018,2026-03-13,Morning,24,0,24,0.0,Available,Warangal
SL004422,S004422,D018,2026-03-16,Morning,20,0,20,0.0,Available,Warangal
SL004423,S004423,D018,2026-03-18,Afternoon,18,2,16,11.11,Available,Warangal
SL004424,S004424,D018,2026-03-19,Morning,30,1,29,3.33,Available,Warangal
SL004425,S004425,D018,2026-03-22,Afternoon,27,1,26,3.7,Available,Warangal
SL004426,S004426,D018,2026-03-23,Morning,22,2,20,9.09,Available,Warangal
SL004427,S004427,D018,2026-03-25,Morning,25,3,22,12.0,Available,Warangal
SL004428,S004428,D018,2026-03-26,Morning,22,1,21,4.55,Available,Warangal
SL004429,S004429,D018,2026-03-27,Afternoon,12,1,11,8.33,Available,Warangal
SL004430,S004430,D018,2026-03-28,Morning,19,1,18,5.26,Available,Warangal
SL004431,S004431,D018,2026-03-30,Afternoon,13,1,12,7.69,Available,Warangal
SL004432,S004432,D018,2026-03-31,Full Day,40,3,37,7.5,Available,Warangal
SL004433,S004433,D018,2026-04-01,Morning,16,1,15,6.25,Available,Warangal
SL004434,S004434,D018,2026-04-03,Full Day,46,4,42,8.7,Available,Warangal
SL004435,S004435,D018,2026-04-06,Full Day,30,2,28,6.67,Available,Warangal
SL004436,S004436,D018,2026-04-08,Full Day,34,2,32,5.88,Available,Warangal
SL004437,S004437,D018,2026-04-10,Afternoon,29,0,29,0.0,Available,Warangal
SL004438,S004438,D018,2026-04-14,Morning,15,2,13,13.33,Available,Warangal
SL004439,S004439,D018,2026-04-15,Full Day,39,0,39,0.0,Available,Warangal
SL004440,S004440,D018,2026-04-16,Full Day,50,0,50,0.0,Available,Warangal
SL004441,S004441,D018,2026-04-20,Morning,30,3,27,10.0,Available,Warangal
SL004442,S004442,D018,2026-04-21,Morning,21,0,21,0.0,Available,Warangal
SL004443,S004443,D018,2026-04-22,Afternoon,19,0,19,0.0,Available,Warangal
SL004444,S004444,D018,2026-04-24,Morning,16,2,14,12.5,Available,Warangal
SL004445,S004445,D018,2026-04-25,Morning,20,2,18,10.0,Available,Warangal
SL004446,S004446,D018,2026-04-28,Full Day,32,1,31,3.12,Available,Warangal
SL004447,S004447,D018,2026-04-29,Morning,21,1,20,4.76,Available,Warangal
SL004448,S004448,D018,2026-04-30,Morning,13,0,13,0.0,Available,Warangal
SL004449,S004449,D018,2026-05-01,Afternoon,16,1,15,6.25,Available,Warangal
SL004450,S004450,D018,2026-05-02,Full Day,35,1,34,2.86,Available,Warangal
SL004451,S004451,D018,2026-05-05,Full Day,48,0,48,0.0,Available,Warangal
SL004452,S004452,D018,2026-05-06,Morning,16,2,14,12.5,Available,Warangal
SL004453,S004453,D018,2026-05-07,Full Day,45,2,43,4.44,Available,Warangal
SL004454,S004454,D018,2026-05-08,Morning,16,0,16,0.0,Available,Warangal
SL004455,S004455,D018,2026-05-10,Full Day,40,0,40,0.0,Available,Warangal
SL004456,S004456,D018,2026-05-11,Morning,17,3,14,17.65,Available,Warangal
SL004457,S004457,D018,2026-05-12,Morning,19,1,18,5.26,Available,Warangal
SL004458,S004458,D018,2026-05-14,Full Day,30,1,29,3.33,Available,Warangal
SL004459,S004459,D018,2026-05-15,Morning,23,2,21,8.7,Available,Warangal
SL004460,S004460,D018,2026-05-17,Afternoon,18,1,17,5.56,Available,Warangal
SL004461,S004461,D018,2026-05-18,Afternoon,26,2,24,7.69,Available,Warangal
SL004462,S004462,D018,2026-05-19,Full Day,31,1,30,3.23,Available,Warangal
SL004463,S004463,D018,2026-05-20,Morning,13,2,11,15.38,Available,Warangal
SL004464,S004464,D018,2026-05-21,Morning,28,0,28,0.0,Available,Warangal
SL004465,S004465,D018,2026-05-22,Full Day,34,0,34,0.0,Available,Warangal
SL004466,S004466,D018,2026-05-23,Full Day,43,1,42,2.33,Available,Warangal
SL004467,S004467,D018,2026-05-25,Afternoon,18,0,18,0.0,Available,Warangal
SL004468,S004468,D018,2026-05-27,Morning,20,0,20,0.0,Available,Warangal
SL004469,S004469,D018,2026-05-28,Afternoon,26,1,25,3.85,Available,Warangal
SL004470,S004470,D018,2026-05-29,Full Day,32,2,30,6.25,Available,Warangal
SL004471,S004471,D018,2026-06-01,Morning,19,2,17,10.53,Available,Warangal
SL004472,S004472,D018,2026-06-02,Full Day,28,2,26,7.14,Available,Warangal
SL004473,S004473,D018,2026-06-03,Afternoon,27,1,26,3.7,Available,Warangal
SL004474,S004474,D018,2026-06-04,Morning,16,2,14,12.5,Available,Warangal
SL004475,S004475,D018,2026-06-05,Morning,19,1,18,5.26,Available,Warangal
SL004476,S004476,D018,2026-06-06,Afternoon,17,0,17,0.0,Available,Warangal
SL004477,S004477,D018,2026-06-07,Morning,24,3,21,12.5,Available,Warangal
SL004478,S004478,D018,2026-06-09,Afternoon,21,0,21,0.0,Available,Warangal
SL004479,S004479,D018,2026-06-10,Morning,20,3,17,15.0,Available,Warangal
SL004480,S004480,D018,2026-06-11,Full Day,32,3,29,9.38,Available,Warangal
SL004481,S004481,D018,2026-06-12,Full Day,39,0,39,0.0,Available,Warangal
SL004482,S004482,D018,2026-06-15,Morning,22,1,21,4.55,Available,Warangal
SL004483,S004483,D018,2026-06-17,Full Day,27,3,24,11.11,Available,Warangal
SL004484,S004484,D018,2026-06-18,Full Day,42,0,42,0.0,Available,Warangal
SL004485,S004485,D018,2026-06-19,Morning,19,1,18,5.26,Available,Warangal
SL004486,S004486,D018,2026-06-23,Afternoon,20,5,15,25.0,Available,Warangal
SL004487,S004487,D018,2026-06-24,Afternoon,26,1,25,3.85,Available,Warangal
SL004488,S004488,D018,2026-06-25,Morning,16,3,13,18.75,Available,Warangal
SL004489,S004489,D018,2026-06-28,Morning,18,1,17,5.56,Available,Warangal
SL004490,S004490,D018,2026-06-29,Morning,29,0,29,0.0,Available,Warangal
SL004491,S004491,D018,2026-06-30,Full Day,34,1,33,2.94,Available,Warangal
SL004492,S004492,D018,2026-07-01,Afternoon,22,2,20,9.09,Available,Warangal
SL004493,S004493,D018,2026-07-03,Afternoon,14,2,12,14.29,Available,Warangal
SL004494,S004494,D018,2026-07-04,Afternoon,26,5,21,19.23,Available,Warangal
SL004495,S004495,D018,2026-07-06,Morning,17,4,13,23.53,Available,Warangal
SL004496,S004496,D018,2026-07-08,Morning,14,1,13,7.14,Available,Warangal
SL004497,S004497,D018,2026-07-09,Afternoon,30,2,28,6.67,Available,Warangal
SL004498,S004498,D018,2026-07-10,Full Day,39,2,37,5.13,Available,Warangal
SL004499,S004499,D018,2026-07-11,Afternoon,27,1,26,3.7,Available,Warangal
SL004500,S004500,D018,2026-07-13,Morning,15,2,13,13.33,Available,Warangal
SL004501,S004501,D018,2026-07-14,Morning,28,4,24,14.29,Available,Warangal
SL004502,S004502,D018,2026-07-16,Morning,26,3,23,11.54,Available,Warangal
SL004503,S004503,D018,2026-07-17,Morning,13,0,13,0.0,Available,Warangal
SL004504,S004504,D018,2026-07-19,Full Day,42,1,41,2.38,Available,Warangal
SL004505,S004505,D018,2026-07-20,Morning,13,0,13,0.0,Available,Warangal
SL004506,S004506,D018,2026-07-21,Morning,27,1,26,3.7,Available,Warangal
SL004507,S004507,D018,2026-07-22,Full Day,32,1,31,3.12,Available,Warangal
SL004508,S004508,D018,2026-07-23,Morning,20,1,19,5.0,Available,Warangal
SL004509,S004509,D018,2026-07-24,Afternoon,30,1,29,3.33,Available,Warangal
SL004510,S004510,D018,2026-07-25,Full Day,35,0,35,0.0,Available,Warangal
SL004511,S004511,D018,2026-07-27,Morning,19,1,18,5.26,Available,Warangal
SL004512,S004512,D018,2026-07-28,Afternoon,20,1,19,5.0,Available,Warangal
SL004513,S004513,D018,2026-07-29,Afternoon,14,1,13,7.14,Available,Warangal
SL004514,S004514,D018,2026-07-30,Full Day,44,0,44,0.0,Available,Warangal
SL004515,S004515,D018,2026-07-31,Morning,29,2,27,6.9,Available,Warangal
SL004516,S004516,D018,2026-08-01,Morning,13,1,12,7.69,Available,Warangal
SL004517,S004517,D018,2026-08-03,Morning,12,3,9,25.0,Available,Warangal
SL004518,S004518,D018,2026-08-04,Morning,19,3,16,15.79,Available,Warangal
SL004519,S004519,D018,2026-08-05,Afternoon,27,0,27,0.0,Available,Warangal
SL004520,S004520,D018,2026-08-06,Full Day,38,0,38,0.0,Available,Warangal
SL004521,S004521,D018,2026-08-07,Afternoon,14,1,13,7.14,Available,Warangal
SL004522,S004522,D018,2026-08-10,Afternoon,21,1,20,4.76,Available,Warangal
SL004523,S004523,D018,2026-08-11,Morning,19,3,16,15.79,Available,Warangal
SL004524,S004524,D018,2026-08-13,Morning,16,1,15,6.25,Available,Warangal
SL004525,S004525,D018,2026-08-14,Morning,27,7,20,25.93,Available,Warangal
SL004526,S004526,D018,2026-08-15,Full Day,31,0,31,0.0,Available,Warangal
SL004527,S004527,D018,2026-08-17,Afternoon,22,1,21,4.55,Available,Warangal
SL004528,S004528,D018,2026-08-18,Morning,13,1,12,7.69,Available,Warangal
SL004529,S004529,D018,2026-08-19,Afternoon,19,1,18,5.26,Available,Warangal
SL004530,S004530,D018,2026-08-20,Full Day,50,3,47,6.0,Available,Warangal
SL004531,S004531,D018,2026-08-23,Morning,21,4,17,19.05,Available,Warangal
SL004532,S004532,D018,2026-08-25,Afternoon,19,1,18,5.26,Available,Warangal
SL004533,S004533,D018,2026-08-26,Morning,20,0,20,0.0,Available,Warangal
SL004534,S004534,D018,2026-08-27,Morning,24,1,23,4.17,Available,Warangal
SL004535,S004535,D018,2026-08-28,Morning,22,1,21,4.55,Available,Warangal
SL004536,S004536,D018,2026-08-31,Afternoon,23,1,22,4.35,Available,Warangal
SL004537,S004537,D018,2026-09-01,Afternoon,15,1,14,6.67,Available,Warangal
SL004538,S004538,D018,2026-09-02,Afternoon,19,0,19,0.0,Available,Warangal
SL004539,S004539,D018,2026-09-03,Afternoon,12,2,10,16.67,Available,Warangal
SL004540,S004540,D018,2026-09-04,Full Day,50,1,49,2.0,Available,Warangal
SL004541,S004541,D018,2026-09-05,Morning,13,1,12,7.69,Available,Warangal
SL004542,S004542,D018,2026-09-06,Morning,25,0,25,0.0,Available,Warangal
SL004543,S004543,D018,2026-09-07,Morning,20,3,17,15.0,Available,Warangal
SL004544,S004544,D018,2026-09-08,Full Day,39,1,38,2.56,Available,Warangal
SL004545,S004545,D018,2026-09-09,Full Day,41,1,40,2.44,Available,Warangal
SL004546,S004546,D018,2026-09-10,Morning,24,2,22,8.33,Available,Warangal
SL004547,S004547,D018,2026-09-11,Morning,30,2,28,6.67,Available,Warangal
SL004548,S004548,D018,2026-09-14,Afternoon,25,1,24,4.0,Available,Warangal
SL004549,S004549,D018,2026-09-15,Full Day,35,3,32,8.57,Available,Warangal
SL004550,S004550,D018,2026-09-16,Morning,15,1,14,6.67,Available,Warangal
SL004551,S004551,D018,2026-09-17,Full Day,28,1,27,3.57,Available,Warangal
SL004552,S004552,D018,2026-09-18,Full Day,31,3,28,9.68,Available,Warangal
SL004553,S004553,D018,2026-09-21,Full Day,32,3,29,9.38,Available,Warangal
SL004554,S004554,D018,2026-09-22,Morning,20,0,20,0.0,Available,Warangal
SL004555,S004555,D018,2026-09-24,Full Day,40,1,39,2.5,Available,Warangal
SL004556,S004556,D018,2026-09-30,Full Day,47,5,42,10.64,Available,Warangal
SL004557,S004557,D018,2026-10-01,Morning,17,1,16,5.88,Available,Warangal
SL004558,S004558,D018,2026-10-02,Afternoon,20,1,19,5.0,Available,Warangal
SL004559,S004559,D018,2026-10-03,Morning,27,2,25,7.41,Available,Warangal
SL004560,S004560,D018,2026-10-04,Afternoon,18,1,17,5.56,Available,Warangal
SL004561,S004561,D018,2026-10-05,Afternoon,12,0,12,0.0,Available,Warangal
SL004562,S004562,D018,2026-10-06,Full Day,47,0,47,0.0,Available,Warangal
SL004563,S004563,D018,2026-10-07,Afternoon,21,0,21,0.0,Available,Warangal
SL004564,S004564,D018,2026-10-08,Afternoon,24,3,21,12.5,Available,Warangal
SL004565,S004565,D018,2026-10-09,Afternoon,27,1,26,3.7,Available,Warangal
SL004566,S004566,D018,2026-10-10,Morning,18,3,15,16.67,Available,Warangal
SL004567,S004567,D018,2026-10-12,Morning,13,2,11,15.38,Available,Warangal
SL004568,S004568,D018,2026-10-13,Morning,20,3,17,15.0,Available,Warangal
SL004569,S004569,D018,2026-10-14,Full Day,50,0,50,0.0,Available,Warangal
SL004570,S004570,D018,2026-10-15,Morning,20,2,18,10.0,Available,Warangal
SL004571,S004571,D018,2026-10-16,Afternoon,25,1,24,4.0,Available,Warangal
SL004572,S004572,D018,2026-10-17,Afternoon,16,3,13,18.75,Available,Warangal
SL004573,S004573,D018,2026-10-19,Morning,15,2,13,13.33,Available,Warangal
SL004574,S004574,D018,2026-10-21,Full Day,44,2,42,4.55,Available,Warangal
SL004575,S004575,D018,2026-10-22,Afternoon,24,0,24,0.0,Available,Warangal
SL004576,S004576,D018,2026-10-23,Afternoon,30,1,29,3.33,Available,Warangal
SL004577,S004577,D018,2026-10-25,Full Day,27,4,23,14.81,Available,Warangal
SL004578,S004578,D018,2026-10-26,Full Day,27,1,26,3.7,Available,Warangal
SL004579,S004579,D018,2026-10-27,Morning,18,2,16,11.11,Available,Warangal
SL004580,S004580,D018,2026-10-28,Full Day,25,2,23,8.0,Available,Warangal
SL004581,S004581,D018,2026-10-30,Full Day,25,1,24,4.0,Available,Warangal
SL004582,S004582,D018,2026-11-03,Full Day,48,1,47,2.08,Available,Warangal
SL004583,S004583,D018,2026-11-04,Full Day,41,1,40,2.44,Available,Warangal
SL004584,S004584,D018,2026-11-05,Afternoon,20,3,17,15.0,Available,Warangal
SL004585,S004585,D018,2026-11-06,Morning,24,0,24,0.0,Available,Warangal
SL004586,S004586,D018,2026-11-08,Afternoon,14,2,12,14.29,Available,Warangal
SL004587,S004587,D018,2026-11-09,Morning,26,2,24,7.69,Available,Warangal
SL004588,S004588,D018,2026-11-10,Full Day,47,0,47,0.0,Available,Warangal
SL004589,S004589,D018,2026-11-11,Full Day,35,1,34,2.86,Available,Warangal
SL004590,S004590,D018,2026-11-12,Afternoon,30,3,27,10.0,Available,Warangal
SL004591,S004591,D018,2026-11-16,Full Day,50,3,47,6.0,Available,Warangal
SL004592,S004592,D018,2026-11-17,Morning,24,2,22,8.33,Available,Warangal
SL004593,S004593,D018,2026-11-19,Full Day,35,2,33,5.71,Available,Warangal
SL004594,S004594,D018,2026-11-21,Full Day,49,1,48,2.04,Available,Warangal
SL004595,S004595,D018,2026-11-23,Morning,28,1,27,3.57,Available,Warangal
SL004596,S004596,D018,2026-11-24,Full Day,38,1,37,2.63,Available,Warangal
SL004597,S004597,D018,2026-11-25,Afternoon,24,1,23,4.17,Available,Warangal
SL004598,S004598,D018,2026-11-26,Full Day,47,0,47,0.0,Available,Warangal
SL004599,S004599,D018,2026-11-30,Morning,22,2,20,9.09,Available,Warangal
SL004600,S004600,D018,2026-12-01,Full Day,28,1,27,3.57,Available,Warangal
SL004601,S004601,D018,2026-12-02,Morning,30,1,29,3.33,Available,Warangal
SL004602,S004602,D018,2026-12-04,Afternoon,16,0,16,0.0,Available,Warangal
SL004603,S004603,D018,2026-12-05,Morning,21,0,21,0.0,Available,Warangal
SL004604,S004604,D018,2026-12-07,Full Day,45,3,42,6.67,Available,Warangal
SL004605,S004605,D018,2026-12-08,Afternoon,16,0,16,0.0,Available,Warangal
SL004606,S004606,D018,2026-12-09,Morning,20,1,19,5.0,Available,Warangal
SL004607,S004607,D018,2026-12-11,Afternoon,14,0,14,0.0,Available,Warangal
SL004608,S004608,D018,2026-12-14,Afternoon,30,0,30,0.0,Available,Warangal
SL004609,S004609,D018,2026-12-16,Afternoon,28,0,28,0.0,Available,Warangal
SL004610,S004610,D018,2026-12-17,Full Day,50,0,50,0.0,Available,Warangal
SL004611,S004611,D018,2026-12-18,Morning,13,0,13,0.0,Available,Warangal
SL004612,S004612,D018,2026-12-21,Full Day,44,3,41,6.82,Available,Warangal
SL004613,S004613,D018,2026-12-22,Full Day,47,2,45,4.26,Available,Warangal
SL004614,S004614,D018,2026-12-23,Morning,23,2,21,8.7,Available,Warangal
SL004615,S004615,D018,2026-12-24,Morning,28,0,28,0.0,Available,Warangal
SL004616,S004616,D018,2026-12-25,Full Day,42,1,41,2.38,Available,Warangal
SL004617,S004617,D018,2026-12-27,Afternoon,26,4,22,15.38,Available,Warangal
SL004618,S004618,D018,2026-12-28,Afternoon,21,0,21,0.0,Available,Warangal
SL004619,S004619,D018,2026-12-29,Morning,16,0,16,0.0,Available,Warangal
SL004620,S004620,D018,2026-12-31,Morning,26,0,26,0.0,Available,Warangal
SL004621,S004621,D019,2026-01-01,Full Day,27,3,24,11.11,Available,Hyderabad
SL004622,S004622,D019,2026-01-02,Full Day,28,3,25,10.71,Available,Hyderabad
SL004623,S004623,D019,2026-01-05,Afternoon,18,0,18,0.0,Available,Hyderabad
SL004624,S004624,D019,2026-01-06,Afternoon,27,1,26,3.7,Available,Hyderabad
SL004625,S004625,D019,2026-01-07,Morning,26,3,23,11.54,Available,Hyderabad
SL004626,S004626,D019,2026-01-09,Full Day,39,1,38,2.56,Available,Hyderabad
SL004627,S004627,D019,2026-01-10,Morning,20,1,19,5.0,Available,Hyderabad
SL004628,S004628,D019,2026-01-11,Afternoon,20,3,17,15.0,Available,Hyderabad
SL004629,S004629,D019,2026-01-12,Morning,16,2,14,12.5,Available,Hyderabad
SL004630,S004630,D019,2026-01-14,Morning,25,0,25,0.0,Available,Hyderabad
SL004631,S004631,D019,2026-01-15,Full Day,31,0,31,0.0,Available,Hyderabad
SL004632,S004632,D019,2026-01-16,Full Day,48,1,47,2.08,Available,Hyderabad
SL004633,S004633,D019,2026-01-17,Full Day,40,1,39,2.5,Available,Hyderabad
SL004634,S004634,D019,2026-01-21,Full Day,42,2,40,4.76,Available,Hyderabad
SL004635,S004635,D019,2026-01-22,Afternoon,23,0,23,0.0,Available,Hyderabad
SL004636,S004636,D019,2026-01-23,Afternoon,21,0,21,0.0,Available,Hyderabad
SL004637,S004637,D019,2026-01-26,Morning,25,2,23,8.0,Available,Hyderabad
SL004638,S004638,D019,2026-01-29,Full Day,34,3,31,8.82,Available,Hyderabad
SL004639,S004639,D019,2026-01-30,Afternoon,16,0,16,0.0,Available,Hyderabad
SL004640,S004640,D019,2026-01-31,Full Day,26,0,26,0.0,Available,Hyderabad
SL004641,S004641,D019,2026-02-02,Afternoon,24,0,24,0.0,Available,Hyderabad
SL004642,S004642,D019,2026-02-04,Full Day,41,0,41,0.0,Available,Hyderabad
SL004643,S004643,D019,2026-02-05,Morning,15,2,13,13.33,Available,Hyderabad
SL004644,S004644,D019,2026-02-06,Morning,14,1,13,7.14,Available,Hyderabad
SL004645,S004645,D019,2026-02-08,Full Day,33,1,32,3.03,Available,Hyderabad
SL004646,S004646,D019,2026-02-09,Afternoon,25,1,24,4.0,Available,Hyderabad
SL004647,S004647,D019,2026-02-10,Afternoon,26,2,24,7.69,Available,Hyderabad
SL004648,S004648,D019,2026-02-11,Full Day,48,2,46,4.17,Available,Hyderabad
SL004649,S004649,D019,2026-02-12,Full Day,48,2,46,4.17,Available,Hyderabad
SL004650,S004650,D019,2026-02-13,Afternoon,20,0,20,0.0,Available,Hyderabad
SL004651,S004651,D019,2026-02-14,Morning,15,1,14,6.67,Available,Hyderabad
SL004652,S004652,D019,2026-02-15,Morning,26,2,24,7.69,Available,Hyderabad
SL004653,S004653,D019,2026-02-16,Afternoon,16,1,15,6.25,Available,Hyderabad
SL004654,S004654,D019,2026-02-17,Afternoon,16,1,15,6.25,Available,Hyderabad
SL004655,S004655,D019,2026-02-18,Full Day,35,4,31,11.43,Available,Hyderabad
SL004656,S004656,D019,2026-02-19,Afternoon,23,1,22,4.35,Available,Hyderabad
SL004657,S004657,D019,2026-02-20,Afternoon,18,1,17,5.56,Available,Hyderabad
SL004658,S004658,D019,2026-02-21,Afternoon,13,1,12,7.69,Available,Hyderabad
SL004659,S004659,D019,2026-02-22,Full Day,47,3,44,6.38,Available,Hyderabad
SL004660,S004660,D019,2026-02-23,Morning,22,2,20,9.09,Available,Hyderabad
SL004661,S004661,D019,2026-02-24,Full Day,40,1,39,2.5,Available,Hyderabad
SL004662,S004662,D019,2026-02-26,Full Day,41,2,39,4.88,Available,Hyderabad
SL004663,S004663,D019,2026-02-27,Afternoon,26,2,24,7.69,Available,Hyderabad
SL004664,S004664,D019,2026-03-02,Morning,24,1,23,4.17,Available,Hyderabad
SL004665,S004665,D019,2026-03-03,Afternoon,24,2,22,8.33,Available,Hyderabad
SL004666,S004666,D019,2026-03-04,Full Day,49,2,47,4.08,Available,Hyderabad
SL004667,S004667,D019,2026-03-05,Afternoon,12,1,11,8.33,Available,Hyderabad
SL004668,S004668,D019,2026-03-06,Full Day,39,0,39,0.0,Available,Hyderabad
SL004669,S004669,D019,2026-03-08,Full Day,44,1,43,2.27,Available,Hyderabad
SL004670,S004670,D019,2026-03-09,Afternoon,26,3,23,11.54,Available,Hyderabad
SL004671,S004671,D019,2026-03-10,Full Day,48,3,45,6.25,Available,Hyderabad
SL004672,S004672,D019,2026-03-12,Full Day,42,0,42,0.0,Available,Hyderabad
SL004673,S004673,D019,2026-03-13,Morning,21,0,21,0.0,Available,Hyderabad
SL004674,S004674,D019,2026-03-16,Full Day,32,2,30,6.25,Available,Hyderabad
SL004675,S004675,D019,2026-03-17,Afternoon,14,1,13,7.14,Available,Hyderabad
SL004676,S004676,D019,2026-03-18,Afternoon,25,4,21,16.0,Available,Hyderabad
SL004677,S004677,D019,2026-03-19,Afternoon,26,2,24,7.69,Available,Hyderabad
SL004678,S004678,D019,2026-03-21,Full Day,33,3,30,9.09,Available,Hyderabad
SL004679,S004679,D019,2026-03-22,Full Day,45,1,44,2.22,Available,Hyderabad
SL004680,S004680,D019,2026-03-23,Full Day,31,1,30,3.23,Available,Hyderabad
SL004681,S004681,D019,2026-03-25,Full Day,28,0,28,0.0,Available,Hyderabad
SL004682,S004682,D019,2026-03-26,Morning,25,1,24,4.0,Available,Hyderabad
SL004683,S004683,D019,2026-03-27,Morning,12,1,11,8.33,Available,Hyderabad
SL004684,S004684,D019,2026-03-30,Morning,23,5,18,21.74,Available,Hyderabad
SL004685,S004685,D019,2026-03-31,Afternoon,19,0,19,0.0,Available,Hyderabad
SL004686,S004686,D019,2026-04-01,Afternoon,16,0,16,0.0,Available,Hyderabad
SL004687,S004687,D019,2026-04-03,Morning,13,1,12,7.69,Available,Hyderabad
SL004688,S004688,D019,2026-04-05,Morning,20,0,20,0.0,Available,Hyderabad
SL004689,S004689,D019,2026-04-06,Full Day,49,3,46,6.12,Available,Hyderabad
SL004690,S004690,D019,2026-04-07,Morning,28,1,27,3.57,Available,Hyderabad
SL004691,S004691,D019,2026-04-09,Morning,22,1,21,4.55,Available,Hyderabad
SL004692,S004692,D019,2026-04-10,Afternoon,16,1,15,6.25,Available,Hyderabad
SL004693,S004693,D019,2026-04-13,Afternoon,23,1,22,4.35,Available,Hyderabad
SL004694,S004694,D019,2026-04-14,Afternoon,12,0,12,0.0,Available,Hyderabad
SL004695,S004695,D019,2026-04-16,Afternoon,24,1,23,4.17,Available,Hyderabad
SL004696,S004696,D019,2026-04-17,Full Day,42,0,42,0.0,Available,Hyderabad
SL004697,S004697,D019,2026-04-19,Afternoon,16,0,16,0.0,Available,Hyderabad
SL004698,S004698,D019,2026-04-20,Morning,28,2,26,7.14,Available,Hyderabad
SL004699,S004699,D019,2026-04-21,Afternoon,12,0,12,0.0,Available,Hyderabad
SL004700,S004700,D019,2026-04-22,Full Day,34,2,32,5.88,Available,Hyderabad
SL004701,S004701,D019,2026-04-23,Afternoon,15,0,15,0.0,Available,Hyderabad
SL004702,S004702,D019,2026-04-24,Full Day,43,2,41,4.65,Available,Hyderabad
SL004703,S004703,D019,2026-04-25,Morning,29,1,28,3.45,Available,Hyderabad
SL004704,S004704,D019,2026-04-27,Afternoon,16,3,13,18.75,Available,Hyderabad
SL004705,S004705,D019,2026-04-28,Afternoon,13,1,12,7.69,Available,Hyderabad
SL004706,S004706,D019,2026-04-29,Afternoon,13,0,13,0.0,Available,Hyderabad
SL004707,S004707,D019,2026-05-01,Full Day,34,0,34,0.0,Available,Hyderabad
SL004708,S004708,D019,2026-05-02,Morning,21,0,21,0.0,Available,Hyderabad
SL004709,S004709,D019,2026-05-03,Afternoon,22,0,22,0.0,Available,Hyderabad
SL004710,S004710,D019,2026-05-04,Full Day,40,1,39,2.5,Available,Hyderabad
SL004711,S004711,D019,2026-05-07,Full Day,34,0,34,0.0,Available,Hyderabad
SL004712,S004712,D019,2026-05-08,Afternoon,30,3,27,10.0,Available,Hyderabad
SL004713,S004713,D019,2026-05-11,Morning,20,1,19,5.0,Available,Hyderabad
SL004714,S004714,D019,2026-05-13,Morning,30,4,26,13.33,Available,Hyderabad
SL004715,S004715,D019,2026-05-14,Morning,29,1,28,3.45,Available,Hyderabad
SL004716,S004716,D019,2026-05-15,Afternoon,20,1,19,5.0,Available,Hyderabad
SL004717,S004717,D019,2026-05-16,Morning,23,0,23,0.0,Available,Hyderabad
SL004718,S004718,D019,2026-05-18,Full Day,37,2,35,5.41,Available,Hyderabad
SL004719,S004719,D019,2026-05-19,Morning,15,1,14,6.67,Available,Hyderabad
SL004720,S004720,D019,2026-05-20,Morning,15,2,13,13.33,Available,Hyderabad
SL004721,S004721,D019,2026-05-22,Full Day,36,1,35,2.78,Available,Hyderabad
SL004722,S004722,D019,2026-05-23,Full Day,26,1,25,3.85,Available,Hyderabad
SL004723,S004723,D019,2026-05-24,Morning,23,0,23,0.0,Available,Hyderabad
SL004724,S004724,D019,2026-05-25,Full Day,31,2,29,6.45,Available,Hyderabad
SL004725,S004725,D019,2026-05-26,Full Day,38,3,35,7.89,Available,Hyderabad
SL004726,S004726,D019,2026-05-27,Afternoon,12,2,10,16.67,Available,Hyderabad
SL004727,S004727,D019,2026-05-28,Afternoon,16,1,15,6.25,Available,Hyderabad
SL004728,S004728,D019,2026-05-29,Full Day,27,1,26,3.7,Available,Hyderabad
SL004729,S004729,D019,2026-05-31,Afternoon,28,2,26,7.14,Available,Hyderabad
SL004730,S004730,D019,2026-06-01,Full Day,41,4,37,9.76,Available,Hyderabad
SL004731,S004731,D019,2026-06-02,Afternoon,23,0,23,0.0,Available,Hyderabad
SL004732,S004732,D019,2026-06-03,Morning,23,0,23,0.0,Available,Hyderabad
SL004733,S004733,D019,2026-06-04,Full Day,31,3,28,9.68,Available,Hyderabad
SL004734,S004734,D019,2026-06-05,Afternoon,27,2,25,7.41,Available,Hyderabad
SL004735,S004735,D019,2026-06-08,Full Day,45,1,44,2.22,Available,Hyderabad
SL004736,S004736,D019,2026-06-09,Morning,20,2,18,10.0,Available,Hyderabad
SL004737,S004737,D019,2026-06-10,Afternoon,18,2,16,11.11,Available,Hyderabad
SL004738,S004738,D019,2026-06-12,Afternoon,29,2,27,6.9,Available,Hyderabad
SL004739,S004739,D019,2026-06-13,Morning,15,0,15,0.0,Available,Hyderabad
SL004740,S004740,D019,2026-06-15,Morning,24,2,22,8.33,Available,Hyderabad
SL004741,S004741,D019,2026-06-16,Afternoon,28,0,28,0.0,Available,Hyderabad
SL004742,S004742,D019,2026-06-17,Full Day,41,1,40,2.44,Available,Hyderabad
SL004743,S004743,D019,2026-06-18,Afternoon,27,0,27,0.0,Available,Hyderabad
SL004744,S004744,D019,2026-06-21,Full Day,41,1,40,2.44,Available,Hyderabad
SL004745,S004745,D019,2026-06-22,Morning,25,4,21,16.0,Available,Hyderabad
SL004746,S004746,D019,2026-06-23,Full Day,35,1,34,2.86,Available,Hyderabad
SL004747,S004747,D019,2026-06-24,Afternoon,22,1,21,4.55,Available,Hyderabad
SL004748,S004748,D019,2026-06-25,Full Day,33,0,33,0.0,Available,Hyderabad
SL004749,S004749,D019,2026-06-26,Afternoon,16,2,14,12.5,Available,Hyderabad
SL004750,S004750,D019,2026-06-27,Full Day,44,2,42,4.55,Available,Hyderabad
SL004751,S004751,D019,2026-06-28,Afternoon,27,1,26,3.7,Available,Hyderabad
SL004752,S004752,D019,2026-06-29,Full Day,42,1,41,2.38,Available,Hyderabad
SL004753,S004753,D019,2026-06-30,Full Day,48,2,46,4.17,Available,Hyderabad
SL004754,S004754,D019,2026-07-01,Afternoon,28,2,26,7.14,Available,Hyderabad
SL004755,S004755,D019,2026-07-03,Morning,29,2,27,6.9,Available,Hyderabad
SL004756,S004756,D019,2026-07-05,Morning,25,0,25,0.0,Available,Hyderabad
SL004757,S004757,D019,2026-07-06,Afternoon,13,1,12,7.69,Available,Hyderabad
SL004758,S004758,D019,2026-07-07,Full Day,43,4,39,9.3,Available,Hyderabad
SL004759,S004759,D019,2026-07-09,Afternoon,29,3,26,10.34,Available,Hyderabad
SL004760,S004760,D019,2026-07-10,Morning,24,1,23,4.17,Available,Hyderabad
SL004761,S004761,D019,2026-07-13,Full Day,38,2,36,5.26,Available,Hyderabad
SL004762,S004762,D019,2026-07-14,Morning,19,1,18,5.26,Available,Hyderabad
SL004763,S004763,D019,2026-07-15,Morning,18,0,18,0.0,Available,Hyderabad
SL004764,S004764,D019,2026-07-16,Afternoon,12,2,10,16.67,Available,Hyderabad
SL004765,S004765,D019,2026-07-17,Full Day,25,1,24,4.0,Available,Hyderabad
SL004766,S004766,D019,2026-07-19,Afternoon,14,1,13,7.14,Available,Hyderabad
SL004767,S004767,D019,2026-07-20,Afternoon,18,0,18,0.0,Available,Hyderabad
SL004768,S004768,D019,2026-07-21,Morning,23,0,23,0.0,Available,Hyderabad
SL004769,S004769,D019,2026-07-22,Full Day,36,1,35,2.78,Available,Hyderabad
SL004770,S004770,D019,2026-07-23,Afternoon,16,4,12,25.0,Available,Hyderabad
SL004771,S004771,D019,2026-07-24,Full Day,45,1,44,2.22,Available,Hyderabad
SL004772,S004772,D019,2026-07-28,Full Day,35,0,35,0.0,Available,Hyderabad
SL004773,S004773,D019,2026-07-29,Morning,26,0,26,0.0,Available,Hyderabad
SL004774,S004774,D019,2026-07-30,Afternoon,27,0,27,0.0,Available,Hyderabad
SL004775,S004775,D019,2026-07-31,Afternoon,22,2,20,9.09,Available,Hyderabad
SL004776,S004776,D019,2026-08-01,Full Day,31,1,30,3.23,Available,Hyderabad
SL004777,S004777,D019,2026-08-03,Full Day,27,2,25,7.41,Available,Hyderabad
SL004778,S004778,D019,2026-08-04,Afternoon,17,2,15,11.76,Available,Hyderabad
SL004779,S004779,D019,2026-08-05,Morning,23,1,22,4.35,Available,Hyderabad
SL004780,S004780,D019,2026-08-06,Afternoon,16,1,15,6.25,Available,Hyderabad
SL004781,S004781,D019,2026-08-07,Afternoon,28,8,20,28.57,Available,Hyderabad
SL004782,S004782,D019,2026-08-10,Afternoon,27,1,26,3.7,Available,Hyderabad
SL004783,S004783,D019,2026-08-11,Afternoon,30,0,30,0.0,Available,Hyderabad
SL004784,S004784,D019,2026-08-12,Afternoon,23,1,22,4.35,Available,Hyderabad
SL004785,S004785,D019,2026-08-13,Morning,22,2,20,9.09,Available,Hyderabad
SL004786,S004786,D019,2026-08-15,Full Day,33,2,31,6.06,Available,Hyderabad
SL004787,S004787,D019,2026-08-16,Morning,18,0,18,0.0,Available,Hyderabad
SL004788,S004788,D019,2026-08-17,Morning,21,1,20,4.76,Available,Hyderabad
SL004789,S004789,D019,2026-08-19,Afternoon,28,1,27,3.57,Available,Hyderabad
SL004790,S004790,D019,2026-08-20,Morning,13,0,13,0.0,Available,Hyderabad
SL004791,S004791,D019,2026-08-24,Afternoon,30,4,26,13.33,Available,Hyderabad
SL004792,S004792,D019,2026-08-25,Full Day,31,0,31,0.0,Available,Hyderabad
SL004793,S004793,D019,2026-08-27,Morning,14,1,13,7.14,Available,Hyderabad
SL004794,S004794,D019,2026-08-28,Full Day,34,0,34,0.0,Available,Hyderabad
SL004795,S004795,D019,2026-08-29,Full Day,28,0,28,0.0,Available,Hyderabad
SL004796,S004796,D019,2026-08-31,Afternoon,12,4,8,33.33,Available,Hyderabad
SL004797,S004797,D019,2026-09-01,Full Day,25,2,23,8.0,Available,Hyderabad
SL004798,S004798,D019,2026-09-02,Full Day,47,2,45,4.26,Available,Hyderabad
SL004799,S004799,D019,2026-09-03,Afternoon,20,2,18,10.0,Available,Hyderabad
SL004800,S004800,D019,2026-09-04,Afternoon,21,3,18,14.29,Available,Hyderabad
SL004801,S004801,D019,2026-09-07,Morning,27,1,26,3.7,Available,Hyderabad
SL004802,S004802,D019,2026-09-08,Full Day,47,1,46,2.13,Available,Hyderabad
SL004803,S004803,D019,2026-09-09,Full Day,27,1,26,3.7,Available,Hyderabad
SL004804,S004804,D019,2026-09-10,Afternoon,24,1,23,4.17,Available,Hyderabad
SL004805,S004805,D019,2026-09-11,Afternoon,19,3,16,15.79,Available,Hyderabad
SL004806,S004806,D019,2026-09-17,Full Day,30,3,27,10.0,Available,Hyderabad
SL004807,S004807,D019,2026-09-18,Full Day,30,2,28,6.67,Available,Hyderabad
SL004808,S004808,D019,2026-09-21,Morning,15,1,14,6.67,Available,Hyderabad
SL004809,S004809,D019,2026-09-22,Afternoon,14,0,14,0.0,Available,Hyderabad
SL004810,S004810,D019,2026-09-23,Full Day,46,2,44,4.35,Available,Hyderabad
SL004811,S004811,D019,2026-09-25,Afternoon,29,1,28,3.45,Available,Hyderabad
SL004812,S004812,D019,2026-09-26,Morning,21,1,20,4.76,Available,Hyderabad
SL004813,S004813,D019,2026-09-28,Morning,29,0,29,0.0,Available,Hyderabad
SL004814,S004814,D019,2026-09-29,Afternoon,18,1,17,5.56,Available,Hyderabad
SL004815,S004815,D019,2026-09-30,Morning,16,1,15,6.25,Available,Hyderabad
SL004816,S004816,D019,2026-10-01,Afternoon,24,4,20,16.67,Available,Hyderabad
SL004817,S004817,D019,2026-10-02,Full Day,25,0,25,0.0,Available,Hyderabad
SL004818,S004818,D019,2026-10-04,Morning,30,1,29,3.33,Available,Hyderabad
SL004819,S004819,D019,2026-10-05,Morning,13,1,12,7.69,Available,Hyderabad
SL004820,S004820,D019,2026-10-06,Afternoon,23,0,23,0.0,Available,Hyderabad
SL004821,S004821,D019,2026-10-07,Morning,30,2,28,6.67,Available,Hyderabad
SL004822,S004822,D019,2026-10-08,Afternoon,26,2,24,7.69,Available,Hyderabad
SL004823,S004823,D019,2026-10-09,Morning,30,1,29,3.33,Available,Hyderabad
SL004824,S004824,D019,2026-10-10,Morning,21,1,20,4.76,Available,Hyderabad
SL004825,S004825,D019,2026-10-12,Morning,12,1,11,8.33,Available,Hyderabad
SL004826,S004826,D019,2026-10-13,Full Day,50,1,49,2.0,Available,Hyderabad
SL004827,S004827,D019,2026-10-14,Morning,20,2,18,10.0,Available,Hyderabad
SL004828,S004828,D019,2026-10-15,Afternoon,27,1,26,3.7,Available,Hyderabad
SL004829,S004829,D019,2026-10-16,Full Day,33,0,33,0.0,Available,Hyderabad
SL004830,S004830,D019,2026-10-17,Morning,24,0,24,0.0,Available,Hyderabad
SL004831,S004831,D019,2026-10-19,Morning,14,0,14,0.0,Available,Hyderabad
SL004832,S004832,D019,2026-10-20,Afternoon,26,1,25,3.85,Available,Hyderabad
SL004833,S004833,D019,2026-10-21,Morning,24,0,24,0.0,Available,Hyderabad
SL004834,S004834,D019,2026-10-22,Full Day,33,1,32,3.03,Available,Hyderabad
SL004835,S004835,D019,2026-10-23,Afternoon,18,1,17,5.56,Available,Hyderabad
SL004836,S004836,D019,2026-10-26,Morning,16,2,14,12.5,Available,Hyderabad
SL004837,S004837,D019,2026-10-27,Full Day,30,1,29,3.33,Available,Hyderabad
SL004838,S004838,D019,2026-10-28,Full Day,33,3,30,9.09,Available,Hyderabad
SL004839,S004839,D019,2026-10-29,Full Day,50,0,50,0.0,Available,Hyderabad
SL004840,S004840,D019,2026-10-30,Morning,26,2,24,7.69,Available,Hyderabad
SL004841,S004841,D019,2026-11-01,Full Day,44,1,43,2.27,Available,Hyderabad
SL004842,S004842,D019,2026-11-02,Morning,26,2,24,7.69,Available,Hyderabad
SL004843,S004843,D019,2026-11-03,Morning,18,0,18,0.0,Available,Hyderabad
SL004844,S004844,D019,2026-11-05,Afternoon,15,2,13,13.33,Available,Hyderabad
SL004845,S004845,D019,2026-11-06,Full Day,25,0,25,0.0,Available,Hyderabad
SL004846,S004846,D019,2026-11-07,Full Day,47,0,47,0.0,Available,Hyderabad
SL004847,S004847,D019,2026-11-09,Morning,24,2,22,8.33,Available,Hyderabad
SL004848,S004848,D019,2026-11-10,Full Day,35,0,35,0.0,Available,Hyderabad
SL004849,S004849,D019,2026-11-11,Afternoon,12,1,11,8.33,Available,Hyderabad
SL004850,S004850,D019,2026-11-12,Full Day,37,2,35,5.41,Available,Hyderabad
SL004851,S004851,D019,2026-11-13,Morning,23,1,22,4.35,Available,Hyderabad
SL004852,S004852,D019,2026-11-14,Morning,28,0,28,0.0,Available,Hyderabad
SL004853,S004853,D019,2026-11-16,Afternoon,17,1,16,5.88,Available,Hyderabad
SL004854,S004854,D019,2026-11-17,Afternoon,28,2,26,7.14,Available,Hyderabad
SL004855,S004855,D019,2026-11-18,Afternoon,27,5,22,18.52,Available,Hyderabad
SL004856,S004856,D019,2026-11-20,Morning,22,1,21,4.55,Available,Hyderabad
SL004857,S004857,D019,2026-11-23,Full Day,33,1,32,3.03,Available,Hyderabad
SL004858,S004858,D019,2026-11-24,Full Day,36,1,35,2.78,Available,Hyderabad
SL004859,S004859,D019,2026-11-25,Afternoon,14,3,11,21.43,Available,Hyderabad
SL004860,S004860,D019,2026-11-26,Morning,14,2,12,14.29,Available,Hyderabad
SL004861,S004861,D019,2026-11-27,Afternoon,23,0,23,0.0,Available,Hyderabad
SL004862,S004862,D019,2026-11-30,Full Day,46,1,45,2.17,Available,Hyderabad
SL004863,S004863,D019,2026-12-02,Full Day,43,0,43,0.0,Available,Hyderabad
SL004864,S004864,D019,2026-12-03,Full Day,42,0,42,0.0,Available,Hyderabad
SL004865,S004865,D019,2026-12-04,Full Day,38,0,38,0.0,Available,Hyderabad
SL004866,S004866,D019,2026-12-07,Afternoon,22,2,20,9.09,Available,Hyderabad
SL004867,S004867,D019,2026-12-08,Full Day,25,2,23,8.0,Available,Hyderabad
SL004868,S004868,D019,2026-12-10,Afternoon,16,1,15,6.25,Available,Hyderabad
SL004869,S004869,D019,2026-12-11,Full Day,25,0,25,0.0,Available,Hyderabad
SL004870,S004870,D019,2026-12-13,Full Day,37,2,35,5.41,Available,Hyderabad
SL004871,S004871,D019,2026-12-14,Morning,29,0,29,0.0,Available,Hyderabad
SL004872,S004872,D019,2026-12-15,Full Day,36,0,36,0.0,Available,Hyderabad
SL004873,S004873,D019,2026-12-16,Afternoon,15,0,15,0.0,Available,Hyderabad
SL004874,S004874,D019,2026-12-17,Afternoon,24,6,18,25.0,Available,Hyderabad
SL004875,S004875,D019,2026-12-18,Morning,26,1,25,3.85,Available,Hyderabad
SL004876,S004876,D019,2026-12-21,Morning,23,5,18,21.74,Available,Hyderabad
SL004877,S004877,D019,2026-12-22,Full Day,50,2,48,4.0,Available,Hyderabad
SL004878,S004878,D019,2026-12-23,Afternoon,16,0,16,0.0,Available,Hyderabad
SL004879,S004879,D019,2026-12-24,Afternoon,22,2,20,9.09,Available,Hyderabad
SL004880,S004880,D019,2026-12-25,Morning,27,0,27,0.0,Available,Hyderabad
SL004881,S004881,D019,2026-12-28,Full Day,45,0,45,0.0,Available,Hyderabad
SL004882,S004882,D019,2026-12-29,Morning,25,0,25,0.0,Available,Hyderabad
SL004883,S004883,D019,2026-12-30,Afternoon,29,2,27,6.9,Available,Hyderabad
SL004884,S004884,D019,2026-12-31,Afternoon,29,1,28,3.45,Available,Hyderabad
SL004885,S004885,D020,2026-01-02,Morning,27,1,26,3.7,Available,Karimnagar
SL004886,S004886,D020,2026-01-03,Afternoon,20,0,20,0.0,Available,Karimnagar
SL004887,S004887,D020,2026-01-05,Morning,27,1,26,3.7,Available,Karimnagar
SL004888,S004888,D020,2026-01-06,Morning,25,3,22,12.0,Available,Karimnagar
SL004889,S004889,D020,2026-01-08,Morning,30,1,29,3.33,Available,Karimnagar
SL004890,S004890,D020,2026-01-12,Morning,16,2,14,12.5,Available,Karimnagar
SL004891,S004891,D020,2026-01-13,Afternoon,18,0,18,0.0,Available,Karimnagar
SL004892,S004892,D020,2026-01-14,Full Day,41,2,39,4.88,Available,Karimnagar
SL004893,S004893,D020,2026-01-15,Afternoon,23,1,22,4.35,Available,Karimnagar
SL004894,S004894,D020,2026-01-17,Morning,12,1,11,8.33,Available,Karimnagar
SL004895,S004895,D020,2026-01-18,Full Day,30,0,30,0.0,Available,Karimnagar
SL004896,S004896,D020,2026-01-19,Morning,20,4,16,20.0,Available,Karimnagar
SL004897,S004897,D020,2026-01-20,Morning,25,0,25,0.0,Available,Karimnagar
SL004898,S004898,D020,2026-01-21,Full Day,44,3,41,6.82,Available,Karimnagar
SL004899,S004899,D020,2026-01-22,Afternoon,18,0,18,0.0,Available,Karimnagar
SL004900,S004900,D020,2026-01-23,Afternoon,17,1,16,5.88,Available,Karimnagar
SL004901,S004901,D020,2026-01-26,Full Day,49,0,49,0.0,Available,Karimnagar
SL004902,S004902,D020,2026-01-27,Morning,30,0,30,0.0,Available,Karimnagar
SL004903,S004903,D020,2026-01-29,Morning,20,0,20,0.0,Available,Karimnagar
SL004904,S004904,D020,2026-01-30,Full Day,47,1,46,2.13,Available,Karimnagar
SL004905,S004905,D020,2026-02-01,Afternoon,21,1,20,4.76,Available,Karimnagar
SL004906,S004906,D020,2026-02-02,Morning,19,1,18,5.26,Available,Karimnagar
SL004907,S004907,D020,2026-02-03,Morning,29,1,28,3.45,Available,Karimnagar
SL004908,S004908,D020,2026-02-04,Full Day,34,0,34,0.0,Available,Karimnagar
SL004909,S004909,D020,2026-02-05,Afternoon,12,1,11,8.33,Available,Karimnagar
SL004910,S004910,D020,2026-02-06,Morning,17,1,16,5.88,Available,Karimnagar
SL004911,S004911,D020,2026-02-07,Afternoon,27,2,25,7.41,Available,Karimnagar
SL004912,S004912,D020,2026-02-08,Full Day,50,2,48,4.0,Available,Karimnagar
SL004913,S004913,D020,2026-02-09,Afternoon,14,2,12,14.29,Available,Karimnagar
SL004914,S004914,D020,2026-02-10,Afternoon,21,0,21,0.0,Available,Karimnagar
SL004915,S004915,D020,2026-02-11,Full Day,47,0,47,0.0,Available,Karimnagar
SL004916,S004916,D020,2026-02-12,Afternoon,28,3,25,10.71,Available,Karimnagar
SL004917,S004917,D020,2026-02-13,Full Day,44,4,40,9.09,Available,Karimnagar
SL004918,S004918,D020,2026-02-15,Full Day,39,5,34,12.82,Available,Karimnagar
SL004919,S004919,D020,2026-02-16,Morning,24,0,24,0.0,Available,Karimnagar
SL004920,S004920,D020,2026-02-17,Full Day,50,0,50,0.0,Available,Karimnagar
SL004921,S004921,D020,2026-02-18,Full Day,49,3,46,6.12,Available,Karimnagar
SL004922,S004922,D020,2026-02-19,Afternoon,14,0,14,0.0,Available,Karimnagar
SL004923,S004923,D020,2026-02-20,Morning,16,2,14,12.5,Available,Karimnagar
SL004924,S004924,D020,2026-02-22,Full Day,32,0,32,0.0,Available,Karimnagar
SL004925,S004925,D020,2026-02-23,Afternoon,25,1,24,4.0,Available,Karimnagar
SL004926,S004926,D020,2026-02-24,Full Day,46,1,45,2.17,Available,Karimnagar
SL004927,S004927,D020,2026-02-25,Afternoon,23,2,21,8.7,Available,Karimnagar
SL004928,S004928,D020,2026-02-26,Afternoon,18,1,17,5.56,Available,Karimnagar
SL004929,S004929,D020,2026-02-27,Full Day,35,3,32,8.57,Available,Karimnagar
SL004930,S004930,D020,2026-03-01,Afternoon,12,1,11,8.33,Available,Karimnagar
SL004931,S004931,D020,2026-03-02,Full Day,29,2,27,6.9,Available,Karimnagar
SL004932,S004932,D020,2026-03-03,Afternoon,20,2,18,10.0,Available,Karimnagar
SL004933,S004933,D020,2026-03-04,Morning,21,1,20,4.76,Available,Karimnagar
SL004934,S004934,D020,2026-03-05,Morning,22,4,18,18.18,Available,Karimnagar
SL004935,S004935,D020,2026-03-07,Full Day,39,0,39,0.0,Available,Karimnagar
SL004936,S004936,D020,2026-03-09,Full Day,42,3,39,7.14,Available,Karimnagar
SL004937,S004937,D020,2026-03-10,Afternoon,30,1,29,3.33,Available,Karimnagar
SL004938,S004938,D020,2026-03-11,Morning,12,1,11,8.33,Available,Karimnagar
SL004939,S004939,D020,2026-03-12,Full Day,38,2,36,5.26,Available,Karimnagar
SL004940,S004940,D020,2026-03-13,Afternoon,29,2,27,6.9,Available,Karimnagar
SL004941,S004941,D020,2026-03-16,Full Day,46,2,44,4.35,Available,Karimnagar
SL004942,S004942,D020,2026-03-17,Full Day,31,1,30,3.23,Available,Karimnagar
SL004943,S004943,D020,2026-03-18,Full Day,41,1,40,2.44,Available,Karimnagar
SL004944,S004944,D020,2026-03-19,Afternoon,23,4,19,17.39,Available,Karimnagar
SL004945,S004945,D020,2026-03-20,Afternoon,26,2,24,7.69,Available,Karimnagar
SL004946,S004946,D020,2026-03-23,Full Day,27,1,26,3.7,Available,Karimnagar
SL004947,S004947,D020,2026-03-24,Afternoon,23,2,21,8.7,Available,Karimnagar
SL004948,S004948,D020,2026-03-25,Full Day,30,1,29,3.33,Available,Karimnagar
SL004949,S004949,D020,2026-03-26,Morning,28,3,25,10.71,Available,Karimnagar
SL004950,S004950,D020,2026-03-27,Full Day,30,0,30,0.0,Available,Karimnagar
SL004951,S004951,D020,2026-03-28,Morning,24,0,24,0.0,Available,Karimnagar
SL004952,S004952,D020,2026-03-29,Full Day,43,2,41,4.65,Available,Karimnagar
SL004953,S004953,D020,2026-03-30,Afternoon,14,0,14,0.0,Available,Karimnagar
SL004954,S004954,D020,2026-03-31,Afternoon,18,1,17,5.56,Available,Karimnagar
SL004955,S004955,D020,2026-04-02,Morning,13,2,11,15.38,Available,Karimnagar
SL004956,S004956,D020,2026-04-03,Full Day,31,1,30,3.23,Available,Karimnagar
SL004957,S004957,D020,2026-04-04,Afternoon,14,1,13,7.14,Available,Karimnagar
SL004958,S004958,D020,2026-04-06,Full Day,50,2,48,4.0,Available,Karimnagar
SL004959,S004959,D020,2026-04-07,Afternoon,24,2,22,8.33,Available,Karimnagar
SL004960,S004960,D020,2026-04-08,Afternoon,12,1,11,8.33,Available,Karimnagar
SL004961,S004961,D020,2026-04-10,Full Day,32,0,32,0.0,Available,Karimnagar
SL004962,S004962,D020,2026-04-13,Full Day,41,1,40,2.44,Available,Karimnagar
SL004963,S004963,D020,2026-04-14,Afternoon,24,1,23,4.17,Available,Karimnagar
SL004964,S004964,D020,2026-04-16,Morning,13,0,13,0.0,Available,Karimnagar
SL004965,S004965,D020,2026-04-17,Full Day,29,3,26,10.34,Available,Karimnagar
SL004966,S004966,D020,2026-04-21,Morning,27,1,26,3.7,Available,Karimnagar
SL004967,S004967,D020,2026-04-22,Afternoon,19,2,17,10.53,Available,Karimnagar
SL004968,S004968,D020,2026-04-23,Full Day,27,2,25,7.41,Available,Karimnagar
SL004969,S004969,D020,2026-04-24,Morning,23,2,21,8.7,Available,Karimnagar
SL004970,S004970,D020,2026-04-26,Full Day,27,3,24,11.11,Available,Karimnagar
SL004971,S004971,D020,2026-04-27,Afternoon,22,2,20,9.09,Available,Karimnagar
SL004972,S004972,D020,2026-04-28,Full Day,40,1,39,2.5,Available,Karimnagar
SL004973,S004973,D020,2026-04-29,Full Day,41,1,40,2.44,Available,Karimnagar
SL004974,S004974,D020,2026-04-30,Morning,16,1,15,6.25,Available,Karimnagar
SL004975,S004975,D020,2026-05-01,Full Day,25,0,25,0.0,Available,Karimnagar
SL004976,S004976,D020,2026-05-04,Full Day,47,0,47,0.0,Available,Karimnagar
SL004977,S004977,D020,2026-05-05,Afternoon,19,6,13,31.58,Available,Karimnagar
SL004978,S004978,D020,2026-05-06,Morning,30,1,29,3.33,Available,Karimnagar
SL004979,S004979,D020,2026-05-07,Morning,21,1,20,4.76,Available,Karimnagar
SL004980,S004980,D020,2026-05-08,Full Day,27,3,24,11.11,Available,Karimnagar
SL004981,S004981,D020,2026-05-11,Morning,29,1,28,3.45,Available,Karimnagar
SL004982,S004982,D020,2026-05-12,Full Day,45,0,45,0.0,Available,Karimnagar
SL004983,S004983,D020,2026-05-13,Full Day,27,0,27,0.0,Available,Karimnagar
SL004984,S004984,D020,2026-05-14,Afternoon,17,0,17,0.0,Available,Karimnagar
SL004985,S004985,D020,2026-05-15,Full Day,29,0,29,0.0,Available,Karimnagar
SL004986,S004986,D020,2026-05-16,Afternoon,27,0,27,0.0,Available,Karimnagar
SL004987,S004987,D020,2026-05-18,Full Day,47,2,45,4.26,Available,Karimnagar
SL004988,S004988,D020,2026-05-19,Morning,29,2,27,6.9,Available,Karimnagar
SL004989,S004989,D020,2026-05-20,Morning,25,1,24,4.0,Available,Karimnagar
SL004990,S004990,D020,2026-05-21,Afternoon,12,0,12,0.0,Available,Karimnagar
SL004991,S004991,D020,2026-05-22,Morning,27,2,25,7.41,Available,Karimnagar
SL004992,S004992,D020,2026-05-25,Afternoon,26,1,25,3.85,Available,Karimnagar
SL004993,S004993,D020,2026-05-27,Full Day,35,2,33,5.71,Available,Karimnagar
SL004994,S004994,D020,2026-05-28,Afternoon,26,0,26,0.0,Available,Karimnagar
SL004995,S004995,D020,2026-05-29,Afternoon,23,3,20,13.04,Available,Karimnagar
SL004996,S004996,D020,2026-05-30,Morning,27,1,26,3.7,Available,Karimnagar
SL004997,S004997,D020,2026-06-03,Morning,26,1,25,3.85,Available,Karimnagar
SL004998,S004998,D020,2026-06-05,Afternoon,22,1,21,4.55,Available,Karimnagar
SL004999,S004999,D020,2026-06-07,Full Day,38,1,37,2.63,Available,Karimnagar
SL005000,S005000,D020,2026-06-08,Morning,24,0,24,0.0,Available,Karimnagar
SL005001,S005001,D020,2026-06-09,Full Day,47,2,45,4.26,Available,Karimnagar
SL005002,S005002,D020,2026-06-10,Full Day,28,2,26,7.14,Available,Karimnagar
SL005003,S005003,D020,2026-06-11,Morning,19,2,17,10.53,Available,Karimnagar
SL005004,S005004,D020,2026-06-12,Morning,21,0,21,0.0,Available,Karimnagar
SL005005,S005005,D020,2026-06-15,Afternoon,17,1,16,5.88,Available,Karimnagar
SL005006,S005006,D020,2026-06-16,Full Day,33,1,32,3.03,Available,Karimnagar
SL005007,S005007,D020,2026-06-17,Full Day,27,0,27,0.0,Available,Karimnagar
SL005008,S005008,D020,2026-06-19,Full Day,36,0,36,0.0,Available,Karimnagar
SL005009,S005009,D020,2026-06-22,Full Day,33,1,32,3.03,Available,Karimnagar
SL005010,S005010,D020,2026-06-23,Full Day,37,0,37,0.0,Available,Karimnagar
SL005011,S005011,D020,2026-06-25,Full Day,35,1,34,2.86,Available,Karimnagar
SL005012,S005012,D020,2026-06-26,Morning,25,0,25,0.0,Available,Karimnagar
SL005013,S005013,D020,2026-07-01,Afternoon,30,1,29,3.33,Available,Karimnagar
SL005014,S005014,D020,2026-07-02,Full Day,28,0,28,0.0,Available,Karimnagar
SL005015,S005015,D020,2026-07-03,Morning,17,2,15,11.76,Available,Karimnagar
SL005016,S005016,D020,2026-07-06,Morning,12,0,12,0.0,Available,Karimnagar
SL005017,S005017,D020,2026-07-07,Morning,28,4,24,14.29,Available,Karimnagar
SL005018,S005018,D020,2026-07-08,Morning,18,1,17,5.56,Available,Karimnagar
SL005019,S005019,D020,2026-07-09,Afternoon,19,1,18,5.26,Available,Karimnagar
SL005020,S005020,D020,2026-07-10,Morning,22,0,22,0.0,Available,Karimnagar
SL005021,S005021,D020,2026-07-14,Afternoon,28,0,28,0.0,Available,Karimnagar
SL005022,S005022,D020,2026-07-15,Morning,27,1,26,3.7,Available,Karimnagar
SL005023,S005023,D020,2026-07-16,Afternoon,18,0,18,0.0,Available,Karimnagar
SL005024,S005024,D020,2026-07-20,Afternoon,28,0,28,0.0,Available,Karimnagar
SL005025,S005025,D020,2026-07-21,Afternoon,21,2,19,9.52,Available,Karimnagar
SL005026,S005026,D020,2026-07-22,Afternoon,12,1,11,8.33,Available,Karimnagar
SL005027,S005027,D020,2026-07-24,Full Day,46,0,46,0.0,Available,Karimnagar
SL005028,S005028,D020,2026-07-26,Afternoon,26,0,26,0.0,Available,Karimnagar
SL005029,S005029,D020,2026-07-27,Afternoon,20,0,20,0.0,Available,Karimnagar
SL005030,S005030,D020,2026-07-28,Afternoon,15,2,13,13.33,Available,Karimnagar
SL005031,S005031,D020,2026-07-29,Morning,30,0,30,0.0,Available,Karimnagar
SL005032,S005032,D020,2026-07-30,Morning,21,3,18,14.29,Available,Karimnagar
SL005033,S005033,D020,2026-07-31,Full Day,39,1,38,2.56,Available,Karimnagar
SL005034,S005034,D020,2026-08-01,Afternoon,21,1,20,4.76,Available,Karimnagar
SL005035,S005035,D020,2026-08-03,Full Day,26,1,25,3.85,Available,Karimnagar
SL005036,S005036,D020,2026-08-04,Morning,27,0,27,0.0,Available,Karimnagar
SL005037,S005037,D020,2026-08-05,Full Day,45,1,44,2.22,Available,Karimnagar
SL005038,S005038,D020,2026-08-06,Afternoon,22,2,20,9.09,Available,Karimnagar
SL005039,S005039,D020,2026-08-07,Morning,22,1,21,4.55,Available,Karimnagar
SL005040,S005040,D020,2026-08-08,Morning,15,1,14,6.67,Available,Karimnagar
SL005041,S005041,D020,2026-08-10,Afternoon,14,1,13,7.14,Available,Karimnagar
SL005042,S005042,D020,2026-08-11,Afternoon,24,2,22,8.33,Available,Karimnagar
SL005043,S005043,D020,2026-08-12,Afternoon,13,2,11,15.38,Available,Karimnagar
SL005044,S005044,D020,2026-08-13,Morning,12,3,9,25.0,Available,Karimnagar
SL005045,S005045,D020,2026-08-14,Afternoon,27,0,27,0.0,Available,Karimnagar
SL005046,S005046,D020,2026-08-17,Full Day,41,1,40,2.44,Available,Karimnagar
SL005047,S005047,D020,2026-08-19,Morning,29,0,29,0.0,Available,Karimnagar
SL005048,S005048,D020,2026-08-20,Full Day,38,4,34,10.53,Available,Karimnagar
SL005049,S005049,D020,2026-08-21,Afternoon,18,2,16,11.11,Available,Karimnagar
SL005050,S005050,D020,2026-08-25,Morning,13,0,13,0.0,Available,Karimnagar
SL005051,S005051,D020,2026-08-26,Morning,18,0,18,0.0,Available,Karimnagar
SL005052,S005052,D020,2026-08-27,Morning,18,3,15,16.67,Available,Karimnagar
SL005053,S005053,D020,2026-08-28,Full Day,44,1,43,2.27,Available,Karimnagar
SL005054,S005054,D020,2026-08-31,Full Day,45,2,43,4.44,Available,Karimnagar
SL005055,S005055,D020,2026-09-01,Full Day,35,2,33,5.71,Available,Karimnagar
SL005056,S005056,D020,2026-09-03,Morning,24,3,21,12.5,Available,Karimnagar
SL005057,S005057,D020,2026-09-07,Full Day,34,1,33,2.94,Available,Karimnagar
SL005058,S005058,D020,2026-09-08,Morning,23,1,22,4.35,Available,Karimnagar
SL005059,S005059,D020,2026-09-09,Morning,21,0,21,0.0,Available,Karimnagar
SL005060,S005060,D020,2026-09-10,Morning,14,1,13,7.14,Available,Karimnagar
SL005061,S005061,D020,2026-09-11,Afternoon,14,1,13,7.14,Available,Karimnagar
SL005062,S005062,D020,2026-09-12,Full Day,37,1,36,2.7,Available,Karimnagar
SL005063,S005063,D020,2026-09-14,Full Day,48,0,48,0.0,Available,Karimnagar
SL005064,S005064,D020,2026-09-15,Afternoon,27,3,24,11.11,Available,Karimnagar
SL005065,S005065,D020,2026-09-16,Morning,12,1,11,8.33,Available,Karimnagar
SL005066,S005066,D020,2026-09-17,Morning,26,0,26,0.0,Available,Karimnagar
SL005067,S005067,D020,2026-09-18,Morning,18,2,16,11.11,Available,Karimnagar
SL005068,S005068,D020,2026-09-19,Afternoon,21,1,20,4.76,Available,Karimnagar
SL005069,S005069,D020,2026-09-21,Morning,30,4,26,13.33,Available,Karimnagar
SL005070,S005070,D020,2026-09-23,Full Day,38,3,35,7.89,Available,Karimnagar
SL005071,S005071,D020,2026-09-24,Full Day,37,0,37,0.0,Available,Karimnagar
SL005072,S005072,D020,2026-09-25,Morning,13,0,13,0.0,Available,Karimnagar
SL005073,S005073,D020,2026-09-27,Afternoon,18,2,16,11.11,Available,Karimnagar
SL005074,S005074,D020,2026-09-28,Full Day,28,1,27,3.57,Available,Karimnagar
SL005075,S005075,D020,2026-09-29,Morning,26,2,24,7.69,Available,Karimnagar
SL005076,S005076,D020,2026-09-30,Afternoon,16,1,15,6.25,Available,Karimnagar
SL005077,S005077,D020,2026-10-01,Morning,21,0,21,0.0,Available,Karimnagar
SL005078,S005078,D020,2026-10-02,Full Day,38,3,35,7.89,Available,Karimnagar
SL005079,S005079,D020,2026-10-05,Morning,24,1,23,4.17,Available,Karimnagar
SL005080,S005080,D020,2026-10-06,Full Day,36,1,35,2.78,Available,Karimnagar
SL005081,S005081,D020,2026-10-07,Morning,12,3,9,25.0,Available,Karimnagar
SL005082,S005082,D020,2026-10-08,Morning,26,1,25,3.85,Available,Karimnagar
SL005083,S005083,D020,2026-10-09,Morning,25,0,25,0.0,Available,Karimnagar
SL005084,S005084,D020,2026-10-13,Morning,24,1,23,4.17,Available,Karimnagar
SL005085,S005085,D020,2026-10-14,Morning,30,2,28,6.67,Available,Karimnagar
SL005086,S005086,D020,2026-10-15,Full Day,37,3,34,8.11,Available,Karimnagar
SL005087,S005087,D020,2026-10-16,Full Day,49,1,48,2.04,Available,Karimnagar
SL005088,S005088,D020,2026-10-17,Afternoon,25,1,24,4.0,Available,Karimnagar
SL005089,S005089,D020,2026-10-18,Afternoon,22,1,21,4.55,Available,Karimnagar
SL005090,S005090,D020,2026-10-19,Morning,20,4,16,20.0,Available,Karimnagar
SL005091,S005091,D020,2026-10-20,Afternoon,20,0,20,0.0,Available,Karimnagar
SL005092,S005092,D020,2026-10-21,Afternoon,29,2,27,6.9,Available,Karimnagar
SL005093,S005093,D020,2026-10-22,Morning,20,2,18,10.0,Available,Karimnagar
SL005094,S005094,D020,2026-10-23,Full Day,48,2,46,4.17,Available,Karimnagar
SL005095,S005095,D020,2026-10-25,Full Day,32,2,30,6.25,Available,Karimnagar
SL005096,S005096,D020,2026-10-27,Full Day,49,0,49,0.0,Available,Karimnagar
SL005097,S005097,D020,2026-10-28,Morning,24,1,23,4.17,Available,Karimnagar
SL005098,S005098,D020,2026-10-29,Afternoon,30,1,29,3.33,Available,Karimnagar
SL005099,S005099,D020,2026-10-30,Full Day,42,1,41,2.38,Available,Karimnagar
SL005100,S005100,D020,2026-10-31,Morning,26,1,25,3.85,Available,Karimnagar
SL005101,S005101,D020,2026-11-02,Full Day,36,0,36,0.0,Available,Karimnagar
SL005102,S005102,D020,2026-11-03,Morning,14,1,13,7.14,Available,Karimnagar
SL005103,S005103,D020,2026-11-04,Morning,24,1,23,4.17,Available,Karimnagar
SL005104,S005104,D020,2026-11-05,Morning,24,1,23,4.17,Available,Karimnagar
SL005105,S005105,D020,2026-11-06,Full Day,43,2,41,4.65,Available,Karimnagar
SL005106,S005106,D020,2026-11-09,Full Day,31,2,29,6.45,Available,Karimnagar
SL005107,S005107,D020,2026-11-11,Full Day,30,0,30,0.0,Available,Karimnagar
SL005108,S005108,D020,2026-11-12,Afternoon,16,1,15,6.25,Available,Karimnagar
SL005109,S005109,D020,2026-11-13,Afternoon,23,1,22,4.35,Available,Karimnagar
SL005110,S005110,D020,2026-11-14,Afternoon,17,3,14,17.65,Available,Karimnagar
SL005111,S005111,D020,2026-11-16,Full Day,32,2,30,6.25,Available,Karimnagar
SL005112,S005112,D020,2026-11-17,Afternoon,26,0,26,0.0,Available,Karimnagar
SL005113,S005113,D020,2026-11-18,Morning,22,3,19,13.64,Available,Karimnagar
SL005114,S005114,D020,2026-11-19,Full Day,29,1,28,3.45,Available,Karimnagar
SL005115,S005115,D020,2026-11-20,Morning,28,0,28,0.0,Available,Karimnagar
SL005116,S005116,D020,2026-11-22,Afternoon,26,1,25,3.85,Available,Karimnagar
SL005117,S005117,D020,2026-11-24,Morning,23,1,22,4.35,Available,Karimnagar
SL005118,S005118,D020,2026-11-25,Afternoon,17,0,17,0.0,Available,Karimnagar
SL005119,S005119,D020,2026-11-29,Afternoon,15,0,15,0.0,Available,Karimnagar
SL005120,S005120,D020,2026-11-30,Afternoon,29,1,28,3.45,Available,Karimnagar
SL005121,S005121,D020,2026-12-01,Morning,26,0,26,0.0,Available,Karimnagar
SL005122,S005122,D020,2026-12-02,Full Day,44,1,43,2.27,Available,Karimnagar
SL005123,S005123,D020,2026-12-03,Afternoon,15,1,14,6.67,Available,Karimnagar
SL005124,S005124,D020,2026-12-04,Morning,24,0,24,0.0,Available,Karimnagar
SL005125,S005125,D020,2026-12-05,Full Day,31,2,29,6.45,Available,Karimnagar
SL005126,S005126,D020,2026-12-06,Full Day,29,0,29,0.0,Available,Karimnagar
SL005127,S005127,D020,2026-12-07,Full Day,42,4,38,9.52,Available,Karimnagar
SL005128,S005128,D020,2026-12-08,Morning,25,4,21,16.0,Available,Karimnagar
SL005129,S005129,D020,2026-12-11,Morning,26,0,26,0.0,Available,Karimnagar
SL005130,S005130,D020,2026-12-12,Afternoon,27,0,27,0.0,Available,Karimnagar
SL005131,S005131,D020,2026-12-14,Full Day,36,0,36,0.0,Available,Karimnagar
SL005132,S005132,D020,2026-12-15,Afternoon,21,2,19,9.52,Available,Karimnagar
SL005133,S005133,D020,2026-12-17,Full Day,43,4,39,9.3,Available,Karimnagar
SL005134,S005134,D020,2026-12-19,Afternoon,24,2,22,8.33,Available,Karimnagar
SL005135,S005135,D020,2026-12-21,Afternoon,26,1,25,3.85,Available,Karimnagar
SL005136,S005136,D020,2026-12-22,Afternoon,16,2,14,12.5,Available,Karimnagar
SL005137,S005137,D020,2026-12-24,Full Day,45,2,43,4.44,Available,Karimnagar
SL005138,S005138,D020,2026-12-25,Afternoon,23,2,21,8.7,Available,Karimnagar
SL005139,S005139,D020,2026-12-26,Afternoon,17,0,17,0.0,Available,Karimnagar
SL005140,S005140,D020,2026-12-28,Full Day,41,3,38,7.32,Available,Karimnagar
SL005141,S005141,D020,2026-12-29,Morning,29,0,29,0.0,Available,Karimnagar
SL005142,S005142,D020,2026-12-30,Morning,22,2,20,9.09,Available,Karimnagar
SL005143,S005143,D020,2026-12-31,Morning,12,1,11,8.33,Available,Karimnagar
SL005144,S005144,D021,2026-01-02,Afternoon,21,1,20,4.76,Available,Karimnagar
SL005145,S005145,D021,2026-01-04,Afternoon,14,0,14,0.0,Available,Karimnagar
SL005146,S005146,D021,2026-01-05,Morning,30,1,29,3.33,Available,Karimnagar
SL005147,S005147,D021,2026-01-06,Morning,28,0,28,0.0,Available,Karimnagar
SL005148,S005148,D021,2026-01-08,Afternoon,29,2,27,6.9,Available,Karimnagar
SL005149,S005149,D021,2026-01-09,Morning,27,1,26,3.7,Available,Karimnagar
SL005150,S005150,D021,2026-01-10,Afternoon,25,3,22,12.0,Available,Karimnagar
SL005151,S005151,D021,2026-01-11,Morning,15,1,14,6.67,Available,Karimnagar
SL005152,S005152,D021,2026-01-12,Full Day,33,0,33,0.0,Available,Karimnagar
SL005153,S005153,D021,2026-01-13,Morning,30,0,30,0.0,Available,Karimnagar
SL005154,S005154,D021,2026-01-14,Afternoon,16,0,16,0.0,Available,Karimnagar
SL005155,S005155,D021,2026-01-15,Morning,23,1,22,4.35,Available,Karimnagar
SL005156,S005156,D021,2026-01-16,Morning,29,0,29,0.0,Available,Karimnagar
SL005157,S005157,D021,2026-01-17,Afternoon,28,0,28,0.0,Available,Karimnagar
SL005158,S005158,D021,2026-01-18,Full Day,44,0,44,0.0,Available,Karimnagar
SL005159,S005159,D021,2026-01-19,Full Day,49,3,46,6.12,Available,Karimnagar
SL005160,S005160,D021,2026-01-20,Afternoon,12,1,11,8.33,Available,Karimnagar
SL005161,S005161,D021,2026-01-21,Full Day,44,1,43,2.27,Available,Karimnagar
SL005162,S005162,D021,2026-01-23,Morning,20,2,18,10.0,Available,Karimnagar
SL005163,S005163,D021,2026-01-25,Full Day,32,2,30,6.25,Available,Karimnagar
SL005164,S005164,D021,2026-01-26,Morning,16,2,14,12.5,Available,Karimnagar
SL005165,S005165,D021,2026-01-27,Morning,24,1,23,4.17,Available,Karimnagar
SL005166,S005166,D021,2026-01-28,Morning,20,0,20,0.0,Available,Karimnagar
SL005167,S005167,D021,2026-01-29,Afternoon,30,2,28,6.67,Available,Karimnagar
SL005168,S005168,D021,2026-01-30,Morning,12,1,11,8.33,Available,Karimnagar
SL005169,S005169,D021,2026-02-03,Full Day,30,0,30,0.0,Available,Karimnagar
SL005170,S005170,D021,2026-02-04,Morning,19,0,19,0.0,Available,Karimnagar
SL005171,S005171,D021,2026-02-06,Morning,21,1,20,4.76,Available,Karimnagar
SL005172,S005172,D021,2026-02-08,Morning,27,0,27,0.0,Available,Karimnagar
SL005173,S005173,D021,2026-02-09,Full Day,36,3,33,8.33,Available,Karimnagar
SL005174,S005174,D021,2026-02-10,Afternoon,20,1,19,5.0,Available,Karimnagar
SL005175,S005175,D021,2026-02-11,Full Day,44,1,43,2.27,Available,Karimnagar
SL005176,S005176,D021,2026-02-12,Full Day,50,2,48,4.0,Available,Karimnagar
SL005177,S005177,D021,2026-02-13,Afternoon,25,1,24,4.0,Available,Karimnagar
SL005178,S005178,D021,2026-02-15,Morning,22,1,21,4.55,Available,Karimnagar
SL005179,S005179,D021,2026-02-16,Afternoon,15,5,10,33.33,Available,Karimnagar
SL005180,S005180,D021,2026-02-17,Afternoon,30,2,28,6.67,Available,Karimnagar
SL005181,S005181,D021,2026-02-20,Morning,14,0,14,0.0,Available,Karimnagar
SL005182,S005182,D021,2026-02-22,Morning,19,1,18,5.26,Available,Karimnagar
SL005183,S005183,D021,2026-02-23,Morning,12,2,10,16.67,Available,Karimnagar
SL005184,S005184,D021,2026-02-24,Afternoon,20,1,19,5.0,Available,Karimnagar
SL005185,S005185,D021,2026-02-25,Afternoon,16,2,14,12.5,Available,Karimnagar
SL005186,S005186,D021,2026-02-26,Afternoon,17,2,15,11.76,Available,Karimnagar
SL005187,S005187,D021,2026-02-27,Full Day,31,0,31,0.0,Available,Karimnagar
SL005188,S005188,D021,2026-03-02,Afternoon,28,2,26,7.14,Available,Karimnagar
SL005189,S005189,D021,2026-03-03,Full Day,49,4,45,8.16,Available,Karimnagar
SL005190,S005190,D021,2026-03-05,Full Day,46,2,44,4.35,Available,Karimnagar
SL005191,S005191,D021,2026-03-06,Afternoon,30,1,29,3.33,Available,Karimnagar
SL005192,S005192,D021,2026-03-09,Afternoon,12,2,10,16.67,Available,Karimnagar
SL005193,S005193,D021,2026-03-10,Morning,17,1,16,5.88,Available,Karimnagar
SL005194,S005194,D021,2026-03-11,Afternoon,13,1,12,7.69,Available,Karimnagar
SL005195,S005195,D021,2026-03-12,Morning,27,2,25,7.41,Available,Karimnagar
SL005196,S005196,D021,2026-03-14,Morning,17,1,16,5.88,Available,Karimnagar
SL005197,S005197,D021,2026-03-15,Afternoon,22,0,22,0.0,Available,Karimnagar
SL005198,S005198,D021,2026-03-16,Morning,15,2,13,13.33,Available,Karimnagar
SL005199,S005199,D021,2026-03-17,Morning,16,1,15,6.25,Available,Karimnagar
SL005200,S005200,D021,2026-03-18,Morning,25,0,25,0.0,Available,Karimnagar
SL005201,S005201,D021,2026-03-19,Full Day,26,2,24,7.69,Available,Karimnagar
SL005202,S005202,D021,2026-03-20,Afternoon,20,3,17,15.0,Available,Karimnagar
SL005203,S005203,D021,2026-03-23,Afternoon,26,0,26,0.0,Available,Karimnagar
SL005204,S005204,D021,2026-03-24,Full Day,44,6,38,13.64,Available,Karimnagar
SL005205,S005205,D021,2026-03-26,Morning,27,1,26,3.7,Available,Karimnagar
SL005206,S005206,D021,2026-03-27,Full Day,32,2,30,6.25,Available,Karimnagar
SL005207,S005207,D021,2026-03-30,Afternoon,15,0,15,0.0,Available,Karimnagar
SL005208,S005208,D021,2026-03-31,Afternoon,19,4,15,21.05,Available,Karimnagar
SL005209,S005209,D021,2026-04-02,Afternoon,24,3,21,12.5,Available,Karimnagar
SL005210,S005210,D021,2026-04-03,Afternoon,15,2,13,13.33,Available,Karimnagar
SL005211,S005211,D021,2026-04-06,Afternoon,21,0,21,0.0,Available,Karimnagar
SL005212,S005212,D021,2026-04-08,Morning,29,1,28,3.45,Available,Karimnagar
SL005213,S005213,D021,2026-04-09,Morning,18,1,17,5.56,Available,Karimnagar
SL005214,S005214,D021,2026-04-13,Morning,21,1,20,4.76,Available,Karimnagar
SL005215,S005215,D021,2026-04-14,Full Day,33,1,32,3.03,Available,Karimnagar
SL005216,S005216,D021,2026-04-15,Morning,24,2,22,8.33,Available,Karimnagar
SL005217,S005217,D021,2026-04-16,Full Day,31,0,31,0.0,Available,Karimnagar
SL005218,S005218,D021,2026-04-19,Afternoon,19,3,16,15.79,Available,Karimnagar
SL005219,S005219,D021,2026-04-20,Morning,30,1,29,3.33,Available,Karimnagar
SL005220,S005220,D021,2026-04-21,Full Day,33,1,32,3.03,Available,Karimnagar
SL005221,S005221,D021,2026-04-22,Afternoon,18,1,17,5.56,Available,Karimnagar
SL005222,S005222,D021,2026-04-23,Afternoon,29,0,29,0.0,Available,Karimnagar
SL005223,S005223,D021,2026-04-24,Morning,21,2,19,9.52,Available,Karimnagar
SL005224,S005224,D021,2026-04-26,Afternoon,20,2,18,10.0,Available,Karimnagar
SL005225,S005225,D021,2026-04-27,Afternoon,19,0,19,0.0,Available,Karimnagar
SL005226,S005226,D021,2026-04-28,Afternoon,21,2,19,9.52,Available,Karimnagar
SL005227,S005227,D021,2026-04-29,Full Day,48,1,47,2.08,Available,Karimnagar
SL005228,S005228,D021,2026-04-30,Morning,27,0,27,0.0,Available,Karimnagar
SL005229,S005229,D021,2026-05-01,Afternoon,23,0,23,0.0,Available,Karimnagar
SL005230,S005230,D021,2026-05-02,Full Day,42,1,41,2.38,Available,Karimnagar
SL005231,S005231,D021,2026-05-05,Afternoon,25,2,23,8.0,Available,Karimnagar
SL005232,S005232,D021,2026-05-07,Afternoon,30,1,29,3.33,Available,Karimnagar
SL005233,S005233,D021,2026-05-08,Morning,23,4,19,17.39,Available,Karimnagar
SL005234,S005234,D021,2026-05-11,Full Day,27,3,24,11.11,Available,Karimnagar
SL005235,S005235,D021,2026-05-13,Full Day,47,0,47,0.0,Available,Karimnagar
SL005236,S005236,D021,2026-05-14,Full Day,41,0,41,0.0,Available,Karimnagar
SL005237,S005237,D021,2026-05-15,Full Day,44,3,41,6.82,Available,Karimnagar
SL005238,S005238,D021,2026-05-18,Full Day,49,4,45,8.16,Available,Karimnagar
SL005239,S005239,D021,2026-05-19,Full Day,32,1,31,3.12,Available,Karimnagar
SL005240,S005240,D021,2026-05-20,Full Day,41,0,41,0.0,Available,Karimnagar
SL005241,S005241,D021,2026-05-21,Full Day,29,1,28,3.45,Available,Karimnagar
SL005242,S005242,D021,2026-05-22,Afternoon,17,1,16,5.88,Available,Karimnagar
SL005243,S005243,D021,2026-05-23,Afternoon,12,2,10,16.67,Available,Karimnagar
SL005244,S005244,D021,2026-05-24,Full Day,43,2,41,4.65,Available,Karimnagar
SL005245,S005245,D021,2026-05-25,Afternoon,29,1,28,3.45,Available,Karimnagar
SL005246,S005246,D021,2026-05-26,Afternoon,29,0,29,0.0,Available,Karimnagar
SL005247,S005247,D021,2026-05-29,Morning,27,1,26,3.7,Available,Karimnagar
SL005248,S005248,D021,2026-06-02,Full Day,42,2,40,4.76,Available,Karimnagar
SL005249,S005249,D021,2026-06-04,Full Day,49,5,44,10.2,Available,Karimnagar
SL005250,S005250,D021,2026-06-05,Afternoon,23,2,21,8.7,Available,Karimnagar
SL005251,S005251,D021,2026-06-07,Afternoon,26,0,26,0.0,Available,Karimnagar
SL005252,S005252,D021,2026-06-08,Afternoon,27,1,26,3.7,Available,Karimnagar
SL005253,S005253,D021,2026-06-09,Afternoon,14,1,13,7.14,Available,Karimnagar
SL005254,S005254,D021,2026-06-10,Full Day,28,2,26,7.14,Available,Karimnagar
SL005255,S005255,D021,2026-06-11,Morning,23,2,21,8.7,Available,Karimnagar
SL005256,S005256,D021,2026-06-12,Morning,27,2,25,7.41,Available,Karimnagar
SL005257,S005257,D021,2026-06-13,Morning,21,2,19,9.52,Available,Karimnagar
SL005258,S005258,D021,2026-06-15,Full Day,35,0,35,0.0,Available,Karimnagar
SL005259,S005259,D021,2026-06-16,Full Day,46,3,43,6.52,Available,Karimnagar
SL005260,S005260,D021,2026-06-17,Full Day,47,0,47,0.0,Available,Karimnagar
SL005261,S005261,D021,2026-06-18,Morning,16,2,14,12.5,Available,Karimnagar
SL005262,S005262,D021,2026-06-19,Afternoon,23,0,23,0.0,Available,Karimnagar
SL005263,S005263,D021,2026-06-23,Afternoon,19,2,17,10.53,Available,Karimnagar
SL005264,S005264,D021,2026-06-24,Afternoon,26,1,25,3.85,Available,Karimnagar
SL005265,S005265,D021,2026-06-26,Afternoon,29,1,28,3.45,Available,Karimnagar
SL005266,S005266,D021,2026-06-27,Afternoon,12,0,12,0.0,Available,Karimnagar
SL005267,S005267,D021,2026-06-29,Afternoon,23,1,22,4.35,Available,Karimnagar
SL005268,S005268,D021,2026-06-30,Morning,25,0,25,0.0,Available,Karimnagar
SL005269,S005269,D021,2026-07-01,Afternoon,28,1,27,3.57,Available,Karimnagar
SL005270,S005270,D021,2026-07-02,Morning,20,2,18,10.0,Available,Karimnagar
SL005271,S005271,D021,2026-07-03,Full Day,27,0,27,0.0,Available,Karimnagar
SL005272,S005272,D021,2026-07-04,Full Day,49,0,49,0.0,Available,Karimnagar
SL005273,S005273,D021,2026-07-07,Full Day,47,0,47,0.0,Available,Karimnagar
SL005274,S005274,D021,2026-07-08,Morning,27,1,26,3.7,Available,Karimnagar
SL005275,S005275,D021,2026-07-09,Full Day,29,1,28,3.45,Available,Karimnagar
SL005276,S005276,D021,2026-07-10,Afternoon,28,3,25,10.71,Available,Karimnagar
SL005277,S005277,D021,2026-07-11,Full Day,46,2,44,4.35,Available,Karimnagar
SL005278,S005278,D021,2026-07-13,Morning,14,0,14,0.0,Available,Karimnagar
SL005279,S005279,D021,2026-07-14,Full Day,29,0,29,0.0,Available,Karimnagar
SL005280,S005280,D021,2026-07-15,Morning,18,2,16,11.11,Available,Karimnagar
SL005281,S005281,D021,2026-07-19,Morning,15,4,11,26.67,Available,Karimnagar
SL005282,S005282,D021,2026-07-20,Morning,24,0,24,0.0,Available,Karimnagar
SL005283,S005283,D021,2026-07-21,Full Day,45,0,45,0.0,Available,Karimnagar
SL005284,S005284,D021,2026-07-22,Afternoon,16,1,15,6.25,Available,Karimnagar
SL005285,S005285,D021,2026-07-23,Full Day,43,0,43,0.0,Available,Karimnagar
SL005286,S005286,D021,2026-07-24,Morning,24,1,23,4.17,Available,Karimnagar
SL005287,S005287,D021,2026-07-28,Afternoon,20,0,20,0.0,Available,Karimnagar
SL005288,S005288,D021,2026-07-29,Afternoon,28,5,23,17.86,Available,Karimnagar
SL005289,S005289,D021,2026-07-30,Morning,26,1,25,3.85,Available,Karimnagar
SL005290,S005290,D021,2026-07-31,Full Day,40,2,38,5.0,Available,Karimnagar
SL005291,S005291,D021,2026-08-01,Afternoon,27,3,24,11.11,Available,Karimnagar
SL005292,S005292,D021,2026-08-03,Full Day,27,2,25,7.41,Available,Karimnagar
SL005293,S005293,D021,2026-08-04,Afternoon,13,0,13,0.0,Available,Karimnagar
SL005294,S005294,D021,2026-08-05,Afternoon,23,1,22,4.35,Available,Karimnagar
SL005295,S005295,D021,2026-08-06,Afternoon,19,0,19,0.0,Available,Karimnagar
SL005296,S005296,D021,2026-08-07,Afternoon,24,1,23,4.17,Available,Karimnagar
SL005297,S005297,D021,2026-08-09,Morning,24,2,22,8.33,Available,Karimnagar
SL005298,S005298,D021,2026-08-10,Afternoon,24,3,21,12.5,Available,Karimnagar
SL005299,S005299,D021,2026-08-11,Full Day,44,1,43,2.27,Available,Karimnagar
SL005300,S005300,D021,2026-08-12,Afternoon,16,2,14,12.5,Available,Karimnagar
SL005301,S005301,D021,2026-08-13,Morning,30,3,27,10.0,Available,Karimnagar
SL005302,S005302,D021,2026-08-14,Full Day,50,3,47,6.0,Available,Karimnagar
SL005303,S005303,D021,2026-08-16,Full Day,37,2,35,5.41,Available,Karimnagar
SL005304,S005304,D021,2026-08-18,Full Day,41,0,41,0.0,Available,Karimnagar
SL005305,S005305,D021,2026-08-20,Morning,14,0,14,0.0,Available,Karimnagar
SL005306,S005306,D021,2026-08-21,Afternoon,26,2,24,7.69,Available,Karimnagar
SL005307,S005307,D021,2026-08-26,Morning,22,0,22,0.0,Available,Karimnagar
SL005308,S005308,D021,2026-08-27,Morning,24,2,22,8.33,Available,Karimnagar
SL005309,S005309,D021,2026-08-28,Morning,16,3,13,18.75,Available,Karimnagar
SL005310,S005310,D021,2026-08-29,Afternoon,20,1,19,5.0,Available,Karimnagar
SL005311,S005311,D021,2026-08-30,Full Day,27,2,25,7.41,Available,Karimnagar
SL005312,S005312,D021,2026-09-01,Afternoon,25,4,21,16.0,Available,Karimnagar
SL005313,S005313,D021,2026-09-02,Afternoon,20,0,20,0.0,Available,Karimnagar
SL005314,S005314,D021,2026-09-03,Afternoon,17,1,16,5.88,Available,Karimnagar
SL005315,S005315,D021,2026-09-04,Morning,18,1,17,5.56,Available,Karimnagar
SL005316,S005316,D021,2026-09-07,Full Day,36,2,34,5.56,Available,Karimnagar
SL005317,S005317,D021,2026-09-10,Full Day,31,1,30,3.23,Available,Karimnagar
SL005318,S005318,D021,2026-09-11,Morning,19,0,19,0.0,Available,Karimnagar
SL005319,S005319,D021,2026-09-12,Morning,15,1,14,6.67,Available,Karimnagar
SL005320,S005320,D021,2026-09-14,Afternoon,26,2,24,7.69,Available,Karimnagar
SL005321,S005321,D021,2026-09-15,Full Day,48,2,46,4.17,Available,Karimnagar
SL005322,S005322,D021,2026-09-16,Full Day,26,0,26,0.0,Available,Karimnagar
SL005323,S005323,D021,2026-09-18,Full Day,43,1,42,2.33,Available,Karimnagar
SL005324,S005324,D021,2026-09-19,Morning,24,2,22,8.33,Available,Karimnagar
SL005325,S005325,D021,2026-09-20,Afternoon,17,1,16,5.88,Available,Karimnagar
SL005326,S005326,D021,2026-09-21,Full Day,50,1,49,2.0,Available,Karimnagar
SL005327,S005327,D021,2026-09-22,Morning,27,3,24,11.11,Available,Karimnagar
SL005328,S005328,D021,2026-09-23,Afternoon,21,2,19,9.52,Available,Karimnagar
SL005329,S005329,D021,2026-09-24,Morning,28,0,28,0.0,Available,Karimnagar
SL005330,S005330,D021,2026-09-25,Afternoon,24,2,22,8.33,Available,Karimnagar
SL005331,S005331,D021,2026-09-28,Morning,20,2,18,10.0,Available,Karimnagar
SL005332,S005332,D021,2026-09-29,Morning,25,0,25,0.0,Available,Karimnagar
SL005333,S005333,D021,2026-10-02,Full Day,41,1,40,2.44,Available,Karimnagar
SL005334,S005334,D021,2026-10-04,Afternoon,15,0,15,0.0,Available,Karimnagar
SL005335,S005335,D021,2026-10-05,Full Day,33,2,31,6.06,Available,Karimnagar
SL005336,S005336,D021,2026-10-06,Afternoon,25,1,24,4.0,Available,Karimnagar
SL005337,S005337,D021,2026-10-07,Afternoon,21,2,19,9.52,Available,Karimnagar
SL005338,S005338,D021,2026-10-08,Afternoon,30,0,30,0.0,Available,Karimnagar
SL005339,S005339,D021,2026-10-09,Morning,28,1,27,3.57,Available,Karimnagar
SL005340,S005340,D021,2026-10-12,Full Day,32,0,32,0.0,Available,Karimnagar
SL005341,S005341,D021,2026-10-13,Full Day,27,0,27,0.0,Available,Karimnagar
SL005342,S005342,D021,2026-10-14,Full Day,28,1,27,3.57,Available,Karimnagar
SL005343,S005343,D021,2026-10-15,Morning,26,2,24,7.69,Available,Karimnagar
SL005344,S005344,D021,2026-10-16,Morning,22,2,20,9.09,Available,Karimnagar
SL005345,S005345,D021,2026-10-17,Morning,30,0,30,0.0,Available,Karimnagar
SL005346,S005346,D021,2026-10-19,Afternoon,25,3,22,12.0,Available,Karimnagar
SL005347,S005347,D021,2026-10-20,Full Day,27,1,26,3.7,Available,Karimnagar
SL005348,S005348,D021,2026-10-21,Morning,14,2,12,14.29,Available,Karimnagar
SL005349,S005349,D021,2026-10-22,Afternoon,17,1,16,5.88,Available,Karimnagar
SL005350,S005350,D021,2026-10-23,Afternoon,26,0,26,0.0,Available,Karimnagar
SL005351,S005351,D021,2026-10-26,Full Day,39,1,38,2.56,Available,Karimnagar
SL005352,S005352,D021,2026-10-28,Morning,14,2,12,14.29,Available,Karimnagar
SL005353,S005353,D021,2026-10-29,Afternoon,22,2,20,9.09,Available,Karimnagar
SL005354,S005354,D021,2026-10-30,Full Day,31,2,29,6.45,Available,Karimnagar
SL005355,S005355,D021,2026-10-31,Afternoon,19,0,19,0.0,Available,Karimnagar
SL005356,S005356,D021,2026-11-02,Afternoon,23,3,20,13.04,Available,Karimnagar
SL005357,S005357,D021,2026-11-03,Afternoon,23,2,21,8.7,Available,Karimnagar
SL005358,S005358,D021,2026-11-04,Morning,21,0,21,0.0,Available,Karimnagar
SL005359,S005359,D021,2026-11-05,Afternoon,18,1,17,5.56,Available,Karimnagar
SL005360,S005360,D021,2026-11-06,Morning,27,0,27,0.0,Available,Karimnagar
SL005361,S005361,D021,2026-11-07,Full Day,42,0,42,0.0,Available,Karimnagar
SL005362,S005362,D021,2026-11-08,Afternoon,14,0,14,0.0,Available,Karimnagar
SL005363,S005363,D021,2026-11-09,Afternoon,21,0,21,0.0,Available,Karimnagar
SL005364,S005364,D021,2026-11-10,Morning,25,0,25,0.0,Available,Karimnagar
SL005365,S005365,D021,2026-11-12,Full Day,46,0,46,0.0,Available,Karimnagar
SL005366,S005366,D021,2026-11-16,Morning,26,1,25,3.85,Available,Karimnagar
SL005367,S005367,D021,2026-11-18,Full Day,41,3,38,7.32,Available,Karimnagar
SL005368,S005368,D021,2026-11-19,Full Day,35,3,32,8.57,Available,Karimnagar
SL005369,S005369,D021,2026-11-20,Full Day,48,2,46,4.17,Available,Karimnagar
SL005370,S005370,D021,2026-11-21,Morning,26,0,26,0.0,Available,Karimnagar
SL005371,S005371,D021,2026-11-22,Morning,30,3,27,10.0,Available,Karimnagar
SL005372,S005372,D021,2026-11-23,Morning,24,0,24,0.0,Available,Karimnagar
SL005373,S005373,D021,2026-11-24,Full Day,42,1,41,2.38,Available,Karimnagar
SL005374,S005374,D021,2026-11-25,Afternoon,13,2,11,15.38,Available,Karimnagar
SL005375,S005375,D021,2026-11-26,Morning,18,2,16,11.11,Available,Karimnagar
SL005376,S005376,D021,2026-11-27,Full Day,46,1,45,2.17,Available,Karimnagar
SL005377,S005377,D021,2026-11-28,Morning,19,1,18,5.26,Available,Karimnagar
SL005378,S005378,D021,2026-11-30,Morning,23,1,22,4.35,Available,Karimnagar
SL005379,S005379,D021,2026-12-01,Full Day,27,1,26,3.7,Available,Karimnagar
SL005380,S005380,D021,2026-12-02,Full Day,27,0,27,0.0,Available,Karimnagar
SL005381,S005381,D021,2026-12-03,Afternoon,20,1,19,5.0,Available,Karimnagar
SL005382,S005382,D021,2026-12-04,Morning,21,0,21,0.0,Available,Karimnagar
SL005383,S005383,D021,2026-12-07,Afternoon,26,0,26,0.0,Available,Karimnagar
SL005384,S005384,D021,2026-12-08,Full Day,25,2,23,8.0,Available,Karimnagar
SL005385,S005385,D021,2026-12-09,Afternoon,16,0,16,0.0,Available,Karimnagar
SL005386,S005386,D021,2026-12-10,Afternoon,15,2,13,13.33,Available,Karimnagar
SL005387,S005387,D021,2026-12-11,Afternoon,29,0,29,0.0,Available,Karimnagar
SL005388,S005388,D021,2026-12-16,Morning,15,4,11,26.67,Available,Karimnagar
SL005389,S005389,D021,2026-12-18,Full Day,37,2,35,5.41,Available,Karimnagar
SL005390,S005390,D021,2026-12-21,Morning,12,0,12,0.0,Available,Karimnagar
SL005391,S005391,D021,2026-12-22,Morning,12,2,10,16.67,Available,Karimnagar
SL005392,S005392,D021,2026-12-23,Full Day,36,0,36,0.0,Available,Karimnagar
SL005393,S005393,D021,2026-12-24,Afternoon,23,3,20,13.04,Available,Karimnagar
SL005394,S005394,D021,2026-12-25,Morning,16,2,14,12.5,Available,Karimnagar
SL005395,S005395,D021,2026-12-28,Morning,29,1,28,3.45,Available,Karimnagar
SL005396,S005396,D021,2026-12-29,Afternoon,23,1,22,4.35,Available,Karimnagar
SL005397,S005397,D021,2026-12-30,Full Day,32,0,32,0.0,Available,Karimnagar
SL005398,S005398,D022,2026-01-02,Afternoon,26,0,26,0.0,Available,Warangal
SL005399,S005399,D022,2026-01-03,Afternoon,15,1,14,6.67,Available,Warangal
SL005400,S005400,D022,2026-01-04,Afternoon,14,1,13,7.14,Available,Warangal
SL005401,S005401,D022,2026-01-05,Morning,23,0,23,0.0,Available,Warangal
SL005402,S005402,D022,2026-01-06,Morning,17,1,16,5.88,Available,Warangal
SL005403,S005403,D022,2026-01-07,Morning,27,2,25,7.41,Available,Warangal
SL005404,S005404,D022,2026-01-08,Afternoon,19,0,19,0.0,Available,Warangal
SL005405,S005405,D022,2026-01-09,Full Day,45,1,44,2.22,Available,Warangal
SL005406,S005406,D022,2026-01-10,Morning,15,0,15,0.0,Available,Warangal
SL005407,S005407,D022,2026-01-11,Morning,23,2,21,8.7,Available,Warangal
SL005408,S005408,D022,2026-01-12,Morning,15,0,15,0.0,Available,Warangal
SL005409,S005409,D022,2026-01-13,Morning,13,4,9,30.77,Available,Warangal
SL005410,S005410,D022,2026-01-14,Full Day,27,2,25,7.41,Available,Warangal
SL005411,S005411,D022,2026-01-15,Morning,26,1,25,3.85,Available,Warangal
SL005412,S005412,D022,2026-01-16,Full Day,26,0,26,0.0,Available,Warangal
SL005413,S005413,D022,2026-01-17,Morning,16,0,16,0.0,Available,Warangal
SL005414,S005414,D022,2026-01-19,Morning,13,3,10,23.08,Available,Warangal
SL005415,S005415,D022,2026-01-21,Morning,19,0,19,0.0,Available,Warangal
SL005416,S005416,D022,2026-01-22,Full Day,41,4,37,9.76,Available,Warangal
SL005417,S005417,D022,2026-01-23,Afternoon,24,2,22,8.33,Available,Warangal
SL005418,S005418,D022,2026-01-25,Afternoon,22,1,21,4.55,Available,Warangal
SL005419,S005419,D022,2026-01-26,Morning,16,0,16,0.0,Available,Warangal
SL005420,S005420,D022,2026-01-28,Afternoon,20,0,20,0.0,Available,Warangal
SL005421,S005421,D022,2026-01-29,Morning,18,2,16,11.11,Available,Warangal
SL005422,S005422,D022,2026-01-30,Morning,20,1,19,5.0,Available,Warangal
SL005423,S005423,D022,2026-01-31,Morning,28,1,27,3.57,Available,Warangal
SL005424,S005424,D022,2026-02-03,Afternoon,27,4,23,14.81,Available,Warangal
SL005425,S005425,D022,2026-02-04,Full Day,27,1,26,3.7,Available,Warangal
SL005426,S005426,D022,2026-02-06,Afternoon,24,0,24,0.0,Available,Warangal
SL005427,S005427,D022,2026-02-09,Full Day,35,0,35,0.0,Available,Warangal
SL005428,S005428,D022,2026-02-11,Afternoon,14,1,13,7.14,Available,Warangal
SL005429,S005429,D022,2026-02-12,Afternoon,12,2,10,16.67,Available,Warangal
SL005430,S005430,D022,2026-02-13,Full Day,34,3,31,8.82,Available,Warangal
SL005431,S005431,D022,2026-02-14,Afternoon,25,1,24,4.0,Available,Warangal
SL005432,S005432,D022,2026-02-16,Afternoon,30,1,29,3.33,Available,Warangal
SL005433,S005433,D022,2026-02-17,Morning,19,1,18,5.26,Available,Warangal
SL005434,S005434,D022,2026-02-19,Full Day,49,4,45,8.16,Available,Warangal
SL005435,S005435,D022,2026-02-20,Afternoon,22,0,22,0.0,Available,Warangal
SL005436,S005436,D022,2026-02-22,Afternoon,22,1,21,4.55,Available,Warangal
SL005437,S005437,D022,2026-02-23,Full Day,29,1,28,3.45,Available,Warangal
SL005438,S005438,D022,2026-02-25,Full Day,47,2,45,4.26,Available,Warangal
SL005439,S005439,D022,2026-02-26,Afternoon,26,0,26,0.0,Available,Warangal
SL005440,S005440,D022,2026-02-27,Full Day,42,2,40,4.76,Available,Warangal
SL005441,S005441,D022,2026-03-02,Full Day,40,0,40,0.0,Available,Warangal
SL005442,S005442,D022,2026-03-04,Morning,30,0,30,0.0,Available,Warangal
SL005443,S005443,D022,2026-03-05,Morning,23,3,20,13.04,Available,Warangal
SL005444,S005444,D022,2026-03-06,Morning,12,3,9,25.0,Available,Warangal
SL005445,S005445,D022,2026-03-07,Afternoon,29,1,28,3.45,Available,Warangal
SL005446,S005446,D022,2026-03-09,Afternoon,16,3,13,18.75,Available,Warangal
SL005447,S005447,D022,2026-03-10,Full Day,37,2,35,5.41,Available,Warangal
SL005448,S005448,D022,2026-03-11,Morning,12,2,10,16.67,Available,Warangal
SL005449,S005449,D022,2026-03-12,Full Day,41,2,39,4.88,Available,Warangal
SL005450,S005450,D022,2026-03-13,Afternoon,29,1,28,3.45,Available,Warangal
SL005451,S005451,D022,2026-03-15,Morning,15,3,12,20.0,Available,Warangal
SL005452,S005452,D022,2026-03-16,Afternoon,27,2,25,7.41,Available,Warangal
SL005453,S005453,D022,2026-03-17,Afternoon,20,1,19,5.0,Available,Warangal
SL005454,S005454,D022,2026-03-18,Morning,28,1,27,3.57,Available,Warangal
SL005455,S005455,D022,2026-03-20,Full Day,34,2,32,5.88,Available,Warangal
SL005456,S005456,D022,2026-03-23,Morning,16,3,13,18.75,Available,Warangal
SL005457,S005457,D022,2026-03-24,Afternoon,21,1,20,4.76,Available,Warangal
SL005458,S005458,D022,2026-03-25,Full Day,43,1,42,2.33,Available,Warangal
SL005459,S005459,D022,2026-03-26,Afternoon,27,2,25,7.41,Available,Warangal
SL005460,S005460,D022,2026-03-31,Full Day,48,0,48,0.0,Available,Warangal
SL005461,S005461,D022,2026-04-01,Full Day,45,1,44,2.22,Available,Warangal
SL005462,S005462,D022,2026-04-02,Full Day,39,0,39,0.0,Available,Warangal
SL005463,S005463,D022,2026-04-03,Morning,29,2,27,6.9,Available,Warangal
SL005464,S005464,D022,2026-04-07,Full Day,44,3,41,6.82,Available,Warangal
SL005465,S005465,D022,2026-04-08,Afternoon,15,0,15,0.0,Available,Warangal
SL005466,S005466,D022,2026-04-09,Morning,20,0,20,0.0,Available,Warangal
SL005467,S005467,D022,2026-04-10,Morning,27,0,27,0.0,Available,Warangal
SL005468,S005468,D022,2026-04-13,Morning,23,1,22,4.35,Available,Warangal
SL005469,S005469,D022,2026-04-14,Afternoon,18,3,15,16.67,Available,Warangal
SL005470,S005470,D022,2026-04-15,Afternoon,27,1,26,3.7,Available,Warangal
SL005471,S005471,D022,2026-04-17,Morning,23,0,23,0.0,Available,Warangal
SL005472,S005472,D022,2026-04-20,Afternoon,15,1,14,6.67,Available,Warangal
SL005473,S005473,D022,2026-04-21,Full Day,36,1,35,2.78,Available,Warangal
SL005474,S005474,D022,2026-04-22,Afternoon,23,1,22,4.35,Available,Warangal
SL005475,S005475,D022,2026-04-24,Afternoon,22,1,21,4.55,Available,Warangal
SL005476,S005476,D022,2026-04-25,Afternoon,12,2,10,16.67,Available,Warangal
SL005477,S005477,D022,2026-04-27,Full Day,34,3,31,8.82,Available,Warangal
SL005478,S005478,D022,2026-04-28,Morning,13,1,12,7.69,Available,Warangal
SL005479,S005479,D022,2026-04-29,Morning,16,0,16,0.0,Available,Warangal
SL005480,S005480,D022,2026-04-30,Full Day,35,1,34,2.86,Available,Warangal
SL005481,S005481,D022,2026-05-01,Afternoon,19,2,17,10.53,Available,Warangal
SL005482,S005482,D022,2026-05-02,Afternoon,21,2,19,9.52,Available,Warangal
SL005483,S005483,D022,2026-05-04,Afternoon,30,1,29,3.33,Available,Warangal
SL005484,S005484,D022,2026-05-05,Full Day,50,2,48,4.0,Available,Warangal
SL005485,S005485,D022,2026-05-06,Full Day,38,0,38,0.0,Available,Warangal
SL005486,S005486,D022,2026-05-07,Full Day,46,1,45,2.17,Available,Warangal
SL005487,S005487,D022,2026-05-08,Afternoon,16,4,12,25.0,Available,Warangal
SL005488,S005488,D022,2026-05-09,Morning,17,1,16,5.88,Available,Warangal
SL005489,S005489,D022,2026-05-11,Afternoon,13,3,10,23.08,Available,Warangal
SL005490,S005490,D022,2026-05-12,Afternoon,29,0,29,0.0,Available,Warangal
SL005491,S005491,D022,2026-05-14,Afternoon,24,3,21,12.5,Available,Warangal
SL005492,S005492,D022,2026-05-15,Afternoon,21,0,21,0.0,Available,Warangal
SL005493,S005493,D022,2026-05-18,Full Day,33,0,33,0.0,Available,Warangal
SL005494,S005494,D022,2026-05-19,Afternoon,13,0,13,0.0,Available,Warangal
SL005495,S005495,D022,2026-05-20,Morning,29,1,28,3.45,Available,Warangal
SL005496,S005496,D022,2026-05-21,Afternoon,13,1,12,7.69,Available,Warangal
SL005497,S005497,D022,2026-05-22,Morning,15,1,14,6.67,Available,Warangal
SL005498,S005498,D022,2026-05-25,Morning,16,2,14,12.5,Available,Warangal
SL005499,S005499,D022,2026-05-26,Full Day,45,1,44,2.22,Available,Warangal
SL005500,S005500,D022,2026-05-27,Morning,15,3,12,20.0,Available,Warangal
SL005501,S005501,D022,2026-05-28,Afternoon,17,0,17,0.0,Available,Warangal
SL005502,S005502,D022,2026-05-29,Afternoon,25,1,24,4.0,Available,Warangal
SL005503,S005503,D022,2026-05-31,Morning,30,0,30,0.0,Available,Warangal
SL005504,S005504,D022,2026-06-01,Morning,21,0,21,0.0,Available,Warangal
SL005505,S005505,D022,2026-06-03,Morning,21,1,20,4.76,Available,Warangal
SL005506,S005506,D022,2026-06-04,Afternoon,18,1,17,5.56,Available,Warangal
SL005507,S005507,D022,2026-06-05,Full Day,34,2,32,5.88,Available,Warangal
SL005508,S005508,D022,2026-06-07,Afternoon,17,2,15,11.76,Available,Warangal
SL005509,S005509,D022,2026-06-08,Morning,18,0,18,0.0,Available,Warangal
SL005510,S005510,D022,2026-06-09,Afternoon,29,2,27,6.9,Available,Warangal
SL005511,S005511,D022,2026-06-10,Full Day,45,1,44,2.22,Available,Warangal
SL005512,S005512,D022,2026-06-11,Afternoon,24,4,20,16.67,Available,Warangal
SL005513,S005513,D022,2026-06-13,Morning,20,3,17,15.0,Available,Warangal
SL005514,S005514,D022,2026-06-15,Morning,20,1,19,5.0,Available,Warangal
SL005515,S005515,D022,2026-06-16,Full Day,41,1,40,2.44,Available,Warangal
SL005516,S005516,D022,2026-06-17,Morning,21,2,19,9.52,Available,Warangal
SL005517,S005517,D022,2026-06-19,Morning,30,1,29,3.33,Available,Warangal
SL005518,S005518,D022,2026-06-20,Morning,27,0,27,0.0,Available,Warangal
SL005519,S005519,D022,2026-06-24,Morning,18,1,17,5.56,Available,Warangal
SL005520,S005520,D022,2026-06-25,Afternoon,18,1,17,5.56,Available,Warangal
SL005521,S005521,D022,2026-06-29,Full Day,46,3,43,6.52,Available,Warangal
SL005522,S005522,D022,2026-06-30,Morning,27,1,26,3.7,Available,Warangal
SL005523,S005523,D022,2026-07-01,Afternoon,14,0,14,0.0,Available,Warangal
SL005524,S005524,D022,2026-07-02,Morning,26,2,24,7.69,Available,Warangal
SL005525,S005525,D022,2026-07-06,Afternoon,18,2,16,11.11,Available,Warangal
SL005526,S005526,D022,2026-07-07,Morning,28,1,27,3.57,Available,Warangal
SL005527,S005527,D022,2026-07-08,Afternoon,15,2,13,13.33,Available,Warangal
SL005528,S005528,D022,2026-07-10,Full Day,43,0,43,0.0,Available,Warangal
SL005529,S005529,D022,2026-07-11,Afternoon,15,1,14,6.67,Available,Warangal
SL005530,S005530,D022,2026-07-13,Afternoon,19,3,16,15.79,Available,Warangal
SL005531,S005531,D022,2026-07-14,Morning,13,3,10,23.08,Available,Warangal
SL005532,S005532,D022,2026-07-15,Morning,19,1,18,5.26,Available,Warangal
SL005533,S005533,D022,2026-07-16,Full Day,44,0,44,0.0,Available,Warangal
SL005534,S005534,D022,2026-07-17,Afternoon,24,2,22,8.33,Available,Warangal
SL005535,S005535,D022,2026-07-20,Afternoon,26,1,25,3.85,Available,Warangal
SL005536,S005536,D022,2026-07-21,Full Day,34,2,32,5.88,Available,Warangal
SL005537,S005537,D022,2026-07-22,Full Day,34,2,32,5.88,Available,Warangal
SL005538,S005538,D022,2026-07-23,Full Day,26,0,26,0.0,Available,Warangal
SL005539,S005539,D022,2026-07-24,Morning,29,0,29,0.0,Available,Warangal
SL005540,S005540,D022,2026-07-27,Morning,24,3,21,12.5,Available,Warangal
SL005541,S005541,D022,2026-07-28,Morning,24,3,21,12.5,Available,Warangal
SL005542,S005542,D022,2026-07-29,Afternoon,26,2,24,7.69,Available,Warangal
SL005543,S005543,D022,2026-07-31,Morning,29,1,28,3.45,Available,Warangal
SL005544,S005544,D022,2026-08-03,Full Day,33,3,30,9.09,Available,Warangal
SL005545,S005545,D022,2026-08-04,Full Day,47,0,47,0.0,Available,Warangal
SL005546,S005546,D022,2026-08-05,Morning,28,1,27,3.57,Available,Warangal
SL005547,S005547,D022,2026-08-06,Afternoon,23,2,21,8.7,Available,Warangal
SL005548,S005548,D022,2026-08-07,Morning,29,0,29,0.0,Available,Warangal
SL005549,S005549,D022,2026-08-10,Afternoon,21,1,20,4.76,Available,Warangal
SL005550,S005550,D022,2026-08-12,Afternoon,23,0,23,0.0,Available,Warangal
SL005551,S005551,D022,2026-08-14,Full Day,37,1,36,2.7,Available,Warangal
SL005552,S005552,D022,2026-08-15,Afternoon,13,1,12,7.69,Available,Warangal
SL005553,S005553,D022,2026-08-17,Afternoon,19,2,17,10.53,Available,Warangal
SL005554,S005554,D022,2026-08-18,Full Day,39,1,38,2.56,Available,Warangal
SL005555,S005555,D022,2026-08-19,Morning,17,2,15,11.76,Available,Warangal
SL005556,S005556,D022,2026-08-20,Full Day,43,3,40,6.98,Available,Warangal
SL005557,S005557,D022,2026-08-24,Morning,27,0,27,0.0,Available,Warangal
SL005558,S005558,D022,2026-08-25,Afternoon,14,4,10,28.57,Available,Warangal
SL005559,S005559,D022,2026-08-26,Afternoon,27,3,24,11.11,Available,Warangal
SL005560,S005560,D022,2026-08-27,Morning,12,0,12,0.0,Available,Warangal
SL005561,S005561,D022,2026-08-28,Full Day,29,4,25,13.79,Available,Warangal
SL005562,S005562,D022,2026-08-31,Afternoon,14,1,13,7.14,Available,Warangal
SL005563,S005563,D022,2026-09-01,Afternoon,22,1,21,4.55,Available,Warangal
SL005564,S005564,D022,2026-09-02,Morning,28,0,28,0.0,Available,Warangal
SL005565,S005565,D022,2026-09-03,Afternoon,26,1,25,3.85,Available,Warangal
SL005566,S005566,D022,2026-09-04,Afternoon,21,6,15,28.57,Available,Warangal
SL005567,S005567,D022,2026-09-06,Full Day,29,0,29,0.0,Available,Warangal
SL005568,S005568,D022,2026-09-07,Morning,16,3,13,18.75,Available,Warangal
SL005569,S005569,D022,2026-09-10,Morning,30,2,28,6.67,Available,Warangal
SL005570,S005570,D022,2026-09-11,Afternoon,29,3,26,10.34,Available,Warangal
SL005571,S005571,D022,2026-09-14,Morning,29,1,28,3.45,Available,Warangal
SL005572,S005572,D022,2026-09-15,Morning,23,1,22,4.35,Available,Warangal
SL005573,S005573,D022,2026-09-17,Full Day,50,0,50,0.0,Available,Warangal
SL005574,S005574,D022,2026-09-20,Full Day,35,1,34,2.86,Available,Warangal
SL005575,S005575,D022,2026-09-21,Full Day,31,1,30,3.23,Available,Warangal
SL005576,S005576,D022,2026-09-22,Full Day,39,3,36,7.69,Available,Warangal
SL005577,S005577,D022,2026-09-23,Morning,27,0,27,0.0,Available,Warangal
SL005578,S005578,D022,2026-09-24,Afternoon,24,0,24,0.0,Available,Warangal
SL005579,S005579,D022,2026-09-25,Afternoon,16,3,13,18.75,Available,Warangal
SL005580,S005580,D022,2026-09-28,Afternoon,25,0,25,0.0,Available,Warangal
SL005581,S005581,D022,2026-09-29,Morning,20,2,18,10.0,Available,Warangal
SL005582,S005582,D022,2026-09-30,Afternoon,29,2,27,6.9,Available,Warangal
SL005583,S005583,D022,2026-10-01,Morning,21,2,19,9.52,Available,Warangal
SL005584,S005584,D022,2026-10-02,Morning,27,1,26,3.7,Available,Warangal
SL005585,S005585,D022,2026-10-05,Full Day,27,0,27,0.0,Available,Warangal
SL005586,S005586,D022,2026-10-06,Morning,22,3,19,13.64,Available,Warangal
SL005587,S005587,D022,2026-10-07,Afternoon,16,4,12,25.0,Available,Warangal
SL005588,S005588,D022,2026-10-08,Morning,14,2,12,14.29,Available,Warangal
SL005589,S005589,D022,2026-10-09,Morning,27,5,22,18.52,Available,Warangal
SL005590,S005590,D022,2026-10-12,Afternoon,27,0,27,0.0,Available,Warangal
SL005591,S005591,D022,2026-10-13,Full Day,30,2,28,6.67,Available,Warangal
SL005592,S005592,D022,2026-10-15,Full Day,48,1,47,2.08,Available,Warangal
SL005593,S005593,D022,2026-10-16,Morning,25,4,21,16.0,Available,Warangal
SL005594,S005594,D022,2026-10-18,Full Day,35,1,34,2.86,Available,Warangal
SL005595,S005595,D022,2026-10-19,Morning,15,1,14,6.67,Available,Warangal
SL005596,S005596,D022,2026-10-21,Full Day,37,0,37,0.0,Available,Warangal
SL005597,S005597,D022,2026-10-22,Afternoon,17,2,15,11.76,Available,Warangal
SL005598,S005598,D022,2026-10-23,Full Day,32,0,32,0.0,Available,Warangal
SL005599,S005599,D022,2026-10-24,Afternoon,28,1,27,3.57,Available,Warangal
SL005600,S005600,D022,2026-10-25,Full Day,34,3,31,8.82,Available,Warangal
SL005601,S005601,D022,2026-10-26,Afternoon,25,1,24,4.0,Available,Warangal
SL005602,S005602,D022,2026-10-27,Full Day,42,0,42,0.0,Available,Warangal
SL005603,S005603,D022,2026-10-28,Afternoon,26,3,23,11.54,Available,Warangal
SL005604,S005604,D022,2026-10-29,Morning,26,1,25,3.85,Available,Warangal
SL005605,S005605,D022,2026-10-30,Afternoon,19,1,18,5.26,Available,Warangal
SL005606,S005606,D022,2026-11-02,Afternoon,23,0,23,0.0,Available,Warangal
SL005607,S005607,D022,2026-11-03,Morning,19,2,17,10.53,Available,Warangal
SL005608,S005608,D022,2026-11-04,Full Day,26,3,23,11.54,Available,Warangal
SL005609,S005609,D022,2026-11-05,Full Day,27,0,27,0.0,Available,Warangal
SL005610,S005610,D022,2026-11-09,Afternoon,29,0,29,0.0,Available,Warangal
SL005611,S005611,D022,2026-11-10,Full Day,41,0,41,0.0,Available,Warangal
SL005612,S005612,D022,2026-11-11,Morning,28,2,26,7.14,Available,Warangal
SL005613,S005613,D022,2026-11-12,Afternoon,12,1,11,8.33,Available,Warangal
SL005614,S005614,D022,2026-11-13,Morning,13,0,13,0.0,Available,Warangal
SL005615,S005615,D022,2026-11-15,Afternoon,21,0,21,0.0,Available,Warangal
SL005616,S005616,D022,2026-11-17,Afternoon,25,2,23,8.0,Available,Warangal
SL005617,S005617,D022,2026-11-18,Full Day,44,2,42,4.55,Available,Warangal
SL005618,S005618,D022,2026-11-19,Full Day,39,0,39,0.0,Available,Warangal
SL005619,S005619,D022,2026-11-20,Afternoon,29,4,25,13.79,Available,Warangal
SL005620,S005620,D022,2026-11-22,Afternoon,26,3,23,11.54,Available,Warangal
SL005621,S005621,D022,2026-11-23,Morning,28,0,28,0.0,Available,Warangal
SL005622,S005622,D022,2026-11-24,Morning,18,1,17,5.56,Available,Warangal
SL005623,S005623,D022,2026-11-25,Afternoon,28,2,26,7.14,Available,Warangal
SL005624,S005624,D022,2026-11-26,Morning,23,0,23,0.0,Available,Warangal
SL005625,S005625,D022,2026-11-29,Full Day,28,2,26,7.14,Available,Warangal
SL005626,S005626,D022,2026-11-30,Morning,22,1,21,4.55,Available,Warangal
SL005627,S005627,D022,2026-12-01,Morning,14,3,11,21.43,Available,Warangal
SL005628,S005628,D022,2026-12-02,Afternoon,27,0,27,0.0,Available,Warangal
SL005629,S005629,D022,2026-12-03,Afternoon,25,1,24,4.0,Available,Warangal
SL005630,S005630,D022,2026-12-04,Full Day,36,1,35,2.78,Available,Warangal
SL005631,S005631,D022,2026-12-08,Morning,28,3,25,10.71,Available,Warangal
SL005632,S005632,D022,2026-12-09,Morning,29,1,28,3.45,Available,Warangal
SL005633,S005633,D022,2026-12-10,Full Day,46,0,46,0.0,Available,Warangal
SL005634,S005634,D022,2026-12-11,Afternoon,25,2,23,8.0,Available,Warangal
SL005635,S005635,D022,2026-12-12,Morning,15,2,13,13.33,Available,Warangal
SL005636,S005636,D022,2026-12-14,Morning,22,0,22,0.0,Available,Warangal
SL005637,S005637,D022,2026-12-15,Morning,21,2,19,9.52,Available,Warangal
SL005638,S005638,D022,2026-12-16,Afternoon,24,2,22,8.33,Available,Warangal
SL005639,S005639,D022,2026-12-18,Morning,17,1,16,5.88,Available,Warangal
SL005640,S005640,D022,2026-12-22,Full Day,31,0,31,0.0,Available,Warangal
SL005641,S005641,D022,2026-12-23,Morning,25,1,24,4.0,Available,Warangal
SL005642,S005642,D022,2026-12-24,Afternoon,20,1,19,5.0,Available,Warangal
SL005643,S005643,D022,2026-12-25,Morning,30,1,29,3.33,Available,Warangal
SL005644,S005644,D022,2026-12-30,Morning,17,1,16,5.88,Available,Warangal
SL005645,S005645,D022,2026-12-31,Afternoon,18,2,16,11.11,Available,Warangal
SL005646,S005646,D023,2026-01-01,Morning,13,2,11,15.38,Available,Karimnagar
SL005647,S005647,D023,2026-01-02,Morning,25,0,25,0.0,Available,Karimnagar
SL005648,S005648,D023,2026-01-03,Full Day,29,2,27,6.9,Available,Karimnagar
SL005649,S005649,D023,2026-01-05,Morning,19,1,18,5.26,Available,Karimnagar
SL005650,S005650,D023,2026-01-06,Full Day,42,4,38,9.52,Available,Karimnagar
SL005651,S005651,D023,2026-01-07,Afternoon,19,1,18,5.26,Available,Karimnagar
SL005652,S005652,D023,2026-01-08,Full Day,25,1,24,4.0,Available,Karimnagar
SL005653,S005653,D023,2026-01-09,Full Day,49,0,49,0.0,Available,Karimnagar
SL005654,S005654,D023,2026-01-10,Afternoon,16,0,16,0.0,Available,Karimnagar
SL005655,S005655,D023,2026-01-12,Afternoon,21,0,21,0.0,Available,Karimnagar
SL005656,S005656,D023,2026-01-15,Afternoon,20,1,19,5.0,Available,Karimnagar
SL005657,S005657,D023,2026-01-16,Morning,30,2,28,6.67,Available,Karimnagar
SL005658,S005658,D023,2026-01-18,Afternoon,18,1,17,5.56,Available,Karimnagar
SL005659,S005659,D023,2026-01-19,Morning,25,1,24,4.0,Available,Karimnagar
SL005660,S005660,D023,2026-01-20,Morning,24,2,22,8.33,Available,Karimnagar
SL005661,S005661,D023,2026-01-22,Full Day,44,1,43,2.27,Available,Karimnagar
SL005662,S005662,D023,2026-01-23,Morning,17,2,15,11.76,Available,Karimnagar
SL005663,S005663,D023,2026-01-26,Morning,22,1,21,4.55,Available,Karimnagar
SL005664,S005664,D023,2026-01-27,Morning,21,1,20,4.76,Available,Karimnagar
SL005665,S005665,D023,2026-01-28,Full Day,31,0,31,0.0,Available,Karimnagar
SL005666,S005666,D023,2026-01-29,Morning,15,0,15,0.0,Available,Karimnagar
SL005667,S005667,D023,2026-01-30,Afternoon,23,0,23,0.0,Available,Karimnagar
SL005668,S005668,D023,2026-01-31,Full Day,40,1,39,2.5,Available,Karimnagar
SL005669,S005669,D023,2026-02-02,Afternoon,21,4,17,19.05,Available,Karimnagar
SL005670,S005670,D023,2026-02-03,Afternoon,28,2,26,7.14,Available,Karimnagar
SL005671,S005671,D023,2026-02-04,Afternoon,21,2,19,9.52,Available,Karimnagar
SL005672,S005672,D023,2026-02-05,Full Day,49,1,48,2.04,Available,Karimnagar
SL005673,S005673,D023,2026-02-06,Afternoon,21,2,19,9.52,Available,Karimnagar
SL005674,S005674,D023,2026-02-08,Morning,30,3,27,10.0,Available,Karimnagar
SL005675,S005675,D023,2026-02-09,Full Day,48,0,48,0.0,Available,Karimnagar
SL005676,S005676,D023,2026-02-10,Morning,15,4,11,26.67,Available,Karimnagar
SL005677,S005677,D023,2026-02-11,Morning,21,0,21,0.0,Available,Karimnagar
SL005678,S005678,D023,2026-02-13,Afternoon,24,2,22,8.33,Available,Karimnagar
SL005679,S005679,D023,2026-02-14,Afternoon,18,2,16,11.11,Available,Karimnagar
SL005680,S005680,D023,2026-02-15,Afternoon,25,1,24,4.0,Available,Karimnagar
SL005681,S005681,D023,2026-02-16,Full Day,50,1,49,2.0,Available,Karimnagar
SL005682,S005682,D023,2026-02-17,Morning,13,1,12,7.69,Available,Karimnagar
SL005683,S005683,D023,2026-02-18,Morning,21,1,20,4.76,Available,Karimnagar
SL005684,S005684,D023,2026-02-19,Morning,21,1,20,4.76,Available,Karimnagar
SL005685,S005685,D023,2026-02-20,Full Day,44,0,44,0.0,Available,Karimnagar
SL005686,S005686,D023,2026-02-24,Afternoon,12,2,10,16.67,Available,Karimnagar
SL005687,S005687,D023,2026-02-25,Afternoon,27,3,24,11.11,Available,Karimnagar
SL005688,S005688,D023,2026-02-26,Full Day,49,0,49,0.0,Available,Karimnagar
SL005689,S005689,D023,2026-02-27,Afternoon,14,0,14,0.0,Available,Karimnagar
SL005690,S005690,D023,2026-03-01,Morning,12,0,12,0.0,Available,Karimnagar
SL005691,S005691,D023,2026-03-03,Afternoon,25,3,22,12.0,Available,Karimnagar
SL005692,S005692,D023,2026-03-04,Morning,30,1,29,3.33,Available,Karimnagar
SL005693,S005693,D023,2026-03-06,Afternoon,28,1,27,3.57,Available,Karimnagar
SL005694,S005694,D023,2026-03-09,Full Day,37,3,34,8.11,Available,Karimnagar
SL005695,S005695,D023,2026-03-10,Full Day,34,2,32,5.88,Available,Karimnagar
SL005696,S005696,D023,2026-03-11,Afternoon,28,2,26,7.14,Available,Karimnagar
SL005697,S005697,D023,2026-03-13,Morning,26,1,25,3.85,Available,Karimnagar
SL005698,S005698,D023,2026-03-14,Morning,22,0,22,0.0,Available,Karimnagar
SL005699,S005699,D023,2026-03-16,Morning,30,1,29,3.33,Available,Karimnagar
SL005700,S005700,D023,2026-03-18,Morning,16,5,11,31.25,Available,Karimnagar
SL005701,S005701,D023,2026-03-19,Full Day,34,0,34,0.0,Available,Karimnagar
SL005702,S005702,D023,2026-03-20,Full Day,47,1,46,2.13,Available,Karimnagar
SL005703,S005703,D023,2026-03-21,Afternoon,23,0,23,0.0,Available,Karimnagar
SL005704,S005704,D023,2026-03-22,Afternoon,24,1,23,4.17,Available,Karimnagar
SL005705,S005705,D023,2026-03-23,Full Day,38,1,37,2.63,Available,Karimnagar
SL005706,S005706,D023,2026-03-24,Full Day,37,2,35,5.41,Available,Karimnagar
SL005707,S005707,D023,2026-03-25,Afternoon,21,0,21,0.0,Available,Karimnagar
SL005708,S005708,D023,2026-03-26,Afternoon,24,0,24,0.0,Available,Karimnagar
SL005709,S005709,D023,2026-03-27,Full Day,34,3,31,8.82,Available,Karimnagar
SL005710,S005710,D023,2026-03-30,Full Day,35,0,35,0.0,Available,Karimnagar
SL005711,S005711,D023,2026-03-31,Morning,25,1,24,4.0,Available,Karimnagar
SL005712,S005712,D023,2026-04-01,Full Day,47,0,47,0.0,Available,Karimnagar
SL005713,S005713,D023,2026-04-02,Afternoon,17,0,17,0.0,Available,Karimnagar
SL005714,S005714,D023,2026-04-03,Morning,15,1,14,6.67,Available,Karimnagar
SL005715,S005715,D023,2026-04-04,Afternoon,19,0,19,0.0,Available,Karimnagar
SL005716,S005716,D023,2026-04-06,Full Day,33,3,30,9.09,Available,Karimnagar
SL005717,S005717,D023,2026-04-07,Morning,26,0,26,0.0,Available,Karimnagar
SL005718,S005718,D023,2026-04-08,Full Day,47,1,46,2.13,Available,Karimnagar
SL005719,S005719,D023,2026-04-09,Morning,12,2,10,16.67,Available,Karimnagar
SL005720,S005720,D023,2026-04-10,Full Day,45,0,45,0.0,Available,Karimnagar
SL005721,S005721,D023,2026-04-11,Afternoon,30,2,28,6.67,Available,Karimnagar
SL005722,S005722,D023,2026-04-13,Morning,25,3,22,12.0,Available,Karimnagar
SL005723,S005723,D023,2026-04-14,Full Day,37,1,36,2.7,Available,Karimnagar
SL005724,S005724,D023,2026-04-15,Afternoon,24,0,24,0.0,Available,Karimnagar
SL005725,S005725,D023,2026-04-16,Afternoon,15,1,14,6.67,Available,Karimnagar
SL005726,S005726,D023,2026-04-18,Morning,16,3,13,18.75,Available,Karimnagar
SL005727,S005727,D023,2026-04-20,Afternoon,22,3,19,13.64,Available,Karimnagar
SL005728,S005728,D023,2026-04-21,Afternoon,14,2,12,14.29,Available,Karimnagar
SL005729,S005729,D023,2026-04-22,Full Day,47,1,46,2.13,Available,Karimnagar
SL005730,S005730,D023,2026-04-23,Morning,25,1,24,4.0,Available,Karimnagar
SL005731,S005731,D023,2026-04-24,Afternoon,20,3,17,15.0,Available,Karimnagar
SL005732,S005732,D023,2026-04-25,Morning,19,2,17,10.53,Available,Karimnagar
SL005733,S005733,D023,2026-04-28,Full Day,39,3,36,7.69,Available,Karimnagar
SL005734,S005734,D023,2026-04-30,Morning,22,0,22,0.0,Available,Karimnagar
SL005735,S005735,D023,2026-05-01,Afternoon,12,2,10,16.67,Available,Karimnagar
SL005736,S005736,D023,2026-05-04,Morning,15,0,15,0.0,Available,Karimnagar
SL005737,S005737,D023,2026-05-05,Afternoon,18,1,17,5.56,Available,Karimnagar
SL005738,S005738,D023,2026-05-07,Afternoon,24,3,21,12.5,Available,Karimnagar
SL005739,S005739,D023,2026-05-10,Full Day,42,4,38,9.52,Available,Karimnagar
SL005740,S005740,D023,2026-05-11,Afternoon,25,1,24,4.0,Available,Karimnagar
SL005741,S005741,D023,2026-05-12,Afternoon,22,0,22,0.0,Available,Karimnagar
SL005742,S005742,D023,2026-05-13,Morning,20,1,19,5.0,Available,Karimnagar
SL005743,S005743,D023,2026-05-15,Full Day,34,1,33,2.94,Available,Karimnagar
SL005744,S005744,D023,2026-05-18,Morning,24,0,24,0.0,Available,Karimnagar
SL005745,S005745,D023,2026-05-19,Full Day,39,1,38,2.56,Available,Karimnagar
SL005746,S005746,D023,2026-05-20,Afternoon,16,2,14,12.5,Available,Karimnagar
SL005747,S005747,D023,2026-05-21,Full Day,47,0,47,0.0,Available,Karimnagar
SL005748,S005748,D023,2026-05-22,Afternoon,26,0,26,0.0,Available,Karimnagar
SL005749,S005749,D023,2026-05-23,Full Day,32,0,32,0.0,Available,Karimnagar
SL005750,S005750,D023,2026-05-25,Morning,28,0,28,0.0,Available,Karimnagar
SL005751,S005751,D023,2026-05-26,Full Day,35,2,33,5.71,Available,Karimnagar
SL005752,S005752,D023,2026-05-27,Morning,29,1,28,3.45,Available,Karimnagar
SL005753,S005753,D023,2026-05-28,Morning,30,3,27,10.0,Available,Karimnagar
SL005754,S005754,D023,2026-05-29,Afternoon,25,3,22,12.0,Available,Karimnagar
SL005755,S005755,D023,2026-06-01,Afternoon,21,3,18,14.29,Available,Karimnagar
SL005756,S005756,D023,2026-06-02,Morning,23,3,20,13.04,Available,Karimnagar
SL005757,S005757,D023,2026-06-03,Full Day,37,0,37,0.0,Available,Karimnagar
SL005758,S005758,D023,2026-06-04,Afternoon,20,2,18,10.0,Available,Karimnagar
SL005759,S005759,D023,2026-06-05,Afternoon,12,0,12,0.0,Available,Karimnagar
SL005760,S005760,D023,2026-06-06,Morning,20,1,19,5.0,Available,Karimnagar
SL005761,S005761,D023,2026-06-07,Full Day,40,1,39,2.5,Available,Karimnagar
SL005762,S005762,D023,2026-06-08,Full Day,33,0,33,0.0,Available,Karimnagar
SL005763,S005763,D023,2026-06-09,Full Day,50,0,50,0.0,Available,Karimnagar
SL005764,S005764,D023,2026-06-10,Morning,20,0,20,0.0,Available,Karimnagar
SL005765,S005765,D023,2026-06-11,Morning,30,2,28,6.67,Available,Karimnagar
SL005766,S005766,D023,2026-06-12,Afternoon,21,2,19,9.52,Available,Karimnagar
SL005767,S005767,D023,2026-06-13,Afternoon,17,0,17,0.0,Available,Karimnagar
SL005768,S005768,D023,2026-06-14,Morning,20,1,19,5.0,Available,Karimnagar
SL005769,S005769,D023,2026-06-15,Afternoon,24,0,24,0.0,Available,Karimnagar
SL005770,S005770,D023,2026-06-16,Afternoon,19,0,19,0.0,Available,Karimnagar
SL005771,S005771,D023,2026-06-17,Full Day,37,0,37,0.0,Available,Karimnagar
SL005772,S005772,D023,2026-06-18,Afternoon,20,1,19,5.0,Available,Karimnagar
SL005773,S005773,D023,2026-06-19,Full Day,29,3,26,10.34,Available,Karimnagar
SL005774,S005774,D023,2026-06-22,Afternoon,21,2,19,9.52,Available,Karimnagar
SL005775,S005775,D023,2026-06-23,Morning,29,1,28,3.45,Available,Karimnagar
SL005776,S005776,D023,2026-06-24,Afternoon,17,0,17,0.0,Available,Karimnagar
SL005777,S005777,D023,2026-06-26,Full Day,37,3,34,8.11,Available,Karimnagar
SL005778,S005778,D023,2026-06-28,Morning,29,4,25,13.79,Available,Karimnagar
SL005779,S005779,D023,2026-06-29,Full Day,29,2,27,6.9,Available,Karimnagar
SL005780,S005780,D023,2026-06-30,Morning,23,4,19,17.39,Available,Karimnagar
SL005781,S005781,D023,2026-07-01,Full Day,32,1,31,3.12,Available,Karimnagar
SL005782,S005782,D023,2026-07-02,Morning,23,0,23,0.0,Available,Karimnagar
SL005783,S005783,D023,2026-07-03,Morning,25,1,24,4.0,Available,Karimnagar
SL005784,S005784,D023,2026-07-04,Full Day,25,2,23,8.0,Available,Karimnagar
SL005785,S005785,D023,2026-07-06,Morning,12,2,10,16.67,Available,Karimnagar
SL005786,S005786,D023,2026-07-08,Morning,28,0,28,0.0,Available,Karimnagar
SL005787,S005787,D023,2026-07-09,Afternoon,19,0,19,0.0,Available,Karimnagar
SL005788,S005788,D023,2026-07-10,Morning,13,1,12,7.69,Available,Karimnagar
SL005789,S005789,D023,2026-07-11,Afternoon,17,2,15,11.76,Available,Karimnagar
SL005790,S005790,D023,2026-07-12,Afternoon,12,2,10,16.67,Available,Karimnagar
SL005791,S005791,D023,2026-07-13,Morning,20,0,20,0.0,Available,Karimnagar
SL005792,S005792,D023,2026-07-14,Full Day,36,3,33,8.33,Available,Karimnagar
SL005793,S005793,D023,2026-07-15,Morning,23,0,23,0.0,Available,Karimnagar
SL005794,S005794,D023,2026-07-16,Afternoon,15,1,14,6.67,Available,Karimnagar
SL005795,S005795,D023,2026-07-20,Full Day,32,3,29,9.38,Available,Karimnagar
SL005796,S005796,D023,2026-07-21,Afternoon,26,1,25,3.85,Available,Karimnagar
SL005797,S005797,D023,2026-07-22,Morning,14,1,13,7.14,Available,Karimnagar
SL005798,S005798,D023,2026-07-23,Afternoon,16,3,13,18.75,Available,Karimnagar
SL005799,S005799,D023,2026-07-24,Morning,20,2,18,10.0,Available,Karimnagar
SL005800,S005800,D023,2026-07-27,Afternoon,26,1,25,3.85,Available,Karimnagar
SL005801,S005801,D023,2026-07-28,Morning,21,2,19,9.52,Available,Karimnagar
SL005802,S005802,D023,2026-07-29,Morning,20,3,17,15.0,Available,Karimnagar
SL005803,S005803,D023,2026-07-30,Morning,27,2,25,7.41,Available,Karimnagar
SL005804,S005804,D023,2026-07-31,Full Day,50,0,50,0.0,Available,Karimnagar
SL005805,S005805,D023,2026-08-01,Full Day,32,0,32,0.0,Available,Karimnagar
SL005806,S005806,D023,2026-08-03,Full Day,47,1,46,2.13,Available,Karimnagar
SL005807,S005807,D023,2026-08-05,Full Day,46,5,41,10.87,Available,Karimnagar
SL005808,S005808,D023,2026-08-06,Full Day,31,1,30,3.23,Available,Karimnagar
SL005809,S005809,D023,2026-08-07,Afternoon,26,2,24,7.69,Available,Karimnagar
SL005810,S005810,D023,2026-08-09,Morning,17,0,17,0.0,Available,Karimnagar
SL005811,S005811,D023,2026-08-10,Morning,12,3,9,25.0,Available,Karimnagar
SL005812,S005812,D023,2026-08-11,Full Day,37,3,34,8.11,Available,Karimnagar
SL005813,S005813,D023,2026-08-12,Morning,24,1,23,4.17,Available,Karimnagar
SL005814,S005814,D023,2026-08-13,Afternoon,26,1,25,3.85,Available,Karimnagar
SL005815,S005815,D023,2026-08-14,Full Day,33,0,33,0.0,Available,Karimnagar
SL005816,S005816,D023,2026-08-17,Full Day,35,1,34,2.86,Available,Karimnagar
SL005817,S005817,D023,2026-08-18,Full Day,26,0,26,0.0,Available,Karimnagar
SL005818,S005818,D023,2026-08-19,Full Day,27,0,27,0.0,Available,Karimnagar
SL005819,S005819,D023,2026-08-20,Morning,27,4,23,14.81,Available,Karimnagar
SL005820,S005820,D023,2026-08-21,Full Day,49,1,48,2.04,Available,Karimnagar
SL005821,S005821,D023,2026-08-24,Morning,25,0,25,0.0,Available,Karimnagar
SL005822,S005822,D023,2026-08-26,Morning,15,0,15,0.0,Available,Karimnagar
SL005823,S005823,D023,2026-08-27,Afternoon,14,0,14,0.0,Available,Karimnagar
SL005824,S005824,D023,2026-08-28,Afternoon,13,2,11,15.38,Available,Karimnagar
SL005825,S005825,D023,2026-08-29,Full Day,34,0,34,0.0,Available,Karimnagar
SL005826,S005826,D023,2026-08-31,Afternoon,25,1,24,4.0,Available,Karimnagar
SL005827,S005827,D023,2026-09-02,Afternoon,28,0,28,0.0,Available,Karimnagar
SL005828,S005828,D023,2026-09-03,Full Day,34,3,31,8.82,Available,Karimnagar
SL005829,S005829,D023,2026-09-04,Afternoon,26,0,26,0.0,Available,Karimnagar
SL005830,S005830,D023,2026-09-05,Morning,13,0,13,0.0,Available,Karimnagar
SL005831,S005831,D023,2026-09-07,Afternoon,30,1,29,3.33,Available,Karimnagar
SL005832,S005832,D023,2026-09-08,Full Day,44,2,42,4.55,Available,Karimnagar
SL005833,S005833,D023,2026-09-10,Full Day,43,1,42,2.33,Available,Karimnagar
SL005834,S005834,D023,2026-09-13,Full Day,32,1,31,3.12,Available,Karimnagar
SL005835,S005835,D023,2026-09-14,Full Day,29,1,28,3.45,Available,Karimnagar
SL005836,S005836,D023,2026-09-15,Afternoon,21,1,20,4.76,Available,Karimnagar
SL005837,S005837,D023,2026-09-16,Afternoon,28,0,28,0.0,Available,Karimnagar
SL005838,S005838,D023,2026-09-22,Afternoon,29,0,29,0.0,Available,Karimnagar
SL005839,S005839,D023,2026-09-23,Afternoon,25,0,25,0.0,Available,Karimnagar
SL005840,S005840,D023,2026-09-24,Afternoon,27,3,24,11.11,Available,Karimnagar
SL005841,S005841,D023,2026-09-25,Morning,15,1,14,6.67,Available,Karimnagar
SL005842,S005842,D023,2026-09-28,Afternoon,17,1,16,5.88,Available,Karimnagar
SL005843,S005843,D023,2026-09-29,Morning,13,1,12,7.69,Available,Karimnagar
SL005844,S005844,D023,2026-10-01,Full Day,37,0,37,0.0,Available,Karimnagar
SL005845,S005845,D023,2026-10-05,Morning,21,2,19,9.52,Available,Karimnagar
SL005846,S005846,D023,2026-10-06,Afternoon,12,2,10,16.67,Available,Karimnagar
SL005847,S005847,D023,2026-10-07,Morning,13,1,12,7.69,Available,Karimnagar
SL005848,S005848,D023,2026-10-08,Morning,20,2,18,10.0,Available,Karimnagar
SL005849,S005849,D023,2026-10-09,Full Day,33,0,33,0.0,Available,Karimnagar
SL005850,S005850,D023,2026-10-10,Afternoon,15,1,14,6.67,Available,Karimnagar
SL005851,S005851,D023,2026-10-11,Morning,26,2,24,7.69,Available,Karimnagar
SL005852,S005852,D023,2026-10-12,Morning,29,1,28,3.45,Available,Karimnagar
SL005853,S005853,D023,2026-10-13,Morning,20,0,20,0.0,Available,Karimnagar
SL005854,S005854,D023,2026-10-14,Afternoon,28,2,26,7.14,Available,Karimnagar
SL005855,S005855,D023,2026-10-15,Afternoon,23,2,21,8.7,Available,Karimnagar
SL005856,S005856,D023,2026-10-16,Afternoon,26,2,24,7.69,Available,Karimnagar
SL005857,S005857,D023,2026-10-19,Full Day,35,1,34,2.86,Available,Karimnagar
SL005858,S005858,D023,2026-10-20,Morning,24,0,24,0.0,Available,Karimnagar
SL005859,S005859,D023,2026-10-22,Afternoon,20,0,20,0.0,Available,Karimnagar
SL005860,S005860,D023,2026-10-23,Full Day,28,2,26,7.14,Available,Karimnagar
SL005861,S005861,D023,2026-10-25,Full Day,48,1,47,2.08,Available,Karimnagar
SL005862,S005862,D023,2026-10-26,Full Day,31,0,31,0.0,Available,Karimnagar
SL005863,S005863,D023,2026-10-27,Full Day,50,0,50,0.0,Available,Karimnagar
SL005864,S005864,D023,2026-10-28,Afternoon,17,0,17,0.0,Available,Karimnagar
SL005865,S005865,D023,2026-10-29,Morning,12,4,8,33.33,Available,Karimnagar
SL005866,S005866,D023,2026-10-30,Morning,18,1,17,5.56,Available,Karimnagar
SL005867,S005867,D023,2026-11-01,Full Day,35,1,34,2.86,Available,Karimnagar
SL005868,S005868,D023,2026-11-02,Morning,29,2,27,6.9,Available,Karimnagar
SL005869,S005869,D023,2026-11-03,Full Day,44,5,39,11.36,Available,Karimnagar
SL005870,S005870,D023,2026-11-04,Afternoon,14,2,12,14.29,Available,Karimnagar
SL005871,S005871,D023,2026-11-05,Morning,30,3,27,10.0,Available,Karimnagar
SL005872,S005872,D023,2026-11-06,Afternoon,29,1,28,3.45,Available,Karimnagar
SL005873,S005873,D023,2026-11-07,Morning,20,1,19,5.0,Available,Karimnagar
SL005874,S005874,D023,2026-11-09,Full Day,50,2,48,4.0,Available,Karimnagar
SL005875,S005875,D023,2026-11-10,Morning,24,2,22,8.33,Available,Karimnagar
SL005876,S005876,D023,2026-11-12,Full Day,46,0,46,0.0,Available,Karimnagar
SL005877,S005877,D023,2026-11-13,Afternoon,30,1,29,3.33,Available,Karimnagar
SL005878,S005878,D023,2026-11-16,Morning,30,5,25,16.67,Available,Karimnagar
SL005879,S005879,D023,2026-11-17,Afternoon,12,1,11,8.33,Available,Karimnagar
SL005880,S005880,D023,2026-11-18,Afternoon,17,1,16,5.88,Available,Karimnagar
SL005881,S005881,D023,2026-11-19,Afternoon,28,1,27,3.57,Available,Karimnagar
SL005882,S005882,D023,2026-11-20,Full Day,45,1,44,2.22,Available,Karimnagar
SL005883,S005883,D023,2026-11-21,Morning,15,2,13,13.33,Available,Karimnagar
SL005884,S005884,D023,2026-11-24,Afternoon,18,2,16,11.11,Available,Karimnagar
SL005885,S005885,D023,2026-11-25,Morning,13,1,12,7.69,Available,Karimnagar
SL005886,S005886,D023,2026-11-26,Morning,12,0,12,0.0,Available,Karimnagar
SL005887,S005887,D023,2026-11-27,Morning,27,2,25,7.41,Available,Karimnagar
SL005888,S005888,D023,2026-11-28,Afternoon,25,2,23,8.0,Available,Karimnagar
SL005889,S005889,D023,2026-11-30,Afternoon,24,1,23,4.17,Available,Karimnagar
SL005890,S005890,D023,2026-12-01,Morning,23,1,22,4.35,Available,Karimnagar
SL005891,S005891,D023,2026-12-02,Afternoon,26,1,25,3.85,Available,Karimnagar
SL005892,S005892,D023,2026-12-03,Morning,30,3,27,10.0,Available,Karimnagar
SL005893,S005893,D023,2026-12-07,Morning,22,2,20,9.09,Available,Karimnagar
SL005894,S005894,D023,2026-12-08,Morning,29,0,29,0.0,Available,Karimnagar
SL005895,S005895,D023,2026-12-09,Morning,23,1,22,4.35,Available,Karimnagar
SL005896,S005896,D023,2026-12-10,Full Day,29,6,23,20.69,Available,Karimnagar
SL005897,S005897,D023,2026-12-11,Afternoon,13,0,13,0.0,Available,Karimnagar
SL005898,S005898,D023,2026-12-14,Afternoon,12,2,10,16.67,Available,Karimnagar
SL005899,S005899,D023,2026-12-15,Full Day,35,2,33,5.71,Available,Karimnagar
SL005900,S005900,D023,2026-12-16,Afternoon,23,0,23,0.0,Available,Karimnagar
SL005901,S005901,D023,2026-12-18,Afternoon,18,0,18,0.0,Available,Karimnagar
SL005902,S005902,D023,2026-12-20,Morning,19,2,17,10.53,Available,Karimnagar
SL005903,S005903,D023,2026-12-21,Afternoon,18,1,17,5.56,Available,Karimnagar
SL005904,S005904,D023,2026-12-22,Afternoon,17,0,17,0.0,Available,Karimnagar
SL005905,S005905,D023,2026-12-23,Full Day,27,3,24,11.11,Available,Karimnagar
SL005906,S005906,D023,2026-12-24,Morning,30,0,30,0.0,Available,Karimnagar
SL005907,S005907,D023,2026-12-25,Morning,21,3,18,14.29,Available,Karimnagar
SL005908,S005908,D023,2026-12-28,Morning,17,2,15,11.76,Available,Karimnagar
SL005909,S005909,D023,2026-12-29,Full Day,31,0,31,0.0,Available,Karimnagar
SL005910,S005910,D023,2026-12-30,Full Day,46,0,46,0.0,Available,Karimnagar
SL005911,S005911,D023,2026-12-31,Afternoon,21,0,21,0.0,Available,Karimnagar
SL005912,S005912,D024,2026-01-01,Afternoon,22,2,20,9.09,Available,Hanamkonda
SL005913,S005913,D024,2026-01-02,Full Day,40,0,40,0.0,Available,Hanamkonda
SL005914,S005914,D024,2026-01-04,Morning,14,1,13,7.14,Available,Hanamkonda
SL005915,S005915,D024,2026-01-05,Full Day,40,0,40,0.0,Available,Hanamkonda
SL005916,S005916,D024,2026-01-06,Full Day,39,1,38,2.56,Available,Hanamkonda
SL005917,S005917,D024,2026-01-07,Morning,29,0,29,0.0,Available,Hanamkonda
SL005918,S005918,D024,2026-01-08,Full Day,49,3,46,6.12,Available,Hanamkonda
SL005919,S005919,D024,2026-01-09,Full Day,47,2,45,4.26,Available,Hanamkonda
SL005920,S005920,D024,2026-01-10,Morning,30,2,28,6.67,Available,Hanamkonda
SL005921,S005921,D024,2026-01-12,Full Day,37,0,37,0.0,Available,Hanamkonda
SL005922,S005922,D024,2026-01-13,Morning,22,3,19,13.64,Available,Hanamkonda
SL005923,S005923,D024,2026-01-14,Afternoon,21,2,19,9.52,Available,Hanamkonda
SL005924,S005924,D024,2026-01-15,Morning,22,3,19,13.64,Available,Hanamkonda
SL005925,S005925,D024,2026-01-20,Afternoon,29,0,29,0.0,Available,Hanamkonda
SL005926,S005926,D024,2026-01-22,Full Day,38,2,36,5.26,Available,Hanamkonda
SL005927,S005927,D024,2026-01-23,Morning,15,2,13,13.33,Available,Hanamkonda
SL005928,S005928,D024,2026-01-24,Morning,16,1,15,6.25,Available,Hanamkonda
SL005929,S005929,D024,2026-01-26,Morning,14,0,14,0.0,Available,Hanamkonda
SL005930,S005930,D024,2026-01-27,Morning,26,2,24,7.69,Available,Hanamkonda
SL005931,S005931,D024,2026-01-28,Afternoon,12,3,9,25.0,Available,Hanamkonda
SL005932,S005932,D024,2026-01-29,Afternoon,30,0,30,0.0,Available,Hanamkonda
SL005933,S005933,D024,2026-01-30,Afternoon,29,2,27,6.9,Available,Hanamkonda
SL005934,S005934,D024,2026-01-31,Afternoon,12,1,11,8.33,Available,Hanamkonda
SL005935,S005935,D024,2026-02-02,Morning,28,2,26,7.14,Available,Hanamkonda
SL005936,S005936,D024,2026-02-03,Full Day,49,1,48,2.04,Available,Hanamkonda
SL005937,S005937,D024,2026-02-04,Full Day,46,0,46,0.0,Available,Hanamkonda
SL005938,S005938,D024,2026-02-05,Morning,22,0,22,0.0,Available,Hanamkonda
SL005939,S005939,D024,2026-02-06,Full Day,46,1,45,2.17,Available,Hanamkonda
SL005940,S005940,D024,2026-02-09,Morning,14,1,13,7.14,Available,Hanamkonda
SL005941,S005941,D024,2026-02-10,Afternoon,24,1,23,4.17,Available,Hanamkonda
SL005942,S005942,D024,2026-02-11,Morning,27,2,25,7.41,Available,Hanamkonda
SL005943,S005943,D024,2026-02-12,Afternoon,21,0,21,0.0,Available,Hanamkonda
SL005944,S005944,D024,2026-02-13,Full Day,26,2,24,7.69,Available,Hanamkonda
SL005945,S005945,D024,2026-02-16,Morning,17,1,16,5.88,Available,Hanamkonda
SL005946,S005946,D024,2026-02-17,Afternoon,12,0,12,0.0,Available,Hanamkonda
SL005947,S005947,D024,2026-02-18,Full Day,40,2,38,5.0,Available,Hanamkonda
SL005948,S005948,D024,2026-02-19,Morning,21,5,16,23.81,Available,Hanamkonda
SL005949,S005949,D024,2026-02-21,Morning,28,1,27,3.57,Available,Hanamkonda
SL005950,S005950,D024,2026-02-23,Afternoon,18,3,15,16.67,Available,Hanamkonda
SL005951,S005951,D024,2026-02-24,Full Day,47,0,47,0.0,Available,Hanamkonda
SL005952,S005952,D024,2026-02-25,Full Day,44,4,40,9.09,Available,Hanamkonda
SL005953,S005953,D024,2026-02-26,Afternoon,23,1,22,4.35,Available,Hanamkonda
SL005954,S005954,D024,2026-02-27,Afternoon,23,3,20,13.04,Available,Hanamkonda
SL005955,S005955,D024,2026-03-01,Afternoon,15,1,14,6.67,Available,Hanamkonda
SL005956,S005956,D024,2026-03-02,Afternoon,18,0,18,0.0,Available,Hanamkonda
SL005957,S005957,D024,2026-03-03,Morning,21,1,20,4.76,Available,Hanamkonda
SL005958,S005958,D024,2026-03-04,Full Day,37,0,37,0.0,Available,Hanamkonda
SL005959,S005959,D024,2026-03-05,Full Day,27,0,27,0.0,Available,Hanamkonda
SL005960,S005960,D024,2026-03-07,Afternoon,13,2,11,15.38,Available,Hanamkonda
SL005961,S005961,D024,2026-03-09,Full Day,43,0,43,0.0,Available,Hanamkonda
SL005962,S005962,D024,2026-03-10,Morning,28,2,26,7.14,Available,Hanamkonda
SL005963,S005963,D024,2026-03-11,Morning,22,2,20,9.09,Available,Hanamkonda
SL005964,S005964,D024,2026-03-13,Afternoon,21,0,21,0.0,Available,Hanamkonda
SL005965,S005965,D024,2026-03-16,Afternoon,15,0,15,0.0,Available,Hanamkonda
SL005966,S005966,D024,2026-03-17,Afternoon,15,0,15,0.0,Available,Hanamkonda
SL005967,S005967,D024,2026-03-19,Full Day,26,2,24,7.69,Available,Hanamkonda
SL005968,S005968,D024,2026-03-20,Morning,16,0,16,0.0,Available,Hanamkonda
SL005969,S005969,D024,2026-03-21,Morning,25,2,23,8.0,Available,Hanamkonda
SL005970,S005970,D024,2026-03-23,Afternoon,21,1,20,4.76,Available,Hanamkonda
SL005971,S005971,D024,2026-03-24,Afternoon,23,1,22,4.35,Available,Hanamkonda
SL005972,S005972,D024,2026-03-27,Morning,29,2,27,6.9,Available,Hanamkonda
SL005973,S005973,D024,2026-03-28,Morning,18,1,17,5.56,Available,Hanamkonda
SL005974,S005974,D024,2026-03-30,Full Day,43,1,42,2.33,Available,Hanamkonda
SL005975,S005975,D024,2026-04-01,Afternoon,26,3,23,11.54,Available,Hanamkonda
SL005976,S005976,D024,2026-04-02,Full Day,34,1,33,2.94,Available,Hanamkonda
SL005977,S005977,D024,2026-04-03,Full Day,28,1,27,3.57,Available,Hanamkonda
SL005978,S005978,D024,2026-04-06,Full Day,38,2,36,5.26,Available,Hanamkonda
SL005979,S005979,D024,2026-04-07,Morning,17,1,16,5.88,Available,Hanamkonda
SL005980,S005980,D024,2026-04-08,Afternoon,15,2,13,13.33,Available,Hanamkonda
SL005981,S005981,D024,2026-04-09,Morning,20,1,19,5.0,Available,Hanamkonda
SL005982,S005982,D024,2026-04-10,Afternoon,23,0,23,0.0,Available,Hanamkonda
SL005983,S005983,D024,2026-04-12,Full Day,38,1,37,2.63,Available,Hanamkonda
SL005984,S005984,D024,2026-04-14,Morning,16,2,14,12.5,Available,Hanamkonda
SL005985,S005985,D024,2026-04-15,Morning,22,1,21,4.55,Available,Hanamkonda
SL005986,S005986,D024,2026-04-16,Afternoon,26,2,24,7.69,Available,Hanamkonda
SL005987,S005987,D024,2026-04-17,Morning,26,3,23,11.54,Available,Hanamkonda
SL005988,S005988,D024,2026-04-19,Afternoon,23,1,22,4.35,Available,Hanamkonda
SL005989,S005989,D024,2026-04-20,Full Day,48,2,46,4.17,Available,Hanamkonda
SL005990,S005990,D024,2026-04-23,Afternoon,15,1,14,6.67,Available,Hanamkonda
SL005991,S005991,D024,2026-04-24,Afternoon,12,0,12,0.0,Available,Hanamkonda
SL005992,S005992,D024,2026-04-25,Morning,18,2,16,11.11,Available,Hanamkonda
SL005993,S005993,D024,2026-04-26,Afternoon,27,0,27,0.0,Available,Hanamkonda
SL005994,S005994,D024,2026-04-27,Afternoon,27,0,27,0.0,Available,Hanamkonda
SL005995,S005995,D024,2026-04-28,Morning,20,1,19,5.0,Available,Hanamkonda
SL005996,S005996,D024,2026-04-29,Afternoon,23,1,22,4.35,Available,Hanamkonda
SL005997,S005997,D024,2026-04-30,Full Day,43,2,41,4.65,Available,Hanamkonda
SL005998,S005998,D024,2026-05-01,Afternoon,30,4,26,13.33,Available,Hanamkonda
SL005999,S005999,D024,2026-05-05,Full Day,27,0,27,0.0,Available,Hanamkonda
SL006000,S006000,D024,2026-05-06,Afternoon,16,3,13,18.75,Available,Hanamkonda
SL006001,S006001,D024,2026-05-07,Morning,23,1,22,4.35,Available,Hanamkonda
SL006002,S006002,D024,2026-05-08,Full Day,39,1,38,2.56,Available,Hanamkonda
SL006003,S006003,D024,2026-05-11,Full Day,45,1,44,2.22,Available,Hanamkonda
SL006004,S006004,D024,2026-05-12,Full Day,37,1,36,2.7,Available,Hanamkonda
SL006005,S006005,D024,2026-05-13,Full Day,42,1,41,2.38,Available,Hanamkonda
SL006006,S006006,D024,2026-05-15,Afternoon,13,1,12,7.69,Available,Hanamkonda
SL006007,S006007,D024,2026-05-18,Morning,24,1,23,4.17,Available,Hanamkonda
SL006008,S006008,D024,2026-05-20,Full Day,36,2,34,5.56,Available,Hanamkonda
SL006009,S006009,D024,2026-05-21,Morning,30,1,29,3.33,Available,Hanamkonda
SL006010,S006010,D024,2026-05-22,Morning,28,4,24,14.29,Available,Hanamkonda
SL006011,S006011,D024,2026-05-25,Morning,28,2,26,7.14,Available,Hanamkonda
SL006012,S006012,D024,2026-05-26,Afternoon,14,1,13,7.14,Available,Hanamkonda
SL006013,S006013,D024,2026-05-27,Afternoon,23,1,22,4.35,Available,Hanamkonda
SL006014,S006014,D024,2026-05-28,Full Day,26,0,26,0.0,Available,Hanamkonda
SL006015,S006015,D024,2026-06-01,Morning,30,0,30,0.0,Available,Hanamkonda
SL006016,S006016,D024,2026-06-02,Morning,12,2,10,16.67,Available,Hanamkonda
SL006017,S006017,D024,2026-06-03,Full Day,32,2,30,6.25,Available,Hanamkonda
SL006018,S006018,D024,2026-06-04,Full Day,40,1,39,2.5,Available,Hanamkonda
SL006019,S006019,D024,2026-06-05,Afternoon,26,1,25,3.85,Available,Hanamkonda
SL006020,S006020,D024,2026-06-07,Afternoon,12,6,6,50.0,Available,Hanamkonda
SL006021,S006021,D024,2026-06-08,Afternoon,29,1,28,3.45,Available,Hanamkonda
SL006022,S006022,D024,2026-06-09,Full Day,47,0,47,0.0,Available,Hanamkonda
SL006023,S006023,D024,2026-06-10,Afternoon,23,1,22,4.35,Available,Hanamkonda
SL006024,S006024,D024,2026-06-11,Morning,27,1,26,3.7,Available,Hanamkonda
SL006025,S006025,D024,2026-06-12,Morning,18,2,16,11.11,Available,Hanamkonda
SL006026,S006026,D024,2026-06-16,Morning,25,0,25,0.0,Available,Hanamkonda
SL006027,S006027,D024,2026-06-17,Afternoon,21,2,19,9.52,Available,Hanamkonda
SL006028,S006028,D024,2026-06-18,Afternoon,17,0,17,0.0,Available,Hanamkonda
SL006029,S006029,D024,2026-06-19,Afternoon,19,3,16,15.79,Available,Hanamkonda
SL006030,S006030,D024,2026-06-22,Morning,30,0,30,0.0,Available,Hanamkonda
SL006031,S006031,D024,2026-06-23,Afternoon,17,1,16,5.88,Available,Hanamkonda
SL006032,S006032,D024,2026-06-24,Afternoon,12,5,7,41.67,Available,Hanamkonda
SL006033,S006033,D024,2026-06-25,Afternoon,17,0,17,0.0,Available,Hanamkonda
SL006034,S006034,D024,2026-06-26,Morning,19,2,17,10.53,Available,Hanamkonda
SL006035,S006035,D024,2026-06-28,Full Day,39,4,35,10.26,Available,Hanamkonda
SL006036,S006036,D024,2026-06-29,Morning,25,1,24,4.0,Available,Hanamkonda
SL006037,S006037,D024,2026-07-02,Full Day,50,1,49,2.0,Available,Hanamkonda
SL006038,S006038,D024,2026-07-03,Morning,28,0,28,0.0,Available,Hanamkonda
SL006039,S006039,D024,2026-07-06,Afternoon,17,3,14,17.65,Available,Hanamkonda
SL006040,S006040,D024,2026-07-07,Morning,30,3,27,10.0,Available,Hanamkonda
SL006041,S006041,D024,2026-07-09,Morning,17,4,13,23.53,Available,Hanamkonda
SL006042,S006042,D024,2026-07-12,Morning,25,0,25,0.0,Available,Hanamkonda
SL006043,S006043,D024,2026-07-13,Morning,26,2,24,7.69,Available,Hanamkonda
SL006044,S006044,D024,2026-07-14,Full Day,28,1,27,3.57,Available,Hanamkonda
SL006045,S006045,D024,2026-07-15,Afternoon,27,1,26,3.7,Available,Hanamkonda
SL006046,S006046,D024,2026-07-16,Full Day,32,0,32,0.0,Available,Hanamkonda
SL006047,S006047,D024,2026-07-17,Morning,25,2,23,8.0,Available,Hanamkonda
SL006048,S006048,D024,2026-07-20,Morning,17,2,15,11.76,Available,Hanamkonda
SL006049,S006049,D024,2026-07-21,Full Day,33,2,31,6.06,Available,Hanamkonda
SL006050,S006050,D024,2026-07-22,Full Day,40,2,38,5.0,Available,Hanamkonda
SL006051,S006051,D024,2026-07-23,Full Day,35,0,35,0.0,Available,Hanamkonda
SL006052,S006052,D024,2026-07-24,Morning,18,1,17,5.56,Available,Hanamkonda
SL006053,S006053,D024,2026-07-26,Morning,27,2,25,7.41,Available,Hanamkonda
SL006054,S006054,D024,2026-07-28,Morning,12,1,11,8.33,Available,Hanamkonda
SL006055,S006055,D024,2026-07-29,Full Day,47,2,45,4.26,Available,Hanamkonda
SL006056,S006056,D024,2026-07-30,Afternoon,26,2,24,7.69,Available,Hanamkonda
SL006057,S006057,D024,2026-07-31,Morning,14,2,12,14.29,Available,Hanamkonda
SL006058,S006058,D024,2026-08-02,Morning,22,1,21,4.55,Available,Hanamkonda
SL006059,S006059,D024,2026-08-03,Afternoon,25,1,24,4.0,Available,Hanamkonda
SL006060,S006060,D024,2026-08-04,Morning,28,3,25,10.71,Available,Hanamkonda
SL006061,S006061,D024,2026-08-05,Full Day,30,2,28,6.67,Available,Hanamkonda
SL006062,S006062,D024,2026-08-06,Morning,16,0,16,0.0,Available,Hanamkonda
SL006063,S006063,D024,2026-08-07,Afternoon,19,0,19,0.0,Available,Hanamkonda
SL006064,S006064,D024,2026-08-10,Morning,26,1,25,3.85,Available,Hanamkonda
SL006065,S006065,D024,2026-08-11,Afternoon,17,1,16,5.88,Available,Hanamkonda
SL006066,S006066,D024,2026-08-12,Full Day,32,3,29,9.38,Available,Hanamkonda
SL006067,S006067,D024,2026-08-14,Afternoon,26,0,26,0.0,Available,Hanamkonda
SL006068,S006068,D024,2026-08-16,Morning,16,1,15,6.25,Available,Hanamkonda
SL006069,S006069,D024,2026-08-18,Full Day,41,2,39,4.88,Available,Hanamkonda
SL006070,S006070,D024,2026-08-19,Morning,18,0,18,0.0,Available,Hanamkonda
SL006071,S006071,D024,2026-08-20,Afternoon,30,1,29,3.33,Available,Hanamkonda
SL006072,S006072,D024,2026-08-21,Morning,22,0,22,0.0,Available,Hanamkonda
SL006073,S006073,D024,2026-08-22,Afternoon,28,1,27,3.57,Available,Hanamkonda
SL006074,S006074,D024,2026-08-24,Full Day,41,0,41,0.0,Available,Hanamkonda
SL006075,S006075,D024,2026-08-26,Full Day,50,0,50,0.0,Available,Hanamkonda
SL006076,S006076,D024,2026-08-27,Afternoon,20,2,18,10.0,Available,Hanamkonda
SL006077,S006077,D024,2026-08-28,Afternoon,15,0,15,0.0,Available,Hanamkonda
SL006078,S006078,D024,2026-09-01,Morning,30,1,29,3.33,Available,Hanamkonda
SL006079,S006079,D024,2026-09-02,Afternoon,23,4,19,17.39,Available,Hanamkonda
SL006080,S006080,D024,2026-09-03,Morning,12,4,8,33.33,Available,Hanamkonda
SL006081,S006081,D024,2026-09-04,Morning,16,1,15,6.25,Available,Hanamkonda
SL006082,S006082,D024,2026-09-07,Morning,29,0,29,0.0,Available,Hanamkonda
SL006083,S006083,D024,2026-09-08,Morning,21,1,20,4.76,Available,Hanamkonda
SL006084,S006084,D024,2026-09-09,Full Day,34,1,33,2.94,Available,Hanamkonda
SL006085,S006085,D024,2026-09-10,Afternoon,25,0,25,0.0,Available,Hanamkonda
SL006086,S006086,D024,2026-09-11,Morning,19,2,17,10.53,Available,Hanamkonda
SL006087,S006087,D024,2026-09-12,Morning,18,0,18,0.0,Available,Hanamkonda
SL006088,S006088,D024,2026-09-14,Full Day,42,1,41,2.38,Available,Hanamkonda
SL006089,S006089,D024,2026-09-16,Morning,14,0,14,0.0,Available,Hanamkonda
SL006090,S006090,D024,2026-09-17,Morning,14,2,12,14.29,Available,Hanamkonda
SL006091,S006091,D024,2026-09-18,Afternoon,29,3,26,10.34,Available,Hanamkonda
SL006092,S006092,D024,2026-09-19,Afternoon,14,2,12,14.29,Available,Hanamkonda
SL006093,S006093,D024,2026-09-20,Afternoon,19,0,19,0.0,Available,Hanamkonda
SL006094,S006094,D024,2026-09-21,Morning,30,2,28,6.67,Available,Hanamkonda
SL006095,S006095,D024,2026-09-23,Morning,23,2,21,8.7,Available,Hanamkonda
SL006096,S006096,D024,2026-09-24,Afternoon,19,2,17,10.53,Available,Hanamkonda
SL006097,S006097,D024,2026-09-25,Afternoon,16,1,15,6.25,Available,Hanamkonda
SL006098,S006098,D024,2026-09-27,Afternoon,15,3,12,20.0,Available,Hanamkonda
SL006099,S006099,D024,2026-09-28,Full Day,39,0,39,0.0,Available,Hanamkonda
SL006100,S006100,D024,2026-09-29,Morning,18,3,15,16.67,Available,Hanamkonda
SL006101,S006101,D024,2026-09-30,Afternoon,28,2,26,7.14,Available,Hanamkonda
SL006102,S006102,D024,2026-10-01,Afternoon,23,0,23,0.0,Available,Hanamkonda
SL006103,S006103,D024,2026-10-05,Full Day,30,4,26,13.33,Available,Hanamkonda
SL006104,S006104,D024,2026-10-06,Afternoon,21,4,17,19.05,Available,Hanamkonda
SL006105,S006105,D024,2026-10-07,Full Day,48,2,46,4.17,Available,Hanamkonda
SL006106,S006106,D024,2026-10-08,Afternoon,20,1,19,5.0,Available,Hanamkonda
SL006107,S006107,D024,2026-10-09,Morning,20,3,17,15.0,Available,Hanamkonda
SL006108,S006108,D024,2026-10-10,Afternoon,17,0,17,0.0,Available,Hanamkonda
SL006109,S006109,D024,2026-10-11,Afternoon,18,1,17,5.56,Available,Hanamkonda
SL006110,S006110,D024,2026-10-12,Afternoon,16,0,16,0.0,Available,Hanamkonda
SL006111,S006111,D024,2026-10-13,Morning,25,0,25,0.0,Available,Hanamkonda
SL006112,S006112,D024,2026-10-14,Morning,15,1,14,6.67,Available,Hanamkonda
SL006113,S006113,D024,2026-10-15,Morning,15,1,14,6.67,Available,Hanamkonda
SL006114,S006114,D024,2026-10-16,Afternoon,29,0,29,0.0,Available,Hanamkonda
SL006115,S006115,D024,2026-10-17,Afternoon,16,0,16,0.0,Available,Hanamkonda
SL006116,S006116,D024,2026-10-20,Morning,17,2,15,11.76,Available,Hanamkonda
SL006117,S006117,D024,2026-10-21,Morning,20,3,17,15.0,Available,Hanamkonda
SL006118,S006118,D024,2026-10-22,Morning,15,1,14,6.67,Available,Hanamkonda
SL006119,S006119,D024,2026-10-25,Afternoon,29,0,29,0.0,Available,Hanamkonda
SL006120,S006120,D024,2026-10-26,Afternoon,24,0,24,0.0,Available,Hanamkonda
SL006121,S006121,D024,2026-10-27,Afternoon,23,2,21,8.7,Available,Hanamkonda
SL006122,S006122,D024,2026-10-28,Full Day,45,1,44,2.22,Available,Hanamkonda
SL006123,S006123,D024,2026-10-29,Morning,28,2,26,7.14,Available,Hanamkonda
SL006124,S006124,D024,2026-10-30,Afternoon,19,1,18,5.26,Available,Hanamkonda
SL006125,S006125,D024,2026-11-01,Morning,20,3,17,15.0,Available,Hanamkonda
SL006126,S006126,D024,2026-11-02,Full Day,35,0,35,0.0,Available,Hanamkonda
SL006127,S006127,D024,2026-11-03,Full Day,49,2,47,4.08,Available,Hanamkonda
SL006128,S006128,D024,2026-11-04,Afternoon,14,0,14,0.0,Available,Hanamkonda
SL006129,S006129,D024,2026-11-05,Afternoon,24,0,24,0.0,Available,Hanamkonda
SL006130,S006130,D024,2026-11-06,Afternoon,13,1,12,7.69,Available,Hanamkonda
SL006131,S006131,D024,2026-11-09,Afternoon,16,0,16,0.0,Available,Hanamkonda
SL006132,S006132,D024,2026-11-10,Full Day,39,1,38,2.56,Available,Hanamkonda
SL006133,S006133,D024,2026-11-12,Afternoon,17,2,15,11.76,Available,Hanamkonda
SL006134,S006134,D024,2026-11-13,Afternoon,25,2,23,8.0,Available,Hanamkonda
SL006135,S006135,D024,2026-11-14,Full Day,35,0,35,0.0,Available,Hanamkonda
SL006136,S006136,D024,2026-11-16,Full Day,45,2,43,4.44,Available,Hanamkonda
SL006137,S006137,D024,2026-11-17,Full Day,27,2,25,7.41,Available,Hanamkonda
SL006138,S006138,D024,2026-11-18,Morning,22,0,22,0.0,Available,Hanamkonda
SL006139,S006139,D024,2026-11-19,Afternoon,29,1,28,3.45,Available,Hanamkonda
SL006140,S006140,D024,2026-11-20,Morning,17,3,14,17.65,Available,Hanamkonda
SL006141,S006141,D024,2026-11-23,Afternoon,29,1,28,3.45,Available,Hanamkonda
SL006142,S006142,D024,2026-11-24,Afternoon,28,1,27,3.57,Available,Hanamkonda
SL006143,S006143,D024,2026-11-25,Afternoon,25,3,22,12.0,Available,Hanamkonda
SL006144,S006144,D024,2026-11-26,Morning,16,0,16,0.0,Available,Hanamkonda
SL006145,S006145,D024,2026-11-27,Afternoon,27,4,23,14.81,Available,Hanamkonda
SL006146,S006146,D024,2026-11-29,Full Day,41,0,41,0.0,Available,Hanamkonda
SL006147,S006147,D024,2026-11-30,Morning,23,2,21,8.7,Available,Hanamkonda
SL006148,S006148,D024,2026-12-01,Afternoon,26,0,26,0.0,Available,Hanamkonda
SL006149,S006149,D024,2026-12-02,Afternoon,26,1,25,3.85,Available,Hanamkonda
SL006150,S006150,D024,2026-12-03,Full Day,27,0,27,0.0,Available,Hanamkonda
SL006151,S006151,D024,2026-12-04,Morning,19,3,16,15.79,Available,Hanamkonda
SL006152,S006152,D024,2026-12-05,Afternoon,24,1,23,4.17,Available,Hanamkonda
SL006153,S006153,D024,2026-12-07,Afternoon,25,0,25,0.0,Available,Hanamkonda
SL006154,S006154,D024,2026-12-08,Morning,28,0,28,0.0,Available,Hanamkonda
SL006155,S006155,D024,2026-12-09,Full Day,27,2,25,7.41,Available,Hanamkonda
SL006156,S006156,D024,2026-12-10,Morning,19,3,16,15.79,Available,Hanamkonda
SL006157,S006157,D024,2026-12-11,Afternoon,22,2,20,9.09,Available,Hanamkonda
SL006158,S006158,D024,2026-12-13,Afternoon,22,0,22,0.0,Available,Hanamkonda
SL006159,S006159,D024,2026-12-14,Morning,20,3,17,15.0,Available,Hanamkonda
SL006160,S006160,D024,2026-12-15,Afternoon,21,1,20,4.76,Available,Hanamkonda
SL006161,S006161,D024,2026-12-16,Morning,16,2,14,12.5,Available,Hanamkonda
SL006162,S006162,D024,2026-12-17,Afternoon,29,0,29,0.0,Available,Hanamkonda
SL006163,S006163,D024,2026-12-18,Afternoon,13,0,13,0.0,Available,Hanamkonda
SL006164,S006164,D024,2026-12-19,Morning,25,1,24,4.0,Available,Hanamkonda
SL006165,S006165,D024,2026-12-21,Morning,29,5,24,17.24,Available,Hanamkonda
SL006166,S006166,D024,2026-12-22,Afternoon,20,2,18,10.0,Available,Hanamkonda
SL006167,S006167,D024,2026-12-23,Morning,26,1,25,3.85,Available,Hanamkonda
SL006168,S006168,D024,2026-12-25,Full Day,42,0,42,0.0,Available,Hanamkonda
SL006169,S006169,D024,2026-12-26,Afternoon,19,2,17,10.53,Available,Hanamkonda
SL006170,S006170,D024,2026-12-27,Full Day,30,1,29,3.33,Available,Hanamkonda
SL006171,S006171,D024,2026-12-29,Afternoon,20,2,18,10.0,Available,Hanamkonda
SL006172,S006172,D024,2026-12-31,Afternoon,13,1,12,7.69,Available,Hanamkonda
SL006173,S006173,D025,2026-01-01,Full Day,36,2,34,5.56,Available,Hyderabad
SL006174,S006174,D025,2026-01-02,Morning,17,1,16,5.88,Available,Hyderabad
SL006175,S006175,D025,2026-01-05,Afternoon,20,1,19,5.0,Available,Hyderabad
SL006176,S006176,D025,2026-01-06,Morning,25,2,23,8.0,Available,Hyderabad
SL006177,S006177,D025,2026-01-07,Morning,26,0,26,0.0,Available,Hyderabad
SL006178,S006178,D025,2026-01-08,Morning,24,1,23,4.17,Available,Hyderabad
SL006179,S006179,D025,2026-01-09,Full Day,47,0,47,0.0,Available,Hyderabad
SL006180,S006180,D025,2026-01-14,Morning,28,0,28,0.0,Available,Hyderabad
SL006181,S006181,D025,2026-01-15,Afternoon,14,0,14,0.0,Available,Hyderabad
SL006182,S006182,D025,2026-01-16,Afternoon,14,1,13,7.14,Available,Hyderabad
SL006183,S006183,D025,2026-01-20,Morning,21,0,21,0.0,Available,Hyderabad
SL006184,S006184,D025,2026-01-21,Full Day,47,1,46,2.13,Available,Hyderabad
SL006185,S006185,D025,2026-01-22,Full Day,50,2,48,4.0,Available,Hyderabad
SL006186,S006186,D025,2026-01-23,Afternoon,26,1,25,3.85,Available,Hyderabad
SL006187,S006187,D025,2026-01-26,Full Day,44,1,43,2.27,Available,Hyderabad
SL006188,S006188,D025,2026-01-27,Full Day,42,0,42,0.0,Available,Hyderabad
SL006189,S006189,D025,2026-01-28,Afternoon,26,1,25,3.85,Available,Hyderabad
SL006190,S006190,D025,2026-01-29,Morning,22,0,22,0.0,Available,Hyderabad
SL006191,S006191,D025,2026-01-30,Afternoon,27,3,24,11.11,Available,Hyderabad
SL006192,S006192,D025,2026-02-02,Full Day,35,1,34,2.86,Available,Hyderabad
SL006193,S006193,D025,2026-02-03,Afternoon,20,0,20,0.0,Available,Hyderabad
SL006194,S006194,D025,2026-02-04,Full Day,32,1,31,3.12,Available,Hyderabad
SL006195,S006195,D025,2026-02-06,Afternoon,20,0,20,0.0,Available,Hyderabad
SL006196,S006196,D025,2026-02-08,Full Day,31,2,29,6.45,Available,Hyderabad
SL006197,S006197,D025,2026-02-11,Afternoon,28,1,27,3.57,Available,Hyderabad
SL006198,S006198,D025,2026-02-12,Full Day,45,3,42,6.67,Available,Hyderabad
SL006199,S006199,D025,2026-02-13,Afternoon,21,1,20,4.76,Available,Hyderabad
SL006200,S006200,D025,2026-02-14,Morning,26,1,25,3.85,Available,Hyderabad
SL006201,S006201,D025,2026-02-16,Afternoon,26,2,24,7.69,Available,Hyderabad
SL006202,S006202,D025,2026-02-17,Full Day,35,0,35,0.0,Available,Hyderabad
SL006203,S006203,D025,2026-02-18,Full Day,47,2,45,4.26,Available,Hyderabad
SL006204,S006204,D025,2026-02-19,Morning,27,0,27,0.0,Available,Hyderabad
SL006205,S006205,D025,2026-02-20,Morning,14,1,13,7.14,Available,Hyderabad
SL006206,S006206,D025,2026-02-23,Full Day,48,2,46,4.17,Available,Hyderabad
SL006207,S006207,D025,2026-02-24,Afternoon,16,0,16,0.0,Available,Hyderabad
SL006208,S006208,D025,2026-02-25,Morning,15,1,14,6.67,Available,Hyderabad
SL006209,S006209,D025,2026-02-26,Morning,17,1,16,5.88,Available,Hyderabad
SL006210,S006210,D025,2026-02-27,Afternoon,22,0,22,0.0,Available,Hyderabad
SL006211,S006211,D025,2026-03-03,Afternoon,25,0,25,0.0,Available,Hyderabad
SL006212,S006212,D025,2026-03-04,Full Day,47,0,47,0.0,Available,Hyderabad
SL006213,S006213,D025,2026-03-05,Afternoon,27,1,26,3.7,Available,Hyderabad
SL006214,S006214,D025,2026-03-08,Morning,26,0,26,0.0,Available,Hyderabad
SL006215,S006215,D025,2026-03-09,Morning,14,0,14,0.0,Available,Hyderabad
SL006216,S006216,D025,2026-03-10,Full Day,36,2,34,5.56,Available,Hyderabad
SL006217,S006217,D025,2026-03-11,Full Day,47,0,47,0.0,Available,Hyderabad
SL006218,S006218,D025,2026-03-12,Afternoon,17,2,15,11.76,Available,Hyderabad
SL006219,S006219,D025,2026-03-13,Afternoon,19,1,18,5.26,Available,Hyderabad
SL006220,S006220,D025,2026-03-14,Full Day,41,3,38,7.32,Available,Hyderabad
SL006221,S006221,D025,2026-03-15,Full Day,35,0,35,0.0,Available,Hyderabad
SL006222,S006222,D025,2026-03-16,Full Day,49,1,48,2.04,Available,Hyderabad
SL006223,S006223,D025,2026-03-18,Morning,19,4,15,21.05,Available,Hyderabad
SL006224,S006224,D025,2026-03-19,Morning,26,0,26,0.0,Available,Hyderabad
SL006225,S006225,D025,2026-03-20,Full Day,31,0,31,0.0,Available,Hyderabad
SL006226,S006226,D025,2026-03-22,Afternoon,22,0,22,0.0,Available,Hyderabad
SL006227,S006227,D025,2026-03-24,Morning,13,1,12,7.69,Available,Hyderabad
SL006228,S006228,D025,2026-03-25,Afternoon,29,0,29,0.0,Available,Hyderabad
SL006229,S006229,D025,2026-03-27,Full Day,28,1,27,3.57,Available,Hyderabad
SL006230,S006230,D025,2026-03-29,Afternoon,28,1,27,3.57,Available,Hyderabad
SL006231,S006231,D025,2026-03-30,Morning,21,3,18,14.29,Available,Hyderabad
SL006232,S006232,D025,2026-03-31,Afternoon,17,2,15,11.76,Available,Hyderabad
SL006233,S006233,D025,2026-04-01,Afternoon,28,2,26,7.14,Available,Hyderabad
SL006234,S006234,D025,2026-04-02,Afternoon,22,2,20,9.09,Available,Hyderabad
SL006235,S006235,D025,2026-04-03,Afternoon,28,0,28,0.0,Available,Hyderabad
SL006236,S006236,D025,2026-04-05,Morning,29,3,26,10.34,Available,Hyderabad
SL006237,S006237,D025,2026-04-06,Afternoon,25,3,22,12.0,Available,Hyderabad
SL006238,S006238,D025,2026-04-07,Morning,25,0,25,0.0,Available,Hyderabad
SL006239,S006239,D025,2026-04-08,Afternoon,13,2,11,15.38,Available,Hyderabad
SL006240,S006240,D025,2026-04-09,Full Day,36,1,35,2.78,Available,Hyderabad
SL006241,S006241,D025,2026-04-10,Afternoon,14,2,12,14.29,Available,Hyderabad
SL006242,S006242,D025,2026-04-13,Afternoon,19,2,17,10.53,Available,Hyderabad
SL006243,S006243,D025,2026-04-14,Full Day,34,3,31,8.82,Available,Hyderabad
SL006244,S006244,D025,2026-04-15,Afternoon,30,0,30,0.0,Available,Hyderabad
SL006245,S006245,D025,2026-04-17,Afternoon,19,1,18,5.26,Available,Hyderabad
SL006246,S006246,D025,2026-04-19,Afternoon,19,1,18,5.26,Available,Hyderabad
SL006247,S006247,D025,2026-04-20,Full Day,42,1,41,2.38,Available,Hyderabad
SL006248,S006248,D025,2026-04-21,Morning,28,0,28,0.0,Available,Hyderabad
SL006249,S006249,D025,2026-04-22,Afternoon,21,0,21,0.0,Available,Hyderabad
SL006250,S006250,D025,2026-04-23,Afternoon,27,1,26,3.7,Available,Hyderabad
SL006251,S006251,D025,2026-04-24,Afternoon,17,2,15,11.76,Available,Hyderabad
SL006252,S006252,D025,2026-04-25,Afternoon,14,2,12,14.29,Available,Hyderabad
SL006253,S006253,D025,2026-04-27,Afternoon,21,0,21,0.0,Available,Hyderabad
SL006254,S006254,D025,2026-04-29,Morning,19,0,19,0.0,Available,Hyderabad
SL006255,S006255,D025,2026-04-30,Morning,15,1,14,6.67,Available,Hyderabad
SL006256,S006256,D025,2026-05-01,Afternoon,22,1,21,4.55,Available,Hyderabad
SL006257,S006257,D025,2026-05-04,Full Day,28,4,24,14.29,Available,Hyderabad
SL006258,S006258,D025,2026-05-05,Full Day,46,3,43,6.52,Available,Hyderabad
SL006259,S006259,D025,2026-05-06,Morning,29,0,29,0.0,Available,Hyderabad
SL006260,S006260,D025,2026-05-07,Morning,21,2,19,9.52,Available,Hyderabad
SL006261,S006261,D025,2026-05-08,Morning,16,0,16,0.0,Available,Hyderabad
SL006262,S006262,D025,2026-05-11,Afternoon,17,2,15,11.76,Available,Hyderabad
SL006263,S006263,D025,2026-05-12,Afternoon,28,1,27,3.57,Available,Hyderabad
SL006264,S006264,D025,2026-05-13,Morning,24,1,23,4.17,Available,Hyderabad
SL006265,S006265,D025,2026-05-14,Afternoon,23,1,22,4.35,Available,Hyderabad
SL006266,S006266,D025,2026-05-15,Full Day,49,3,46,6.12,Available,Hyderabad
SL006267,S006267,D025,2026-05-19,Afternoon,20,1,19,5.0,Available,Hyderabad
SL006268,S006268,D025,2026-05-20,Afternoon,13,1,12,7.69,Available,Hyderabad
SL006269,S006269,D025,2026-05-22,Full Day,46,2,44,4.35,Available,Hyderabad
SL006270,S006270,D025,2026-05-27,Afternoon,16,2,14,12.5,Available,Hyderabad
SL006271,S006271,D025,2026-05-28,Afternoon,13,0,13,0.0,Available,Hyderabad
SL006272,S006272,D025,2026-05-29,Afternoon,30,0,30,0.0,Available,Hyderabad
SL006273,S006273,D025,2026-05-31,Afternoon,17,2,15,11.76,Available,Hyderabad
SL006274,S006274,D025,2026-06-01,Afternoon,21,1,20,4.76,Available,Hyderabad
SL006275,S006275,D025,2026-06-02,Afternoon,18,2,16,11.11,Available,Hyderabad
SL006276,S006276,D025,2026-06-03,Morning,19,1,18,5.26,Available,Hyderabad
SL006277,S006277,D025,2026-06-04,Morning,17,2,15,11.76,Available,Hyderabad
SL006278,S006278,D025,2026-06-06,Full Day,37,0,37,0.0,Available,Hyderabad
SL006279,S006279,D025,2026-06-09,Full Day,30,1,29,3.33,Available,Hyderabad
SL006280,S006280,D025,2026-06-10,Afternoon,19,1,18,5.26,Available,Hyderabad
SL006281,S006281,D025,2026-06-11,Morning,22,2,20,9.09,Available,Hyderabad
SL006282,S006282,D025,2026-06-12,Full Day,28,2,26,7.14,Available,Hyderabad
SL006283,S006283,D025,2026-06-14,Morning,18,0,18,0.0,Available,Hyderabad
SL006284,S006284,D025,2026-06-15,Afternoon,20,2,18,10.0,Available,Hyderabad
SL006285,S006285,D025,2026-06-16,Afternoon,25,1,24,4.0,Available,Hyderabad
SL006286,S006286,D025,2026-06-17,Afternoon,28,1,27,3.57,Available,Hyderabad
SL006287,S006287,D025,2026-06-18,Morning,17,1,16,5.88,Available,Hyderabad
SL006288,S006288,D025,2026-06-19,Afternoon,25,2,23,8.0,Available,Hyderabad
SL006289,S006289,D025,2026-06-21,Morning,16,1,15,6.25,Available,Hyderabad
SL006290,S006290,D025,2026-06-22,Morning,29,1,28,3.45,Available,Hyderabad
SL006291,S006291,D025,2026-06-23,Morning,24,1,23,4.17,Available,Hyderabad
SL006292,S006292,D025,2026-06-24,Full Day,46,0,46,0.0,Available,Hyderabad
SL006293,S006293,D025,2026-06-25,Morning,25,1,24,4.0,Available,Hyderabad
SL006294,S006294,D025,2026-06-26,Afternoon,16,1,15,6.25,Available,Hyderabad
SL006295,S006295,D025,2026-06-27,Morning,24,2,22,8.33,Available,Hyderabad
SL006296,S006296,D025,2026-06-28,Full Day,26,3,23,11.54,Available,Hyderabad
SL006297,S006297,D025,2026-06-29,Morning,17,1,16,5.88,Available,Hyderabad
SL006298,S006298,D025,2026-06-30,Morning,24,4,20,16.67,Available,Hyderabad
SL006299,S006299,D025,2026-07-02,Full Day,42,1,41,2.38,Available,Hyderabad
SL006300,S006300,D025,2026-07-03,Morning,20,1,19,5.0,Available,Hyderabad
SL006301,S006301,D025,2026-07-06,Full Day,35,0,35,0.0,Available,Hyderabad
SL006302,S006302,D025,2026-07-07,Afternoon,13,0,13,0.0,Available,Hyderabad
SL006303,S006303,D025,2026-07-08,Afternoon,13,2,11,15.38,Available,Hyderabad
SL006304,S006304,D025,2026-07-09,Full Day,43,2,41,4.65,Available,Hyderabad
SL006305,S006305,D025,2026-07-13,Afternoon,30,1,29,3.33,Available,Hyderabad
SL006306,S006306,D025,2026-07-14,Morning,25,3,22,12.0,Available,Hyderabad
SL006307,S006307,D025,2026-07-15,Afternoon,26,0,26,0.0,Available,Hyderabad
SL006308,S006308,D025,2026-07-16,Morning,23,0,23,0.0,Available,Hyderabad
SL006309,S006309,D025,2026-07-18,Morning,20,1,19,5.0,Available,Hyderabad
SL006310,S006310,D025,2026-07-20,Afternoon,25,2,23,8.0,Available,Hyderabad
SL006311,S006311,D025,2026-07-21,Afternoon,14,1,13,7.14,Available,Hyderabad
SL006312,S006312,D025,2026-07-22,Full Day,40,0,40,0.0,Available,Hyderabad
SL006313,S006313,D025,2026-07-23,Full Day,25,1,24,4.0,Available,Hyderabad
SL006314,S006314,D025,2026-07-24,Full Day,25,2,23,8.0,Available,Hyderabad
SL006315,S006315,D025,2026-07-25,Morning,25,3,22,12.0,Available,Hyderabad
SL006316,S006316,D025,2026-07-26,Full Day,27,0,27,0.0,Available,Hyderabad
SL006317,S006317,D025,2026-07-27,Morning,26,3,23,11.54,Available,Hyderabad
SL006318,S006318,D025,2026-07-28,Morning,21,1,20,4.76,Available,Hyderabad
SL006319,S006319,D025,2026-07-30,Morning,16,2,14,12.5,Available,Hyderabad
SL006320,S006320,D025,2026-07-31,Full Day,44,0,44,0.0,Available,Hyderabad
SL006321,S006321,D025,2026-08-02,Full Day,27,4,23,14.81,Available,Hyderabad
SL006322,S006322,D025,2026-08-03,Afternoon,26,0,26,0.0,Available,Hyderabad
SL006323,S006323,D025,2026-08-04,Full Day,44,1,43,2.27,Available,Hyderabad
SL006324,S006324,D025,2026-08-05,Afternoon,28,0,28,0.0,Available,Hyderabad
SL006325,S006325,D025,2026-08-06,Morning,14,1,13,7.14,Available,Hyderabad
SL006326,S006326,D025,2026-08-07,Afternoon,29,0,29,0.0,Available,Hyderabad
SL006327,S006327,D025,2026-08-09,Afternoon,26,1,25,3.85,Available,Hyderabad
SL006328,S006328,D025,2026-08-11,Full Day,49,4,45,8.16,Available,Hyderabad
SL006329,S006329,D025,2026-08-12,Afternoon,27,2,25,7.41,Available,Hyderabad
SL006330,S006330,D025,2026-08-13,Full Day,34,0,34,0.0,Available,Hyderabad
SL006331,S006331,D025,2026-08-14,Full Day,29,0,29,0.0,Available,Hyderabad
SL006332,S006332,D025,2026-08-17,Afternoon,14,5,9,35.71,Available,Hyderabad
SL006333,S006333,D025,2026-08-18,Afternoon,27,3,24,11.11,Available,Hyderabad
SL006334,S006334,D025,2026-08-19,Afternoon,23,0,23,0.0,Available,Hyderabad
SL006335,S006335,D025,2026-08-20,Full Day,27,0,27,0.0,Available,Hyderabad
SL006336,S006336,D025,2026-08-21,Full Day,48,4,44,8.33,Available,Hyderabad
SL006337,S006337,D025,2026-08-23,Full Day,40,1,39,2.5,Available,Hyderabad
SL006338,S006338,D025,2026-08-25,Full Day,49,2,47,4.08,Available,Hyderabad
SL006339,S006339,D025,2026-08-26,Afternoon,20,0,20,0.0,Available,Hyderabad
SL006340,S006340,D025,2026-08-27,Morning,12,1,11,8.33,Available,Hyderabad
SL006341,S006341,D025,2026-08-28,Morning,21,2,19,9.52,Available,Hyderabad
SL006342,S006342,D025,2026-08-31,Morning,22,0,22,0.0,Available,Hyderabad
SL006343,S006343,D025,2026-09-01,Morning,19,3,16,15.79,Available,Hyderabad
SL006344,S006344,D025,2026-09-02,Afternoon,28,0,28,0.0,Available,Hyderabad
SL006345,S006345,D025,2026-09-03,Full Day,31,5,26,16.13,Available,Hyderabad
SL006346,S006346,D025,2026-09-09,Morning,26,1,25,3.85,Available,Hyderabad
SL006347,S006347,D025,2026-09-10,Full Day,30,1,29,3.33,Available,Hyderabad
SL006348,S006348,D025,2026-09-11,Morning,24,0,24,0.0,Available,Hyderabad
SL006349,S006349,D025,2026-09-12,Full Day,45,0,45,0.0,Available,Hyderabad
SL006350,S006350,D025,2026-09-14,Morning,12,3,9,25.0,Available,Hyderabad
SL006351,S006351,D025,2026-09-15,Morning,30,1,29,3.33,Available,Hyderabad
SL006352,S006352,D025,2026-09-16,Afternoon,16,0,16,0.0,Available,Hyderabad
SL006353,S006353,D025,2026-09-17,Afternoon,13,1,12,7.69,Available,Hyderabad
SL006354,S006354,D025,2026-09-18,Full Day,43,3,40,6.98,Available,Hyderabad
SL006355,S006355,D025,2026-09-21,Afternoon,29,3,26,10.34,Available,Hyderabad
SL006356,S006356,D025,2026-09-22,Morning,24,1,23,4.17,Available,Hyderabad
SL006357,S006357,D025,2026-09-25,Afternoon,17,2,15,11.76,Available,Hyderabad
SL006358,S006358,D025,2026-09-28,Afternoon,21,1,20,4.76,Available,Hyderabad
SL006359,S006359,D025,2026-09-29,Full Day,35,2,33,5.71,Available,Hyderabad
SL006360,S006360,D025,2026-09-30,Morning,30,3,27,10.0,Available,Hyderabad
SL006361,S006361,D025,2026-10-01,Full Day,40,3,37,7.5,Available,Hyderabad
SL006362,S006362,D025,2026-10-02,Morning,20,2,18,10.0,Available,Hyderabad
SL006363,S006363,D025,2026-10-05,Full Day,32,2,30,6.25,Available,Hyderabad
SL006364,S006364,D025,2026-10-06,Afternoon,22,1,21,4.55,Available,Hyderabad
SL006365,S006365,D025,2026-10-07,Afternoon,19,1,18,5.26,Available,Hyderabad
SL006366,S006366,D025,2026-10-12,Full Day,40,1,39,2.5,Available,Hyderabad
SL006367,S006367,D025,2026-10-13,Full Day,40,0,40,0.0,Available,Hyderabad
SL006368,S006368,D025,2026-10-14,Morning,29,3,26,10.34,Available,Hyderabad
SL006369,S006369,D025,2026-10-15,Morning,23,1,22,4.35,Available,Hyderabad
SL006370,S006370,D025,2026-10-16,Afternoon,29,1,28,3.45,Available,Hyderabad
SL006371,S006371,D025,2026-10-19,Full Day,49,2,47,4.08,Available,Hyderabad
SL006372,S006372,D025,2026-10-20,Morning,17,2,15,11.76,Available,Hyderabad
SL006373,S006373,D025,2026-10-21,Afternoon,25,0,25,0.0,Available,Hyderabad
SL006374,S006374,D025,2026-10-22,Afternoon,28,2,26,7.14,Available,Hyderabad
SL006375,S006375,D025,2026-10-23,Afternoon,28,2,26,7.14,Available,Hyderabad
SL006376,S006376,D025,2026-10-26,Full Day,47,2,45,4.26,Available,Hyderabad
SL006377,S006377,D025,2026-10-27,Morning,28,2,26,7.14,Available,Hyderabad
SL006378,S006378,D025,2026-10-28,Full Day,41,0,41,0.0,Available,Hyderabad
SL006379,S006379,D025,2026-10-29,Afternoon,24,1,23,4.17,Available,Hyderabad
SL006380,S006380,D025,2026-10-31,Afternoon,26,2,24,7.69,Available,Hyderabad
SL006381,S006381,D025,2026-11-01,Morning,22,2,20,9.09,Available,Hyderabad
SL006382,S006382,D025,2026-11-02,Afternoon,16,3,13,18.75,Available,Hyderabad
SL006383,S006383,D025,2026-11-03,Afternoon,17,1,16,5.88,Available,Hyderabad
SL006384,S006384,D025,2026-11-05,Afternoon,18,0,18,0.0,Available,Hyderabad
SL006385,S006385,D025,2026-11-10,Morning,12,0,12,0.0,Available,Hyderabad
SL006386,S006386,D025,2026-11-11,Afternoon,28,1,27,3.57,Available,Hyderabad
SL006387,S006387,D025,2026-11-12,Full Day,41,0,41,0.0,Available,Hyderabad
SL006388,S006388,D025,2026-11-13,Morning,23,1,22,4.35,Available,Hyderabad
SL006389,S006389,D025,2026-11-15,Morning,18,0,18,0.0,Available,Hyderabad
SL006390,S006390,D025,2026-11-16,Full Day,27,0,27,0.0,Available,Hyderabad
SL006391,S006391,D025,2026-11-17,Afternoon,22,2,20,9.09,Available,Hyderabad
SL006392,S006392,D025,2026-11-18,Morning,22,1,21,4.55,Available,Hyderabad
SL006393,S006393,D025,2026-11-19,Afternoon,21,0,21,0.0,Available,Hyderabad
SL006394,S006394,D025,2026-11-20,Full Day,50,0,50,0.0,Available,Hyderabad
SL006395,S006395,D025,2026-11-21,Afternoon,20,2,18,10.0,Available,Hyderabad
SL006396,S006396,D025,2026-11-22,Afternoon,23,1,22,4.35,Available,Hyderabad
SL006397,S006397,D025,2026-11-23,Morning,24,4,20,16.67,Available,Hyderabad
SL006398,S006398,D025,2026-11-24,Full Day,37,2,35,5.41,Available,Hyderabad
SL006399,S006399,D025,2026-11-25,Afternoon,17,0,17,0.0,Available,Hyderabad
SL006400,S006400,D025,2026-11-27,Full Day,50,0,50,0.0,Available,Hyderabad
SL006401,S006401,D025,2026-11-28,Full Day,34,0,34,0.0,Available,Hyderabad
SL006402,S006402,D025,2026-11-29,Morning,22,4,18,18.18,Available,Hyderabad
SL006403,S006403,D025,2026-11-30,Full Day,38,2,36,5.26,Available,Hyderabad
SL006404,S006404,D025,2026-12-02,Afternoon,12,1,11,8.33,Available,Hyderabad
SL006405,S006405,D025,2026-12-03,Full Day,28,2,26,7.14,Available,Hyderabad
SL006406,S006406,D025,2026-12-04,Full Day,29,2,27,6.9,Available,Hyderabad
SL006407,S006407,D025,2026-12-06,Morning,19,1,18,5.26,Available,Hyderabad
SL006408,S006408,D025,2026-12-07,Morning,17,1,16,5.88,Available,Hyderabad
SL006409,S006409,D025,2026-12-08,Afternoon,12,1,11,8.33,Available,Hyderabad
SL006410,S006410,D025,2026-12-09,Full Day,25,2,23,8.0,Available,Hyderabad
SL006411,S006411,D025,2026-12-10,Afternoon,18,2,16,11.11,Available,Hyderabad
SL006412,S006412,D025,2026-12-11,Full Day,47,3,44,6.38,Available,Hyderabad
SL006413,S006413,D025,2026-12-12,Morning,18,0,18,0.0,Available,Hyderabad
SL006414,S006414,D025,2026-12-14,Morning,27,4,23,14.81,Available,Hyderabad
SL006415,S006415,D025,2026-12-15,Afternoon,21,1,20,4.76,Available,Hyderabad
SL006416,S006416,D025,2026-12-16,Morning,24,2,22,8.33,Available,Hyderabad
SL006417,S006417,D025,2026-12-17,Morning,25,3,22,12.0,Available,Hyderabad
SL006418,S006418,D025,2026-12-18,Full Day,50,2,48,4.0,Available,Hyderabad
SL006419,S006419,D025,2026-12-19,Morning,15,0,15,0.0,Available,Hyderabad
SL006420,S006420,D025,2026-12-20,Afternoon,22,1,21,4.55,Available,Hyderabad
SL006421,S006421,D025,2026-12-22,Full Day,34,3,31,8.82,Available,Hyderabad
SL006422,S006422,D025,2026-12-24,Full Day,25,0,25,0.0,Available,Hyderabad
SL006423,S006423,D025,2026-12-26,Afternoon,12,0,12,0.0,Available,Hyderabad
SL006424,S006424,D025,2026-12-27,Morning,27,0,27,0.0,Available,Hyderabad
SL006425,S006425,D025,2026-12-28,Full Day,35,2,33,5.71,Available,Hyderabad
SL006426,S006426,D025,2026-12-29,Afternoon,23,0,23,0.0,Available,Hyderabad
SL006427,S006427,D025,2026-12-30,Afternoon,12,1,11,8.33,Available,Hyderabad
SL006428,S006428,D026,2026-01-01,Morning,24,1,23,4.17,Available,Warangal
SL006429,S006429,D026,2026-01-09,Afternoon,13,1,12,7.69,Available,Warangal
SL006430,S006430,D026,2026-01-10,Afternoon,24,1,23,4.17,Available,Warangal
SL006431,S006431,D026,2026-01-11,Morning,29,4,25,13.79,Available,Warangal
SL006432,S006432,D026,2026-01-12,Morning,22,1,21,4.55,Available,Warangal
SL006433,S006433,D026,2026-01-13,Morning,24,2,22,8.33,Available,Warangal
SL006434,S006434,D026,2026-01-14,Full Day,50,0,50,0.0,Available,Warangal
SL006435,S006435,D026,2026-01-15,Afternoon,14,3,11,21.43,Available,Warangal
SL006436,S006436,D026,2026-01-16,Full Day,37,0,37,0.0,Available,Warangal
SL006437,S006437,D026,2026-01-20,Afternoon,18,0,18,0.0,Available,Warangal
SL006438,S006438,D026,2026-01-24,Morning,27,2,25,7.41,Available,Warangal
SL006439,S006439,D026,2026-01-25,Morning,27,0,27,0.0,Available,Warangal
SL006440,S006440,D026,2026-01-26,Morning,21,3,18,14.29,Available,Warangal
SL006441,S006441,D026,2026-01-27,Morning,14,0,14,0.0,Available,Warangal
SL006442,S006442,D026,2026-01-28,Afternoon,20,1,19,5.0,Available,Warangal
SL006443,S006443,D026,2026-01-29,Full Day,40,0,40,0.0,Available,Warangal
SL006444,S006444,D026,2026-01-30,Afternoon,27,1,26,3.7,Available,Warangal
SL006445,S006445,D026,2026-02-03,Full Day,26,0,26,0.0,Available,Warangal
SL006446,S006446,D026,2026-02-04,Full Day,47,1,46,2.13,Available,Warangal
SL006447,S006447,D026,2026-02-05,Afternoon,17,2,15,11.76,Available,Warangal
SL006448,S006448,D026,2026-02-06,Full Day,46,2,44,4.35,Available,Warangal
SL006449,S006449,D026,2026-02-09,Full Day,39,2,37,5.13,Available,Warangal
SL006450,S006450,D026,2026-02-10,Morning,28,1,27,3.57,Available,Warangal
SL006451,S006451,D026,2026-02-11,Afternoon,19,2,17,10.53,Available,Warangal
SL006452,S006452,D026,2026-02-12,Morning,12,2,10,16.67,Available,Warangal
SL006453,S006453,D026,2026-02-13,Afternoon,18,0,18,0.0,Available,Warangal
SL006454,S006454,D026,2026-02-15,Afternoon,28,2,26,7.14,Available,Warangal
SL006455,S006455,D026,2026-02-16,Morning,28,2,26,7.14,Available,Warangal
SL006456,S006456,D026,2026-02-18,Afternoon,22,0,22,0.0,Available,Warangal
SL006457,S006457,D026,2026-02-19,Afternoon,16,2,14,12.5,Available,Warangal
SL006458,S006458,D026,2026-02-20,Afternoon,13,2,11,15.38,Available,Warangal
SL006459,S006459,D026,2026-02-21,Morning,24,0,24,0.0,Available,Warangal
SL006460,S006460,D026,2026-02-23,Full Day,28,0,28,0.0,Available,Warangal
SL006461,S006461,D026,2026-02-24,Morning,19,1,18,5.26,Available,Warangal
SL006462,S006462,D026,2026-02-25,Afternoon,12,1,11,8.33,Available,Warangal
SL006463,S006463,D026,2026-02-26,Full Day,39,0,39,0.0,Available,Warangal
SL006464,S006464,D026,2026-02-27,Full Day,29,0,29,0.0,Available,Warangal
SL006465,S006465,D026,2026-03-02,Morning,28,1,27,3.57,Available,Warangal
SL006466,S006466,D026,2026-03-03,Afternoon,24,1,23,4.17,Available,Warangal
SL006467,S006467,D026,2026-03-04,Morning,13,0,13,0.0,Available,Warangal
SL006468,S006468,D026,2026-03-05,Full Day,30,2,28,6.67,Available,Warangal
SL006469,S006469,D026,2026-03-06,Morning,29,4,25,13.79,Available,Warangal
SL006470,S006470,D026,2026-03-10,Afternoon,25,2,23,8.0,Available,Warangal
SL006471,S006471,D026,2026-03-12,Morning,17,3,14,17.65,Available,Warangal
SL006472,S006472,D026,2026-03-14,Morning,19,2,17,10.53,Available,Warangal
SL006473,S006473,D026,2026-03-17,Afternoon,28,0,28,0.0,Available,Warangal
SL006474,S006474,D026,2026-03-18,Morning,22,1,21,4.55,Available,Warangal
SL006475,S006475,D026,2026-03-20,Morning,26,1,25,3.85,Available,Warangal
SL006476,S006476,D026,2026-03-21,Morning,21,0,21,0.0,Available,Warangal
SL006477,S006477,D026,2026-03-23,Morning,13,1,12,7.69,Available,Warangal
SL006478,S006478,D026,2026-03-24,Afternoon,22,2,20,9.09,Available,Warangal
SL006479,S006479,D026,2026-03-25,Full Day,40,0,40,0.0,Available,Warangal
SL006480,S006480,D026,2026-03-26,Afternoon,19,3,16,15.79,Available,Warangal
SL006481,S006481,D026,2026-03-27,Full Day,34,0,34,0.0,Available,Warangal
SL006482,S006482,D026,2026-03-28,Full Day,44,2,42,4.55,Available,Warangal
SL006483,S006483,D026,2026-03-30,Morning,19,0,19,0.0,Available,Warangal
SL006484,S006484,D026,2026-03-31,Full Day,46,1,45,2.17,Available,Warangal
SL006485,S006485,D026,2026-04-01,Morning,30,1,29,3.33,Available,Warangal
SL006486,S006486,D026,2026-04-02,Afternoon,21,0,21,0.0,Available,Warangal
SL006487,S006487,D026,2026-04-04,Morning,23,1,22,4.35,Available,Warangal
SL006488,S006488,D026,2026-04-06,Morning,29,1,28,3.45,Available,Warangal
SL006489,S006489,D026,2026-04-09,Full Day,40,2,38,5.0,Available,Warangal
SL006490,S006490,D026,2026-04-10,Full Day,49,1,48,2.04,Available,Warangal
SL006491,S006491,D026,2026-04-12,Afternoon,27,1,26,3.7,Available,Warangal
SL006492,S006492,D026,2026-04-13,Afternoon,24,2,22,8.33,Available,Warangal
SL006493,S006493,D026,2026-04-14,Morning,12,0,12,0.0,Available,Warangal
SL006494,S006494,D026,2026-04-15,Full Day,42,2,40,4.76,Available,Warangal
SL006495,S006495,D026,2026-04-16,Morning,29,1,28,3.45,Available,Warangal
SL006496,S006496,D026,2026-04-17,Afternoon,25,1,24,4.0,Available,Warangal
SL006497,S006497,D026,2026-04-20,Afternoon,24,2,22,8.33,Available,Warangal
SL006498,S006498,D026,2026-04-21,Afternoon,12,0,12,0.0,Available,Warangal
SL006499,S006499,D026,2026-04-22,Afternoon,30,0,30,0.0,Available,Warangal
SL006500,S006500,D026,2026-04-23,Afternoon,24,0,24,0.0,Available,Warangal
SL006501,S006501,D026,2026-04-24,Afternoon,22,1,21,4.55,Available,Warangal
SL006502,S006502,D026,2026-04-25,Full Day,50,1,49,2.0,Available,Warangal
SL006503,S006503,D026,2026-04-27,Morning,16,1,15,6.25,Available,Warangal
SL006504,S006504,D026,2026-04-28,Afternoon,17,0,17,0.0,Available,Warangal
SL006505,S006505,D026,2026-04-29,Full Day,25,1,24,4.0,Available,Warangal
SL006506,S006506,D026,2026-04-30,Morning,20,0,20,0.0,Available,Warangal
SL006507,S006507,D026,2026-05-01,Afternoon,29,3,26,10.34,Available,Warangal
SL006508,S006508,D026,2026-05-04,Morning,26,1,25,3.85,Available,Warangal
SL006509,S006509,D026,2026-05-05,Morning,23,1,22,4.35,Available,Warangal
SL006510,S006510,D026,2026-05-06,Afternoon,29,4,25,13.79,Available,Warangal
SL006511,S006511,D026,2026-05-08,Morning,24,1,23,4.17,Available,Warangal
SL006512,S006512,D026,2026-05-12,Afternoon,19,2,17,10.53,Available,Warangal
SL006513,S006513,D026,2026-05-13,Morning,17,0,17,0.0,Available,Warangal
SL006514,S006514,D026,2026-05-14,Full Day,33,1,32,3.03,Available,Warangal
SL006515,S006515,D026,2026-05-15,Full Day,45,1,44,2.22,Available,Warangal
SL006516,S006516,D026,2026-05-20,Morning,18,0,18,0.0,Available,Warangal
SL006517,S006517,D026,2026-05-21,Full Day,39,1,38,2.56,Available,Warangal
SL006518,S006518,D026,2026-05-22,Full Day,36,0,36,0.0,Available,Warangal
SL006519,S006519,D026,2026-05-24,Morning,30,0,30,0.0,Available,Warangal
SL006520,S006520,D026,2026-05-25,Full Day,27,2,25,7.41,Available,Warangal
SL006521,S006521,D026,2026-05-26,Afternoon,25,1,24,4.0,Available,Warangal
SL006522,S006522,D026,2026-05-29,Afternoon,27,1,26,3.7,Available,Warangal
SL006523,S006523,D026,2026-06-01,Morning,22,0,22,0.0,Available,Warangal
SL006524,S006524,D026,2026-06-02,Full Day,39,2,37,5.13,Available,Warangal
SL006525,S006525,D026,2026-06-03,Afternoon,27,2,25,7.41,Available,Warangal
SL006526,S006526,D026,2026-06-04,Morning,28,1,27,3.57,Available,Warangal
SL006527,S006527,D026,2026-06-05,Afternoon,26,1,25,3.85,Available,Warangal
SL006528,S006528,D026,2026-06-08,Afternoon,21,2,19,9.52,Available,Warangal
SL006529,S006529,D026,2026-06-09,Afternoon,17,1,16,5.88,Available,Warangal
SL006530,S006530,D026,2026-06-10,Full Day,43,2,41,4.65,Available,Warangal
SL006531,S006531,D026,2026-06-11,Morning,15,3,12,20.0,Available,Warangal
SL006532,S006532,D026,2026-06-12,Afternoon,16,1,15,6.25,Available,Warangal
SL006533,S006533,D026,2026-06-13,Afternoon,22,0,22,0.0,Available,Warangal
SL006534,S006534,D026,2026-06-15,Afternoon,26,1,25,3.85,Available,Warangal
SL006535,S006535,D026,2026-06-16,Morning,18,3,15,16.67,Available,Warangal
SL006536,S006536,D026,2026-06-17,Morning,19,0,19,0.0,Available,Warangal
SL006537,S006537,D026,2026-06-18,Morning,26,0,26,0.0,Available,Warangal
SL006538,S006538,D026,2026-06-19,Afternoon,30,1,29,3.33,Available,Warangal
SL006539,S006539,D026,2026-06-20,Afternoon,16,2,14,12.5,Available,Warangal
SL006540,S006540,D026,2026-06-21,Afternoon,20,1,19,5.0,Available,Warangal
SL006541,S006541,D026,2026-06-22,Afternoon,21,2,19,9.52,Available,Warangal
SL006542,S006542,D026,2026-06-23,Afternoon,29,1,28,3.45,Available,Warangal
SL006543,S006543,D026,2026-06-25,Morning,19,1,18,5.26,Available,Warangal
SL006544,S006544,D026,2026-06-26,Afternoon,14,1,13,7.14,Available,Warangal
SL006545,S006545,D026,2026-06-27,Morning,29,2,27,6.9,Available,Warangal
SL006546,S006546,D026,2026-06-28,Afternoon,12,1,11,8.33,Available,Warangal
SL006547,S006547,D026,2026-06-29,Morning,13,1,12,7.69,Available,Warangal
SL006548,S006548,D026,2026-06-30,Full Day,33,1,32,3.03,Available,Warangal
SL006549,S006549,D026,2026-07-01,Morning,23,2,21,8.7,Available,Warangal
SL006550,S006550,D026,2026-07-02,Morning,12,1,11,8.33,Available,Warangal
SL006551,S006551,D026,2026-07-03,Morning,27,0,27,0.0,Available,Warangal
SL006552,S006552,D026,2026-07-07,Morning,24,1,23,4.17,Available,Warangal
SL006553,S006553,D026,2026-07-08,Full Day,27,1,26,3.7,Available,Warangal
SL006554,S006554,D026,2026-07-09,Morning,25,2,23,8.0,Available,Warangal
SL006555,S006555,D026,2026-07-10,Full Day,30,0,30,0.0,Available,Warangal
SL006556,S006556,D026,2026-07-12,Full Day,36,2,34,5.56,Available,Warangal
SL006557,S006557,D026,2026-07-13,Morning,21,0,21,0.0,Available,Warangal
SL006558,S006558,D026,2026-07-14,Full Day,26,2,24,7.69,Available,Warangal
SL006559,S006559,D026,2026-07-15,Morning,14,0,14,0.0,Available,Warangal
SL006560,S006560,D026,2026-07-16,Afternoon,14,2,12,14.29,Available,Warangal
SL006561,S006561,D026,2026-07-17,Morning,14,0,14,0.0,Available,Warangal
SL006562,S006562,D026,2026-07-20,Afternoon,13,0,13,0.0,Available,Warangal
SL006563,S006563,D026,2026-07-21,Full Day,36,0,36,0.0,Available,Warangal
SL006564,S006564,D026,2026-07-23,Morning,24,3,21,12.5,Available,Warangal
SL006565,S006565,D026,2026-07-24,Afternoon,22,1,21,4.55,Available,Warangal
SL006566,S006566,D026,2026-07-26,Morning,30,2,28,6.67,Available,Warangal
SL006567,S006567,D026,2026-07-28,Morning,14,2,12,14.29,Available,Warangal
SL006568,S006568,D026,2026-07-29,Full Day,25,0,25,0.0,Available,Warangal
SL006569,S006569,D026,2026-07-30,Afternoon,22,1,21,4.55,Available,Warangal
SL006570,S006570,D026,2026-07-31,Morning,16,0,16,0.0,Available,Warangal
SL006571,S006571,D026,2026-08-03,Full Day,46,2,44,4.35,Available,Warangal
SL006572,S006572,D026,2026-08-04,Afternoon,18,1,17,5.56,Available,Warangal
SL006573,S006573,D026,2026-08-06,Afternoon,24,0,24,0.0,Available,Warangal
SL006574,S006574,D026,2026-08-07,Full Day,42,1,41,2.38,Available,Warangal
SL006575,S006575,D026,2026-08-10,Afternoon,14,2,12,14.29,Available,Warangal
SL006576,S006576,D026,2026-08-12,Full Day,29,0,29,0.0,Available,Warangal
SL006577,S006577,D026,2026-08-14,Full Day,42,0,42,0.0,Available,Warangal
SL006578,S006578,D026,2026-08-16,Afternoon,18,0,18,0.0,Available,Warangal
SL006579,S006579,D026,2026-08-17,Full Day,32,2,30,6.25,Available,Warangal
SL006580,S006580,D026,2026-08-18,Full Day,26,2,24,7.69,Available,Warangal
SL006581,S006581,D026,2026-08-19,Full Day,40,0,40,0.0,Available,Warangal
SL006582,S006582,D026,2026-08-20,Afternoon,23,1,22,4.35,Available,Warangal
SL006583,S006583,D026,2026-08-24,Morning,18,2,16,11.11,Available,Warangal
SL006584,S006584,D026,2026-08-25,Full Day,49,2,47,4.08,Available,Warangal
SL006585,S006585,D026,2026-08-26,Full Day,26,1,25,3.85,Available,Warangal
SL006586,S006586,D026,2026-08-27,Morning,16,1,15,6.25,Available,Warangal
SL006587,S006587,D026,2026-08-28,Morning,16,0,16,0.0,Available,Warangal
SL006588,S006588,D026,2026-08-30,Full Day,39,2,37,5.13,Available,Warangal
SL006589,S006589,D026,2026-08-31,Full Day,30,4,26,13.33,Available,Warangal
SL006590,S006590,D026,2026-09-01,Morning,12,2,10,16.67,Available,Warangal
SL006591,S006591,D026,2026-09-02,Afternoon,17,0,17,0.0,Available,Warangal
SL006592,S006592,D026,2026-09-03,Full Day,27,2,25,7.41,Available,Warangal
SL006593,S006593,D026,2026-09-04,Afternoon,17,1,16,5.88,Available,Warangal
SL006594,S006594,D026,2026-09-06,Full Day,35,3,32,8.57,Available,Warangal
SL006595,S006595,D026,2026-09-07,Morning,26,0,26,0.0,Available,Warangal
SL006596,S006596,D026,2026-09-08,Afternoon,17,0,17,0.0,Available,Warangal
SL006597,S006597,D026,2026-09-09,Full Day,50,1,49,2.0,Available,Warangal
SL006598,S006598,D026,2026-09-10,Afternoon,24,0,24,0.0,Available,Warangal
SL006599,S006599,D026,2026-09-11,Morning,22,3,19,13.64,Available,Warangal
SL006600,S006600,D026,2026-09-14,Morning,13,1,12,7.69,Available,Warangal
SL006601,S006601,D026,2026-09-15,Full Day,34,1,33,2.94,Available,Warangal
SL006602,S006602,D026,2026-09-16,Afternoon,17,0,17,0.0,Available,Warangal
SL006603,S006603,D026,2026-09-17,Full Day,41,2,39,4.88,Available,Warangal
SL006604,S006604,D026,2026-09-18,Morning,15,1,14,6.67,Available,Warangal
SL006605,S006605,D026,2026-09-21,Full Day,26,1,25,3.85,Available,Warangal
SL006606,S006606,D026,2026-09-24,Full Day,43,0,43,0.0,Available,Warangal
SL006607,S006607,D026,2026-09-25,Full Day,26,1,25,3.85,Available,Warangal
SL006608,S006608,D026,2026-09-26,Morning,24,0,24,0.0,Available,Warangal
SL006609,S006609,D026,2026-09-27,Afternoon,19,0,19,0.0,Available,Warangal
SL006610,S006610,D026,2026-09-28,Full Day,35,1,34,2.86,Available,Warangal
SL006611,S006611,D026,2026-09-29,Full Day,32,3,29,9.38,Available,Warangal
SL006612,S006612,D026,2026-09-30,Morning,18,0,18,0.0,Available,Warangal
SL006613,S006613,D026,2026-10-01,Afternoon,14,1,13,7.14,Available,Warangal
SL006614,S006614,D026,2026-10-03,Morning,23,0,23,0.0,Available,Warangal
SL006615,S006615,D026,2026-10-05,Morning,20,6,14,30.0,Available,Warangal
SL006616,S006616,D026,2026-10-06,Afternoon,13,1,12,7.69,Available,Warangal
SL006617,S006617,D026,2026-10-07,Full Day,42,1,41,2.38,Available,Warangal
SL006618,S006618,D026,2026-10-08,Afternoon,21,2,19,9.52,Available,Warangal
SL006619,S006619,D026,2026-10-09,Morning,24,0,24,0.0,Available,Warangal
SL006620,S006620,D026,2026-10-12,Full Day,38,2,36,5.26,Available,Warangal
SL006621,S006621,D026,2026-10-13,Afternoon,22,1,21,4.55,Available,Warangal
SL006622,S006622,D026,2026-10-15,Afternoon,29,1,28,3.45,Available,Warangal
SL006623,S006623,D026,2026-10-16,Morning,19,1,18,5.26,Available,Warangal
SL006624,S006624,D026,2026-10-17,Full Day,26,1,25,3.85,Available,Warangal
SL006625,S006625,D026,2026-10-18,Morning,20,0,20,0.0,Available,Warangal
SL006626,S006626,D026,2026-10-19,Morning,17,0,17,0.0,Available,Warangal
SL006627,S006627,D026,2026-10-20,Morning,16,2,14,12.5,Available,Warangal
SL006628,S006628,D026,2026-10-21,Full Day,25,0,25,0.0,Available,Warangal
SL006629,S006629,D026,2026-10-23,Full Day,34,7,27,20.59,Available,Warangal
SL006630,S006630,D026,2026-10-24,Afternoon,29,2,27,6.9,Available,Warangal
SL006631,S006631,D026,2026-10-26,Full Day,38,0,38,0.0,Available,Warangal
SL006632,S006632,D026,2026-10-27,Morning,29,1,28,3.45,Available,Warangal
SL006633,S006633,D026,2026-10-28,Full Day,47,1,46,2.13,Available,Warangal
SL006634,S006634,D026,2026-10-29,Afternoon,12,1,11,8.33,Available,Warangal
SL006635,S006635,D026,2026-10-30,Afternoon,23,0,23,0.0,Available,Warangal
SL006636,S006636,D026,2026-11-02,Morning,22,1,21,4.55,Available,Warangal
SL006637,S006637,D026,2026-11-04,Full Day,40,2,38,5.0,Available,Warangal
SL006638,S006638,D026,2026-11-09,Full Day,41,1,40,2.44,Available,Warangal
SL006639,S006639,D026,2026-11-10,Morning,21,2,19,9.52,Available,Warangal
SL006640,S006640,D026,2026-11-11,Morning,26,1,25,3.85,Available,Warangal
SL006641,S006641,D026,2026-11-12,Full Day,48,2,46,4.17,Available,Warangal
SL006642,S006642,D026,2026-11-13,Full Day,32,0,32,0.0,Available,Warangal
SL006643,S006643,D026,2026-11-16,Full Day,36,1,35,2.78,Available,Warangal
SL006644,S006644,D026,2026-11-17,Full Day,47,1,46,2.13,Available,Warangal
SL006645,S006645,D026,2026-11-18,Morning,29,2,27,6.9,Available,Warangal
SL006646,S006646,D026,2026-11-19,Morning,12,2,10,16.67,Available,Warangal
SL006647,S006647,D026,2026-11-20,Full Day,43,4,39,9.3,Available,Warangal
SL006648,S006648,D026,2026-11-22,Full Day,30,1,29,3.33,Available,Warangal
SL006649,S006649,D026,2026-11-25,Afternoon,23,0,23,0.0,Available,Warangal
SL006650,S006650,D026,2026-11-26,Full Day,27,0,27,0.0,Available,Warangal
SL006651,S006651,D026,2026-11-28,Full Day,36,1,35,2.78,Available,Warangal
SL006652,S006652,D026,2026-11-29,Morning,13,0,13,0.0,Available,Warangal
SL006653,S006653,D026,2026-11-30,Afternoon,23,2,21,8.7,Available,Warangal
SL006654,S006654,D026,2026-12-01,Morning,20,1,19,5.0,Available,Warangal
SL006655,S006655,D026,2026-12-02,Afternoon,21,1,20,4.76,Available,Warangal
SL006656,S006656,D026,2026-12-03,Morning,18,1,17,5.56,Available,Warangal
SL006657,S006657,D026,2026-12-04,Full Day,37,1,36,2.7,Available,Warangal
SL006658,S006658,D026,2026-12-08,Afternoon,27,1,26,3.7,Available,Warangal
SL006659,S006659,D026,2026-12-10,Full Day,48,0,48,0.0,Available,Warangal
SL006660,S006660,D026,2026-12-11,Afternoon,28,1,27,3.57,Available,Warangal
SL006661,S006661,D026,2026-12-12,Afternoon,22,1,21,4.55,Available,Warangal
SL006662,S006662,D026,2026-12-14,Morning,30,0,30,0.0,Available,Warangal
SL006663,S006663,D026,2026-12-15,Morning,26,1,25,3.85,Available,Warangal
SL006664,S006664,D026,2026-12-16,Afternoon,23,1,22,4.35,Available,Warangal
SL006665,S006665,D026,2026-12-17,Afternoon,22,0,22,0.0,Available,Warangal
SL006666,S006666,D026,2026-12-20,Afternoon,17,2,15,11.76,Available,Warangal
SL006667,S006667,D026,2026-12-21,Morning,21,1,20,4.76,Available,Warangal
SL006668,S006668,D026,2026-12-22,Full Day,28,3,25,10.71,Available,Warangal
SL006669,S006669,D026,2026-12-23,Afternoon,27,1,26,3.7,Available,Warangal
SL006670,S006670,D026,2026-12-24,Morning,23,0,23,0.0,Available,Warangal
SL006671,S006671,D026,2026-12-25,Afternoon,15,0,15,0.0,Available,Warangal
SL006672,S006672,D026,2026-12-26,Afternoon,13,2,11,15.38,Available,Warangal
SL006673,S006673,D026,2026-12-27,Full Day,25,1,24,4.0,Available,Warangal
SL006674,S006674,D026,2026-12-28,Afternoon,22,1,21,4.55,Available,Warangal
SL006675,S006675,D026,2026-12-29,Afternoon,18,1,17,5.56,Available,Warangal
SL006676,S006676,D026,2026-12-30,Full Day,31,1,30,3.23,Available,Warangal
SL006677,S006677,D026,2026-12-31,Full Day,25,1,24,4.0,Available,Warangal
SL006678,S006678,D027,2026-01-01,Afternoon,24,1,23,4.17,Available,Hanamkonda
SL006679,S006679,D027,2026-01-02,Morning,22,2,20,9.09,Available,Hanamkonda
SL006680,S006680,D027,2026-01-04,Afternoon,23,1,22,4.35,Available,Hanamkonda
SL006681,S006681,D027,2026-01-05,Afternoon,16,1,15,6.25,Available,Hanamkonda
SL006682,S006682,D027,2026-01-06,Full Day,41,3,38,7.32,Available,Hanamkonda
SL006683,S006683,D027,2026-01-07,Afternoon,21,0,21,0.0,Available,Hanamkonda
SL006684,S006684,D027,2026-01-08,Afternoon,16,4,12,25.0,Available,Hanamkonda
SL006685,S006685,D027,2026-01-09,Afternoon,27,2,25,7.41,Available,Hanamkonda
SL006686,S006686,D027,2026-01-10,Afternoon,30,2,28,6.67,Available,Hanamkonda
SL006687,S006687,D027,2026-01-11,Morning,16,1,15,6.25,Available,Hanamkonda
SL006688,S006688,D027,2026-01-13,Morning,28,2,26,7.14,Available,Hanamkonda
SL006689,S006689,D027,2026-01-14,Morning,18,0,18,0.0,Available,Hanamkonda
SL006690,S006690,D027,2026-01-15,Afternoon,13,1,12,7.69,Available,Hanamkonda
SL006691,S006691,D027,2026-01-16,Morning,14,0,14,0.0,Available,Hanamkonda
SL006692,S006692,D027,2026-01-18,Full Day,29,1,28,3.45,Available,Hanamkonda
SL006693,S006693,D027,2026-01-19,Full Day,41,1,40,2.44,Available,Hanamkonda
SL006694,S006694,D027,2026-01-20,Afternoon,30,0,30,0.0,Available,Hanamkonda
SL006695,S006695,D027,2026-01-22,Full Day,32,1,31,3.12,Available,Hanamkonda
SL006696,S006696,D027,2026-01-23,Afternoon,29,0,29,0.0,Available,Hanamkonda
SL006697,S006697,D027,2026-01-24,Morning,12,1,11,8.33,Available,Hanamkonda
SL006698,S006698,D027,2026-01-25,Morning,20,3,17,15.0,Available,Hanamkonda
SL006699,S006699,D027,2026-01-26,Morning,28,1,27,3.57,Available,Hanamkonda
SL006700,S006700,D027,2026-01-27,Morning,29,0,29,0.0,Available,Hanamkonda
SL006701,S006701,D027,2026-01-29,Afternoon,24,2,22,8.33,Available,Hanamkonda
SL006702,S006702,D027,2026-01-31,Morning,18,2,16,11.11,Available,Hanamkonda
SL006703,S006703,D027,2026-02-03,Morning,12,3,9,25.0,Available,Hanamkonda
SL006704,S006704,D027,2026-02-04,Afternoon,13,2,11,15.38,Available,Hanamkonda
SL006705,S006705,D027,2026-02-05,Morning,17,4,13,23.53,Available,Hanamkonda
SL006706,S006706,D027,2026-02-07,Afternoon,21,0,21,0.0,Available,Hanamkonda
SL006707,S006707,D027,2026-02-08,Morning,12,0,12,0.0,Available,Hanamkonda
SL006708,S006708,D027,2026-02-09,Full Day,34,2,32,5.88,Available,Hanamkonda
SL006709,S006709,D027,2026-02-10,Morning,14,2,12,14.29,Available,Hanamkonda
SL006710,S006710,D027,2026-02-12,Morning,17,2,15,11.76,Available,Hanamkonda
SL006711,S006711,D027,2026-02-13,Full Day,44,1,43,2.27,Available,Hanamkonda
SL006712,S006712,D027,2026-02-16,Full Day,25,1,24,4.0,Available,Hanamkonda
SL006713,S006713,D027,2026-02-17,Morning,12,1,11,8.33,Available,Hanamkonda
SL006714,S006714,D027,2026-02-18,Afternoon,13,2,11,15.38,Available,Hanamkonda
SL006715,S006715,D027,2026-02-19,Afternoon,26,1,25,3.85,Available,Hanamkonda
SL006716,S006716,D027,2026-02-20,Afternoon,13,1,12,7.69,Available,Hanamkonda
SL006717,S006717,D027,2026-02-21,Morning,25,2,23,8.0,Available,Hanamkonda
SL006718,S006718,D027,2026-02-23,Full Day,31,1,30,3.23,Available,Hanamkonda
SL006719,S006719,D027,2026-02-24,Full Day,46,1,45,2.17,Available,Hanamkonda
SL006720,S006720,D027,2026-02-25,Afternoon,17,1,16,5.88,Available,Hanamkonda
SL006721,S006721,D027,2026-02-26,Afternoon,14,0,14,0.0,Available,Hanamkonda
SL006722,S006722,D027,2026-02-27,Morning,28,1,27,3.57,Available,Hanamkonda
SL006723,S006723,D027,2026-02-28,Full Day,37,2,35,5.41,Available,Hanamkonda
SL006724,S006724,D027,2026-03-02,Full Day,49,0,49,0.0,Available,Hanamkonda
SL006725,S006725,D027,2026-03-03,Full Day,28,2,26,7.14,Available,Hanamkonda
SL006726,S006726,D027,2026-03-04,Morning,16,2,14,12.5,Available,Hanamkonda
SL006727,S006727,D027,2026-03-06,Afternoon,14,2,12,14.29,Available,Hanamkonda
SL006728,S006728,D027,2026-03-07,Morning,16,1,15,6.25,Available,Hanamkonda
SL006729,S006729,D027,2026-03-08,Afternoon,21,0,21,0.0,Available,Hanamkonda
SL006730,S006730,D027,2026-03-09,Afternoon,26,0,26,0.0,Available,Hanamkonda
SL006731,S006731,D027,2026-03-10,Morning,15,0,15,0.0,Available,Hanamkonda
SL006732,S006732,D027,2026-03-11,Morning,13,4,9,30.77,Available,Hanamkonda
SL006733,S006733,D027,2026-03-12,Morning,21,4,17,19.05,Available,Hanamkonda
SL006734,S006734,D027,2026-03-13,Afternoon,24,2,22,8.33,Available,Hanamkonda
SL006735,S006735,D027,2026-03-15,Afternoon,13,0,13,0.0,Available,Hanamkonda
SL006736,S006736,D027,2026-03-16,Afternoon,21,0,21,0.0,Available,Hanamkonda
SL006737,S006737,D027,2026-03-17,Morning,23,2,21,8.7,Available,Hanamkonda
SL006738,S006738,D027,2026-03-18,Full Day,32,2,30,6.25,Available,Hanamkonda
SL006739,S006739,D027,2026-03-19,Full Day,40,2,38,5.0,Available,Hanamkonda
SL006740,S006740,D027,2026-03-23,Full Day,42,1,41,2.38,Available,Hanamkonda
SL006741,S006741,D027,2026-03-24,Full Day,29,0,29,0.0,Available,Hanamkonda
SL006742,S006742,D027,2026-03-25,Morning,22,2,20,9.09,Available,Hanamkonda
SL006743,S006743,D027,2026-03-27,Morning,27,0,27,0.0,Available,Hanamkonda
SL006744,S006744,D027,2026-03-28,Morning,26,0,26,0.0,Available,Hanamkonda
SL006745,S006745,D027,2026-03-30,Afternoon,18,1,17,5.56,Available,Hanamkonda
SL006746,S006746,D027,2026-03-31,Full Day,43,1,42,2.33,Available,Hanamkonda
SL006747,S006747,D027,2026-04-01,Full Day,31,0,31,0.0,Available,Hanamkonda
SL006748,S006748,D027,2026-04-02,Afternoon,22,1,21,4.55,Available,Hanamkonda
SL006749,S006749,D027,2026-04-03,Afternoon,12,4,8,33.33,Available,Hanamkonda
SL006750,S006750,D027,2026-04-06,Afternoon,20,1,19,5.0,Available,Hanamkonda
SL006751,S006751,D027,2026-04-07,Afternoon,13,0,13,0.0,Available,Hanamkonda
SL006752,S006752,D027,2026-04-08,Full Day,28,2,26,7.14,Available,Hanamkonda
SL006753,S006753,D027,2026-04-09,Morning,25,0,25,0.0,Available,Hanamkonda
SL006754,S006754,D027,2026-04-10,Morning,27,0,27,0.0,Available,Hanamkonda
SL006755,S006755,D027,2026-04-13,Full Day,29,1,28,3.45,Available,Hanamkonda
SL006756,S006756,D027,2026-04-14,Afternoon,25,1,24,4.0,Available,Hanamkonda
SL006757,S006757,D027,2026-04-15,Afternoon,15,1,14,6.67,Available,Hanamkonda
SL006758,S006758,D027,2026-04-16,Morning,15,1,14,6.67,Available,Hanamkonda
SL006759,S006759,D027,2026-04-19,Morning,30,2,28,6.67,Available,Hanamkonda
SL006760,S006760,D027,2026-04-20,Full Day,44,0,44,0.0,Available,Hanamkonda
SL006761,S006761,D027,2026-04-21,Full Day,47,0,47,0.0,Available,Hanamkonda
SL006762,S006762,D027,2026-04-22,Morning,16,2,14,12.5,Available,Hanamkonda
SL006763,S006763,D027,2026-04-23,Afternoon,14,2,12,14.29,Available,Hanamkonda
SL006764,S006764,D027,2026-04-24,Morning,21,3,18,14.29,Available,Hanamkonda
SL006765,S006765,D027,2026-04-25,Full Day,35,1,34,2.86,Available,Hanamkonda
SL006766,S006766,D027,2026-04-29,Afternoon,24,0,24,0.0,Available,Hanamkonda
SL006767,S006767,D027,2026-04-30,Morning,18,2,16,11.11,Available,Hanamkonda
SL006768,S006768,D027,2026-05-01,Morning,17,1,16,5.88,Available,Hanamkonda
SL006769,S006769,D027,2026-05-05,Afternoon,30,2,28,6.67,Available,Hanamkonda
SL006770,S006770,D027,2026-05-06,Afternoon,24,0,24,0.0,Available,Hanamkonda
SL006771,S006771,D027,2026-05-11,Morning,14,2,12,14.29,Available,Hanamkonda
SL006772,S006772,D027,2026-05-12,Morning,13,2,11,15.38,Available,Hanamkonda
SL006773,S006773,D027,2026-05-13,Afternoon,21,2,19,9.52,Available,Hanamkonda
SL006774,S006774,D027,2026-05-14,Afternoon,29,2,27,6.9,Available,Hanamkonda
SL006775,S006775,D027,2026-05-15,Full Day,45,1,44,2.22,Available,Hanamkonda
SL006776,S006776,D027,2026-05-17,Full Day,32,1,31,3.12,Available,Hanamkonda
SL006777,S006777,D027,2026-05-18,Morning,24,1,23,4.17,Available,Hanamkonda
SL006778,S006778,D027,2026-05-19,Afternoon,16,1,15,6.25,Available,Hanamkonda
SL006779,S006779,D027,2026-05-20,Afternoon,30,0,30,0.0,Available,Hanamkonda
SL006780,S006780,D027,2026-05-21,Full Day,35,0,35,0.0,Available,Hanamkonda
SL006781,S006781,D027,2026-05-22,Afternoon,24,1,23,4.17,Available,Hanamkonda
SL006782,S006782,D027,2026-05-25,Afternoon,21,2,19,9.52,Available,Hanamkonda
SL006783,S006783,D027,2026-05-26,Full Day,28,4,24,14.29,Available,Hanamkonda
SL006784,S006784,D027,2026-05-27,Afternoon,21,1,20,4.76,Available,Hanamkonda
SL006785,S006785,D027,2026-05-28,Afternoon,23,0,23,0.0,Available,Hanamkonda
SL006786,S006786,D027,2026-05-29,Afternoon,30,1,29,3.33,Available,Hanamkonda
SL006787,S006787,D027,2026-05-30,Afternoon,12,0,12,0.0,Available,Hanamkonda
SL006788,S006788,D027,2026-05-31,Afternoon,25,1,24,4.0,Available,Hanamkonda
SL006789,S006789,D027,2026-06-01,Morning,12,2,10,16.67,Available,Hanamkonda
SL006790,S006790,D027,2026-06-02,Afternoon,25,1,24,4.0,Available,Hanamkonda
SL006791,S006791,D027,2026-06-03,Morning,19,0,19,0.0,Available,Hanamkonda
SL006792,S006792,D027,2026-06-04,Full Day,41,1,40,2.44,Available,Hanamkonda
SL006793,S006793,D027,2026-06-09,Afternoon,15,1,14,6.67,Available,Hanamkonda
SL006794,S006794,D027,2026-06-10,Morning,15,1,14,6.67,Available,Hanamkonda
SL006795,S006795,D027,2026-06-11,Morning,15,0,15,0.0,Available,Hanamkonda
SL006796,S006796,D027,2026-06-12,Morning,15,2,13,13.33,Available,Hanamkonda
SL006797,S006797,D027,2026-06-15,Full Day,28,2,26,7.14,Available,Hanamkonda
SL006798,S006798,D027,2026-06-16,Morning,24,1,23,4.17,Available,Hanamkonda
SL006799,S006799,D027,2026-06-17,Full Day,46,0,46,0.0,Available,Hanamkonda
SL006800,S006800,D027,2026-06-18,Morning,21,2,19,9.52,Available,Hanamkonda
SL006801,S006801,D027,2026-06-19,Full Day,49,1,48,2.04,Available,Hanamkonda
SL006802,S006802,D027,2026-06-20,Full Day,45,3,42,6.67,Available,Hanamkonda
SL006803,S006803,D027,2026-06-21,Morning,24,0,24,0.0,Available,Hanamkonda
SL006804,S006804,D027,2026-06-22,Afternoon,18,2,16,11.11,Available,Hanamkonda
SL006805,S006805,D027,2026-06-23,Afternoon,25,3,22,12.0,Available,Hanamkonda
SL006806,S006806,D027,2026-06-24,Morning,26,1,25,3.85,Available,Hanamkonda
SL006807,S006807,D027,2026-06-25,Morning,20,2,18,10.0,Available,Hanamkonda
SL006808,S006808,D027,2026-06-26,Morning,29,1,28,3.45,Available,Hanamkonda
SL006809,S006809,D027,2026-06-28,Morning,12,1,11,8.33,Available,Hanamkonda
SL006810,S006810,D027,2026-06-29,Morning,13,2,11,15.38,Available,Hanamkonda
SL006811,S006811,D027,2026-06-30,Morning,23,0,23,0.0,Available,Hanamkonda
SL006812,S006812,D027,2026-07-01,Morning,23,2,21,8.7,Available,Hanamkonda
SL006813,S006813,D027,2026-07-02,Afternoon,16,1,15,6.25,Available,Hanamkonda
SL006814,S006814,D027,2026-07-03,Afternoon,18,2,16,11.11,Available,Hanamkonda
SL006815,S006815,D027,2026-07-06,Afternoon,18,1,17,5.56,Available,Hanamkonda
SL006816,S006816,D027,2026-07-07,Full Day,38,3,35,7.89,Available,Hanamkonda
SL006817,S006817,D027,2026-07-08,Afternoon,14,1,13,7.14,Available,Hanamkonda
SL006818,S006818,D027,2026-07-09,Afternoon,13,0,13,0.0,Available,Hanamkonda
SL006819,S006819,D027,2026-07-10,Afternoon,23,0,23,0.0,Available,Hanamkonda
SL006820,S006820,D027,2026-07-11,Afternoon,27,2,25,7.41,Available,Hanamkonda
SL006821,S006821,D027,2026-07-13,Afternoon,14,0,14,0.0,Available,Hanamkonda
SL006822,S006822,D027,2026-07-15,Afternoon,14,1,13,7.14,Available,Hanamkonda
SL006823,S006823,D027,2026-07-16,Afternoon,28,1,27,3.57,Available,Hanamkonda
SL006824,S006824,D027,2026-07-17,Morning,23,1,22,4.35,Available,Hanamkonda
SL006825,S006825,D027,2026-07-18,Full Day,40,0,40,0.0,Available,Hanamkonda
SL006826,S006826,D027,2026-07-19,Morning,18,1,17,5.56,Available,Hanamkonda
SL006827,S006827,D027,2026-07-20,Morning,25,0,25,0.0,Available,Hanamkonda
SL006828,S006828,D027,2026-07-22,Afternoon,16,0,16,0.0,Available,Hanamkonda
SL006829,S006829,D027,2026-07-23,Afternoon,28,2,26,7.14,Available,Hanamkonda
SL006830,S006830,D027,2026-07-25,Afternoon,22,1,21,4.55,Available,Hanamkonda
SL006831,S006831,D027,2026-07-26,Afternoon,13,2,11,15.38,Available,Hanamkonda
SL006832,S006832,D027,2026-07-27,Morning,13,1,12,7.69,Available,Hanamkonda
SL006833,S006833,D027,2026-07-28,Morning,17,0,17,0.0,Available,Hanamkonda
SL006834,S006834,D027,2026-07-29,Afternoon,20,1,19,5.0,Available,Hanamkonda
SL006835,S006835,D027,2026-07-30,Full Day,37,2,35,5.41,Available,Hanamkonda
SL006836,S006836,D027,2026-07-31,Afternoon,26,0,26,0.0,Available,Hanamkonda
SL006837,S006837,D027,2026-08-01,Full Day,48,1,47,2.08,Available,Hanamkonda
SL006838,S006838,D027,2026-08-02,Morning,21,3,18,14.29,Available,Hanamkonda
SL006839,S006839,D027,2026-08-03,Full Day,48,1,47,2.08,Available,Hanamkonda
SL006840,S006840,D027,2026-08-04,Full Day,43,0,43,0.0,Available,Hanamkonda
SL006841,S006841,D027,2026-08-05,Morning,15,1,14,6.67,Available,Hanamkonda
SL006842,S006842,D027,2026-08-07,Full Day,32,3,29,9.38,Available,Hanamkonda
SL006843,S006843,D027,2026-08-12,Afternoon,24,2,22,8.33,Available,Hanamkonda
SL006844,S006844,D027,2026-08-13,Afternoon,25,1,24,4.0,Available,Hanamkonda
SL006845,S006845,D027,2026-08-14,Full Day,31,1,30,3.23,Available,Hanamkonda
SL006846,S006846,D027,2026-08-15,Morning,25,2,23,8.0,Available,Hanamkonda
SL006847,S006847,D027,2026-08-17,Afternoon,24,3,21,12.5,Available,Hanamkonda
SL006848,S006848,D027,2026-08-18,Morning,23,0,23,0.0,Available,Hanamkonda
SL006849,S006849,D027,2026-08-19,Afternoon,27,0,27,0.0,Available,Hanamkonda
SL006850,S006850,D027,2026-08-20,Morning,24,0,24,0.0,Available,Hanamkonda
SL006851,S006851,D027,2026-08-21,Full Day,26,1,25,3.85,Available,Hanamkonda
SL006852,S006852,D027,2026-08-24,Full Day,48,1,47,2.08,Available,Hanamkonda
SL006853,S006853,D027,2026-08-25,Morning,29,3,26,10.34,Available,Hanamkonda
SL006854,S006854,D027,2026-08-26,Full Day,41,0,41,0.0,Available,Hanamkonda
SL006855,S006855,D027,2026-08-27,Afternoon,26,1,25,3.85,Available,Hanamkonda
SL006856,S006856,D027,2026-08-28,Afternoon,22,2,20,9.09,Available,Hanamkonda
SL006857,S006857,D027,2026-08-31,Morning,23,2,21,8.7,Available,Hanamkonda
SL006858,S006858,D027,2026-09-01,Afternoon,23,1,22,4.35,Available,Hanamkonda
SL006859,S006859,D027,2026-09-02,Morning,23,1,22,4.35,Available,Hanamkonda
SL006860,S006860,D027,2026-09-03,Morning,19,1,18,5.26,Available,Hanamkonda
SL006861,S006861,D027,2026-09-04,Morning,26,0,26,0.0,Available,Hanamkonda
SL006862,S006862,D027,2026-09-05,Morning,17,0,17,0.0,Available,Hanamkonda
SL006863,S006863,D027,2026-09-06,Afternoon,13,0,13,0.0,Available,Hanamkonda
SL006864,S006864,D027,2026-09-07,Full Day,44,1,43,2.27,Available,Hanamkonda
SL006865,S006865,D027,2026-09-09,Afternoon,12,2,10,16.67,Available,Hanamkonda
SL006866,S006866,D027,2026-09-13,Afternoon,22,0,22,0.0,Available,Hanamkonda
SL006867,S006867,D027,2026-09-15,Full Day,49,0,49,0.0,Available,Hanamkonda
SL006868,S006868,D027,2026-09-16,Morning,20,0,20,0.0,Available,Hanamkonda
SL006869,S006869,D027,2026-09-18,Morning,13,1,12,7.69,Available,Hanamkonda
SL006870,S006870,D027,2026-09-19,Morning,13,5,8,38.46,Available,Hanamkonda
SL006871,S006871,D027,2026-09-21,Afternoon,28,0,28,0.0,Available,Hanamkonda
SL006872,S006872,D027,2026-09-22,Afternoon,26,1,25,3.85,Available,Hanamkonda
SL006873,S006873,D027,2026-09-23,Morning,15,1,14,6.67,Available,Hanamkonda
SL006874,S006874,D027,2026-09-24,Afternoon,13,1,12,7.69,Available,Hanamkonda
SL006875,S006875,D027,2026-09-25,Morning,15,0,15,0.0,Available,Hanamkonda
SL006876,S006876,D027,2026-09-27,Morning,22,0,22,0.0,Available,Hanamkonda
SL006877,S006877,D027,2026-09-28,Afternoon,19,0,19,0.0,Available,Hanamkonda
SL006878,S006878,D027,2026-09-29,Morning,24,1,23,4.17,Available,Hanamkonda
SL006879,S006879,D027,2026-09-30,Full Day,43,1,42,2.33,Available,Hanamkonda
SL006880,S006880,D027,2026-10-01,Morning,27,1,26,3.7,Available,Hanamkonda
SL006881,S006881,D027,2026-10-07,Full Day,31,1,30,3.23,Available,Hanamkonda
SL006882,S006882,D027,2026-10-08,Morning,30,2,28,6.67,Available,Hanamkonda
SL006883,S006883,D027,2026-10-09,Morning,18,1,17,5.56,Available,Hanamkonda
SL006884,S006884,D027,2026-10-10,Morning,28,0,28,0.0,Available,Hanamkonda
SL006885,S006885,D027,2026-10-12,Full Day,32,0,32,0.0,Available,Hanamkonda
SL006886,S006886,D027,2026-10-14,Full Day,30,0,30,0.0,Available,Hanamkonda
SL006887,S006887,D027,2026-10-16,Morning,28,1,27,3.57,Available,Hanamkonda
SL006888,S006888,D027,2026-10-18,Full Day,44,2,42,4.55,Available,Hanamkonda
SL006889,S006889,D027,2026-10-20,Afternoon,25,0,25,0.0,Available,Hanamkonda
SL006890,S006890,D027,2026-10-22,Morning,23,0,23,0.0,Available,Hanamkonda
SL006891,S006891,D027,2026-10-23,Morning,15,0,15,0.0,Available,Hanamkonda
SL006892,S006892,D027,2026-10-26,Morning,28,2,26,7.14,Available,Hanamkonda
SL006893,S006893,D027,2026-10-27,Afternoon,13,3,10,23.08,Available,Hanamkonda
SL006894,S006894,D027,2026-10-28,Full Day,50,2,48,4.0,Available,Hanamkonda
SL006895,S006895,D027,2026-10-29,Morning,17,2,15,11.76,Available,Hanamkonda
SL006896,S006896,D027,2026-10-30,Full Day,47,3,44,6.38,Available,Hanamkonda
SL006897,S006897,D027,2026-11-01,Afternoon,22,1,21,4.55,Available,Hanamkonda
SL006898,S006898,D027,2026-11-03,Afternoon,18,2,16,11.11,Available,Hanamkonda
SL006899,S006899,D027,2026-11-04,Afternoon,22,1,21,4.55,Available,Hanamkonda
SL006900,S006900,D027,2026-11-05,Morning,24,1,23,4.17,Available,Hanamkonda
SL006901,S006901,D027,2026-11-06,Afternoon,28,1,27,3.57,Available,Hanamkonda
SL006902,S006902,D027,2026-11-07,Full Day,43,3,40,6.98,Available,Hanamkonda
SL006903,S006903,D027,2026-11-08,Morning,13,0,13,0.0,Available,Hanamkonda
SL006904,S006904,D027,2026-11-09,Full Day,50,0,50,0.0,Available,Hanamkonda
SL006905,S006905,D027,2026-11-10,Afternoon,26,3,23,11.54,Available,Hanamkonda
SL006906,S006906,D027,2026-11-11,Full Day,30,2,28,6.67,Available,Hanamkonda
SL006907,S006907,D027,2026-11-12,Afternoon,24,0,24,0.0,Available,Hanamkonda
SL006908,S006908,D027,2026-11-13,Afternoon,14,1,13,7.14,Available,Hanamkonda
SL006909,S006909,D027,2026-11-14,Morning,27,0,27,0.0,Available,Hanamkonda
SL006910,S006910,D027,2026-11-16,Afternoon,21,0,21,0.0,Available,Hanamkonda
SL006911,S006911,D027,2026-11-17,Full Day,29,3,26,10.34,Available,Hanamkonda
SL006912,S006912,D027,2026-11-18,Morning,24,2,22,8.33,Available,Hanamkonda
SL006913,S006913,D027,2026-11-19,Full Day,39,0,39,0.0,Available,Hanamkonda
SL006914,S006914,D027,2026-11-20,Full Day,30,0,30,0.0,Available,Hanamkonda
SL006915,S006915,D027,2026-11-23,Full Day,48,1,47,2.08,Available,Hanamkonda
SL006916,S006916,D027,2026-11-24,Afternoon,26,2,24,7.69,Available,Hanamkonda
SL006917,S006917,D027,2026-11-26,Afternoon,20,0,20,0.0,Available,Hanamkonda
SL006918,S006918,D027,2026-11-27,Full Day,45,1,44,2.22,Available,Hanamkonda
SL006919,S006919,D027,2026-11-28,Morning,27,0,27,0.0,Available,Hanamkonda
SL006920,S006920,D027,2026-11-30,Full Day,42,2,40,4.76,Available,Hanamkonda
SL006921,S006921,D027,2026-12-01,Full Day,37,0,37,0.0,Available,Hanamkonda
SL006922,S006922,D027,2026-12-02,Afternoon,29,1,28,3.45,Available,Hanamkonda
SL006923,S006923,D027,2026-12-03,Afternoon,16,2,14,12.5,Available,Hanamkonda
SL006924,S006924,D027,2026-12-04,Morning,18,1,17,5.56,Available,Hanamkonda
SL006925,S006925,D027,2026-12-06,Afternoon,28,4,24,14.29,Available,Hanamkonda
SL006926,S006926,D027,2026-12-07,Morning,26,0,26,0.0,Available,Hanamkonda
SL006927,S006927,D027,2026-12-08,Afternoon,23,0,23,0.0,Available,Hanamkonda
SL006928,S006928,D027,2026-12-09,Morning,18,0,18,0.0,Available,Hanamkonda
SL006929,S006929,D027,2026-12-10,Afternoon,21,2,19,9.52,Available,Hanamkonda
SL006930,S006930,D027,2026-12-11,Morning,13,0,13,0.0,Available,Hanamkonda
SL006931,S006931,D027,2026-12-14,Full Day,33,0,33,0.0,Available,Hanamkonda
SL006932,S006932,D027,2026-12-15,Afternoon,14,0,14,0.0,Available,Hanamkonda
SL006933,S006933,D027,2026-12-16,Full Day,35,2,33,5.71,Available,Hanamkonda
SL006934,S006934,D027,2026-12-17,Morning,26,2,24,7.69,Available,Hanamkonda
SL006935,S006935,D027,2026-12-18,Full Day,41,1,40,2.44,Available,Hanamkonda
SL006936,S006936,D027,2026-12-19,Morning,27,0,27,0.0,Available,Hanamkonda
SL006937,S006937,D027,2026-12-20,Full Day,40,1,39,2.5,Available,Hanamkonda
SL006938,S006938,D027,2026-12-21,Full Day,25,3,22,12.0,Available,Hanamkonda
SL006939,S006939,D027,2026-12-22,Afternoon,19,3,16,15.79,Available,Hanamkonda
SL006940,S006940,D027,2026-12-23,Morning,26,0,26,0.0,Available,Hanamkonda
SL006941,S006941,D027,2026-12-24,Morning,30,1,29,3.33,Available,Hanamkonda
SL006942,S006942,D027,2026-12-25,Afternoon,15,2,13,13.33,Available,Hanamkonda
SL006943,S006943,D027,2026-12-27,Full Day,31,1,30,3.23,Available,Hanamkonda
SL006944,S006944,D027,2026-12-28,Full Day,36,2,34,5.56,Available,Hanamkonda
SL006945,S006945,D027,2026-12-29,Full Day,31,3,28,9.68,Available,Hanamkonda
SL006946,S006946,D027,2026-12-30,Afternoon,15,1,14,6.67,Available,Hanamkonda
SL006947,S006947,D027,2026-12-31,Full Day,27,0,27,0.0,Available,Hanamkonda
SL006948,S006948,D028,2026-01-02,Full Day,40,3,37,7.5,Available,Karimnagar
SL006949,S006949,D028,2026-01-04,Afternoon,12,2,10,16.67,Available,Karimnagar
SL006950,S006950,D028,2026-01-05,Full Day,36,3,33,8.33,Available,Karimnagar
SL006951,S006951,D028,2026-01-07,Morning,24,0,24,0.0,Available,Karimnagar
SL006952,S006952,D028,2026-01-08,Afternoon,23,0,23,0.0,Available,Karimnagar
SL006953,S006953,D028,2026-01-09,Full Day,33,0,33,0.0,Available,Karimnagar
SL006954,S006954,D028,2026-01-11,Afternoon,15,1,14,6.67,Available,Karimnagar
SL006955,S006955,D028,2026-01-12,Full Day,30,1,29,3.33,Available,Karimnagar
SL006956,S006956,D028,2026-01-13,Morning,16,1,15,6.25,Available,Karimnagar
SL006957,S006957,D028,2026-01-14,Full Day,31,0,31,0.0,Available,Karimnagar
SL006958,S006958,D028,2026-01-16,Morning,22,3,19,13.64,Available,Karimnagar
SL006959,S006959,D028,2026-01-19,Afternoon,14,1,13,7.14,Available,Karimnagar
SL006960,S006960,D028,2026-01-20,Afternoon,30,2,28,6.67,Available,Karimnagar
SL006961,S006961,D028,2026-01-21,Morning,27,3,24,11.11,Available,Karimnagar
SL006962,S006962,D028,2026-01-22,Full Day,25,1,24,4.0,Available,Karimnagar
SL006963,S006963,D028,2026-01-23,Afternoon,29,1,28,3.45,Available,Karimnagar
SL006964,S006964,D028,2026-01-26,Full Day,40,3,37,7.5,Available,Karimnagar
SL006965,S006965,D028,2026-01-27,Full Day,40,2,38,5.0,Available,Karimnagar
SL006966,S006966,D028,2026-01-28,Afternoon,21,2,19,9.52,Available,Karimnagar
SL006967,S006967,D028,2026-01-29,Afternoon,30,2,28,6.67,Available,Karimnagar
SL006968,S006968,D028,2026-01-30,Afternoon,18,0,18,0.0,Available,Karimnagar
SL006969,S006969,D028,2026-02-02,Morning,14,2,12,14.29,Available,Karimnagar
SL006970,S006970,D028,2026-02-03,Full Day,26,1,25,3.85,Available,Karimnagar
SL006971,S006971,D028,2026-02-04,Afternoon,26,1,25,3.85,Available,Karimnagar
SL006972,S006972,D028,2026-02-05,Morning,22,3,19,13.64,Available,Karimnagar
SL006973,S006973,D028,2026-02-06,Afternoon,23,1,22,4.35,Available,Karimnagar
SL006974,S006974,D028,2026-02-07,Morning,29,0,29,0.0,Available,Karimnagar
SL006975,S006975,D028,2026-02-09,Morning,30,2,28,6.67,Available,Karimnagar
SL006976,S006976,D028,2026-02-10,Morning,19,2,17,10.53,Available,Karimnagar
SL006977,S006977,D028,2026-02-11,Morning,23,3,20,13.04,Available,Karimnagar
SL006978,S006978,D028,2026-02-12,Morning,23,1,22,4.35,Available,Karimnagar
SL006979,S006979,D028,2026-02-13,Afternoon,24,0,24,0.0,Available,Karimnagar
SL006980,S006980,D028,2026-02-16,Afternoon,17,3,14,17.65,Available,Karimnagar
SL006981,S006981,D028,2026-02-17,Afternoon,26,5,21,19.23,Available,Karimnagar
SL006982,S006982,D028,2026-02-18,Afternoon,13,2,11,15.38,Available,Karimnagar
SL006983,S006983,D028,2026-02-20,Afternoon,16,1,15,6.25,Available,Karimnagar
SL006984,S006984,D028,2026-02-21,Morning,16,1,15,6.25,Available,Karimnagar
SL006985,S006985,D028,2026-02-23,Full Day,46,1,45,2.17,Available,Karimnagar
SL006986,S006986,D028,2026-02-24,Full Day,28,2,26,7.14,Available,Karimnagar
SL006987,S006987,D028,2026-02-25,Morning,28,1,27,3.57,Available,Karimnagar
SL006988,S006988,D028,2026-02-27,Morning,15,1,14,6.67,Available,Karimnagar
SL006989,S006989,D028,2026-02-28,Afternoon,29,1,28,3.45,Available,Karimnagar
SL006990,S006990,D028,2026-03-03,Full Day,38,1,37,2.63,Available,Karimnagar
SL006991,S006991,D028,2026-03-04,Full Day,44,2,42,4.55,Available,Karimnagar
SL006992,S006992,D028,2026-03-05,Morning,30,1,29,3.33,Available,Karimnagar
SL006993,S006993,D028,2026-03-06,Morning,17,1,16,5.88,Available,Karimnagar
SL006994,S006994,D028,2026-03-07,Morning,16,1,15,6.25,Available,Karimnagar
SL006995,S006995,D028,2026-03-09,Morning,13,0,13,0.0,Available,Karimnagar
SL006996,S006996,D028,2026-03-10,Morning,13,2,11,15.38,Available,Karimnagar
SL006997,S006997,D028,2026-03-11,Morning,25,3,22,12.0,Available,Karimnagar
SL006998,S006998,D028,2026-03-12,Morning,25,1,24,4.0,Available,Karimnagar
SL006999,S006999,D028,2026-03-13,Morning,20,2,18,10.0,Available,Karimnagar
SL007000,S007000,D028,2026-03-16,Afternoon,17,3,14,17.65,Available,Karimnagar
SL007001,S007001,D028,2026-03-17,Full Day,45,2,43,4.44,Available,Karimnagar
SL007002,S007002,D028,2026-03-18,Full Day,32,2,30,6.25,Available,Karimnagar
SL007003,S007003,D028,2026-03-19,Afternoon,27,4,23,14.81,Available,Karimnagar
SL007004,S007004,D028,2026-03-21,Afternoon,23,2,21,8.7,Available,Karimnagar
SL007005,S007005,D028,2026-03-23,Full Day,35,1,34,2.86,Available,Karimnagar
SL007006,S007006,D028,2026-03-24,Morning,21,1,20,4.76,Available,Karimnagar
SL007007,S007007,D028,2026-03-25,Afternoon,19,3,16,15.79,Available,Karimnagar
SL007008,S007008,D028,2026-03-26,Morning,26,1,25,3.85,Available,Karimnagar
SL007009,S007009,D028,2026-03-27,Full Day,35,2,33,5.71,Available,Karimnagar
SL007010,S007010,D028,2026-03-30,Afternoon,21,4,17,19.05,Available,Karimnagar
SL007011,S007011,D028,2026-03-31,Afternoon,15,2,13,13.33,Available,Karimnagar
SL007012,S007012,D028,2026-04-01,Afternoon,12,3,9,25.0,Available,Karimnagar
SL007013,S007013,D028,2026-04-03,Morning,19,0,19,0.0,Available,Karimnagar
SL007014,S007014,D028,2026-04-04,Afternoon,18,0,18,0.0,Available,Karimnagar
SL007015,S007015,D028,2026-04-06,Morning,29,2,27,6.9,Available,Karimnagar
SL007016,S007016,D028,2026-04-07,Morning,17,1,16,5.88,Available,Karimnagar
SL007017,S007017,D028,2026-04-08,Afternoon,12,2,10,16.67,Available,Karimnagar
SL007018,S007018,D028,2026-04-09,Afternoon,24,0,24,0.0,Available,Karimnagar
SL007019,S007019,D028,2026-04-10,Morning,30,0,30,0.0,Available,Karimnagar
SL007020,S007020,D028,2026-04-11,Morning,27,0,27,0.0,Available,Karimnagar
SL007021,S007021,D028,2026-04-12,Full Day,46,1,45,2.17,Available,Karimnagar
SL007022,S007022,D028,2026-04-13,Morning,20,0,20,0.0,Available,Karimnagar
SL007023,S007023,D028,2026-04-14,Morning,22,2,20,9.09,Available,Karimnagar
SL007024,S007024,D028,2026-04-15,Afternoon,28,1,27,3.57,Available,Karimnagar
SL007025,S007025,D028,2026-04-16,Afternoon,28,3,25,10.71,Available,Karimnagar
SL007026,S007026,D028,2026-04-20,Morning,21,2,19,9.52,Available,Karimnagar
SL007027,S007027,D028,2026-04-21,Morning,17,1,16,5.88,Available,Karimnagar
SL007028,S007028,D028,2026-04-22,Full Day,34,2,32,5.88,Available,Karimnagar
SL007029,S007029,D028,2026-04-23,Morning,30,0,30,0.0,Available,Karimnagar
SL007030,S007030,D028,2026-04-24,Afternoon,21,1,20,4.76,Available,Karimnagar
SL007031,S007031,D028,2026-04-26,Morning,22,1,21,4.55,Available,Karimnagar
SL007032,S007032,D028,2026-04-27,Afternoon,21,3,18,14.29,Available,Karimnagar
SL007033,S007033,D028,2026-04-28,Morning,25,1,24,4.0,Available,Karimnagar
SL007034,S007034,D028,2026-04-29,Morning,20,0,20,0.0,Available,Karimnagar
SL007035,S007035,D028,2026-04-30,Morning,26,1,25,3.85,Available,Karimnagar
SL007036,S007036,D028,2026-05-04,Full Day,38,2,36,5.26,Available,Karimnagar
SL007037,S007037,D028,2026-05-05,Afternoon,21,3,18,14.29,Available,Karimnagar
SL007038,S007038,D028,2026-05-07,Morning,30,2,28,6.67,Available,Karimnagar
SL007039,S007039,D028,2026-05-09,Full Day,41,0,41,0.0,Available,Karimnagar
SL007040,S007040,D028,2026-05-11,Morning,29,0,29,0.0,Available,Karimnagar
SL007041,S007041,D028,2026-05-14,Afternoon,20,2,18,10.0,Available,Karimnagar
SL007042,S007042,D028,2026-05-15,Afternoon,22,3,19,13.64,Available,Karimnagar
SL007043,S007043,D028,2026-05-18,Afternoon,29,2,27,6.9,Available,Karimnagar
SL007044,S007044,D028,2026-05-19,Afternoon,20,2,18,10.0,Available,Karimnagar
SL007045,S007045,D028,2026-05-20,Morning,12,0,12,0.0,Available,Karimnagar
SL007046,S007046,D028,2026-05-21,Morning,24,1,23,4.17,Available,Karimnagar
SL007047,S007047,D028,2026-05-23,Afternoon,12,0,12,0.0,Available,Karimnagar
SL007048,S007048,D028,2026-05-26,Morning,27,0,27,0.0,Available,Karimnagar
SL007049,S007049,D028,2026-05-27,Afternoon,29,3,26,10.34,Available,Karimnagar
SL007050,S007050,D028,2026-05-29,Morning,22,1,21,4.55,Available,Karimnagar
SL007051,S007051,D028,2026-06-01,Morning,14,0,14,0.0,Available,Karimnagar
SL007052,S007052,D028,2026-06-03,Full Day,43,0,43,0.0,Available,Karimnagar
SL007053,S007053,D028,2026-06-04,Afternoon,23,1,22,4.35,Available,Karimnagar
SL007054,S007054,D028,2026-06-05,Morning,18,0,18,0.0,Available,Karimnagar
SL007055,S007055,D028,2026-06-06,Afternoon,29,2,27,6.9,Available,Karimnagar
SL007056,S007056,D028,2026-06-07,Afternoon,30,1,29,3.33,Available,Karimnagar
SL007057,S007057,D028,2026-06-08,Afternoon,17,2,15,11.76,Available,Karimnagar
SL007058,S007058,D028,2026-06-09,Full Day,26,1,25,3.85,Available,Karimnagar
SL007059,S007059,D028,2026-06-10,Afternoon,29,0,29,0.0,Available,Karimnagar
SL007060,S007060,D028,2026-06-11,Afternoon,17,2,15,11.76,Available,Karimnagar
SL007061,S007061,D028,2026-06-12,Afternoon,15,2,13,13.33,Available,Karimnagar
SL007062,S007062,D028,2026-06-14,Full Day,37,1,36,2.7,Available,Karimnagar
SL007063,S007063,D028,2026-06-15,Full Day,32,2,30,6.25,Available,Karimnagar
SL007064,S007064,D028,2026-06-16,Morning,26,0,26,0.0,Available,Karimnagar
SL007065,S007065,D028,2026-06-17,Afternoon,17,1,16,5.88,Available,Karimnagar
SL007066,S007066,D028,2026-06-18,Morning,15,0,15,0.0,Available,Karimnagar
SL007067,S007067,D028,2026-06-19,Morning,16,0,16,0.0,Available,Karimnagar
SL007068,S007068,D028,2026-06-20,Morning,17,1,16,5.88,Available,Karimnagar
SL007069,S007069,D028,2026-06-23,Afternoon,20,1,19,5.0,Available,Karimnagar
SL007070,S007070,D028,2026-06-25,Morning,14,5,9,35.71,Available,Karimnagar
SL007071,S007071,D028,2026-06-26,Morning,24,0,24,0.0,Available,Karimnagar
SL007072,S007072,D028,2026-06-29,Morning,19,3,16,15.79,Available,Karimnagar
SL007073,S007073,D028,2026-06-30,Morning,20,1,19,5.0,Available,Karimnagar
SL007074,S007074,D028,2026-07-02,Full Day,37,1,36,2.7,Available,Karimnagar
SL007075,S007075,D028,2026-07-04,Full Day,30,1,29,3.33,Available,Karimnagar
SL007076,S007076,D028,2026-07-06,Full Day,48,0,48,0.0,Available,Karimnagar
SL007077,S007077,D028,2026-07-08,Morning,22,0,22,0.0,Available,Karimnagar
SL007078,S007078,D028,2026-07-09,Morning,19,1,18,5.26,Available,Karimnagar
SL007079,S007079,D028,2026-07-10,Morning,14,0,14,0.0,Available,Karimnagar
SL007080,S007080,D028,2026-07-14,Morning,25,3,22,12.0,Available,Karimnagar
SL007081,S007081,D028,2026-07-17,Morning,17,3,14,17.65,Available,Karimnagar
SL007082,S007082,D028,2026-07-20,Full Day,49,3,46,6.12,Available,Karimnagar
SL007083,S007083,D028,2026-07-21,Afternoon,22,4,18,18.18,Available,Karimnagar
SL007084,S007084,D028,2026-07-22,Afternoon,30,4,26,13.33,Available,Karimnagar
SL007085,S007085,D028,2026-07-23,Full Day,29,1,28,3.45,Available,Karimnagar
SL007086,S007086,D028,2026-07-24,Afternoon,28,1,27,3.57,Available,Karimnagar
SL007087,S007087,D028,2026-07-25,Afternoon,23,1,22,4.35,Available,Karimnagar
SL007088,S007088,D028,2026-07-26,Afternoon,28,0,28,0.0,Available,Karimnagar
SL007089,S007089,D028,2026-07-28,Full Day,27,2,25,7.41,Available,Karimnagar
SL007090,S007090,D028,2026-07-29,Afternoon,13,0,13,0.0,Available,Karimnagar
SL007091,S007091,D028,2026-07-30,Morning,26,3,23,11.54,Available,Karimnagar
SL007092,S007092,D028,2026-07-31,Afternoon,27,2,25,7.41,Available,Karimnagar
SL007093,S007093,D028,2026-08-03,Afternoon,28,2,26,7.14,Available,Karimnagar
SL007094,S007094,D028,2026-08-04,Afternoon,23,0,23,0.0,Available,Karimnagar
SL007095,S007095,D028,2026-08-05,Full Day,31,3,28,9.68,Available,Karimnagar
SL007096,S007096,D028,2026-08-06,Afternoon,27,0,27,0.0,Available,Karimnagar
SL007097,S007097,D028,2026-08-07,Full Day,26,1,25,3.85,Available,Karimnagar
SL007098,S007098,D028,2026-08-10,Afternoon,27,1,26,3.7,Available,Karimnagar
SL007099,S007099,D028,2026-08-11,Full Day,26,1,25,3.85,Available,Karimnagar
SL007100,S007100,D028,2026-08-12,Afternoon,13,5,8,38.46,Available,Karimnagar
SL007101,S007101,D028,2026-08-13,Afternoon,15,0,15,0.0,Available,Karimnagar
SL007102,S007102,D028,2026-08-14,Afternoon,14,2,12,14.29,Available,Karimnagar
SL007103,S007103,D028,2026-08-17,Full Day,39,2,37,5.13,Available,Karimnagar
SL007104,S007104,D028,2026-08-18,Morning,26,0,26,0.0,Available,Karimnagar
SL007105,S007105,D028,2026-08-19,Morning,28,1,27,3.57,Available,Karimnagar
SL007106,S007106,D028,2026-08-20,Full Day,48,0,48,0.0,Available,Karimnagar
SL007107,S007107,D028,2026-08-21,Afternoon,26,2,24,7.69,Available,Karimnagar
SL007108,S007108,D028,2026-08-24,Morning,26,0,26,0.0,Available,Karimnagar
SL007109,S007109,D028,2026-08-25,Morning,21,2,19,9.52,Available,Karimnagar
SL007110,S007110,D028,2026-08-26,Full Day,29,0,29,0.0,Available,Karimnagar
SL007111,S007111,D028,2026-08-27,Afternoon,19,0,19,0.0,Available,Karimnagar
SL007112,S007112,D028,2026-08-28,Afternoon,30,0,30,0.0,Available,Karimnagar
SL007113,S007113,D028,2026-09-01,Full Day,33,2,31,6.06,Available,Karimnagar
SL007114,S007114,D028,2026-09-02,Full Day,33,1,32,3.03,Available,Karimnagar
SL007115,S007115,D028,2026-09-03,Full Day,29,2,27,6.9,Available,Karimnagar
SL007116,S007116,D028,2026-09-07,Full Day,43,1,42,2.33,Available,Karimnagar
SL007117,S007117,D028,2026-09-08,Afternoon,20,1,19,5.0,Available,Karimnagar
SL007118,S007118,D028,2026-09-09,Full Day,37,4,33,10.81,Available,Karimnagar
SL007119,S007119,D028,2026-09-10,Morning,12,2,10,16.67,Available,Karimnagar
SL007120,S007120,D028,2026-09-11,Afternoon,27,2,25,7.41,Available,Karimnagar
SL007121,S007121,D028,2026-09-14,Afternoon,30,0,30,0.0,Available,Karimnagar
SL007122,S007122,D028,2026-09-15,Afternoon,28,2,26,7.14,Available,Karimnagar
SL007123,S007123,D028,2026-09-16,Full Day,36,1,35,2.78,Available,Karimnagar
SL007124,S007124,D028,2026-09-17,Morning,26,1,25,3.85,Available,Karimnagar
SL007125,S007125,D028,2026-09-18,Full Day,31,3,28,9.68,Available,Karimnagar
SL007126,S007126,D028,2026-09-19,Morning,23,2,21,8.7,Available,Karimnagar
SL007127,S007127,D028,2026-09-21,Full Day,45,1,44,2.22,Available,Karimnagar
SL007128,S007128,D028,2026-09-22,Morning,19,3,16,15.79,Available,Karimnagar
SL007129,S007129,D028,2026-09-23,Morning,27,1,26,3.7,Available,Karimnagar
SL007130,S007130,D028,2026-09-24,Full Day,42,4,38,9.52,Available,Karimnagar
SL007131,S007131,D028,2026-09-25,Afternoon,30,1,29,3.33,Available,Karimnagar
SL007132,S007132,D028,2026-09-27,Full Day,27,3,24,11.11,Available,Karimnagar
SL007133,S007133,D028,2026-09-29,Afternoon,16,0,16,0.0,Available,Karimnagar
SL007134,S007134,D028,2026-10-04,Morning,22,2,20,9.09,Available,Karimnagar
SL007135,S007135,D028,2026-10-05,Afternoon,29,0,29,0.0,Available,Karimnagar
SL007136,S007136,D028,2026-10-06,Full Day,39,2,37,5.13,Available,Karimnagar
SL007137,S007137,D028,2026-10-07,Full Day,30,2,28,6.67,Available,Karimnagar
SL007138,S007138,D028,2026-10-09,Full Day,49,1,48,2.04,Available,Karimnagar
SL007139,S007139,D028,2026-10-10,Afternoon,20,1,19,5.0,Available,Karimnagar
SL007140,S007140,D028,2026-10-11,Morning,12,0,12,0.0,Available,Karimnagar
SL007141,S007141,D028,2026-10-12,Afternoon,14,2,12,14.29,Available,Karimnagar
SL007142,S007142,D028,2026-10-13,Morning,25,1,24,4.0,Available,Karimnagar
SL007143,S007143,D028,2026-10-14,Full Day,35,1,34,2.86,Available,Karimnagar
SL007144,S007144,D028,2026-10-15,Afternoon,19,1,18,5.26,Available,Karimnagar
SL007145,S007145,D028,2026-10-16,Afternoon,15,0,15,0.0,Available,Karimnagar
SL007146,S007146,D028,2026-10-17,Morning,15,1,14,6.67,Available,Karimnagar
SL007147,S007147,D028,2026-10-19,Afternoon,19,1,18,5.26,Available,Karimnagar
SL007148,S007148,D028,2026-10-20,Full Day,29,2,27,6.9,Available,Karimnagar
SL007149,S007149,D028,2026-10-21,Afternoon,25,1,24,4.0,Available,Karimnagar
SL007150,S007150,D028,2026-10-22,Full Day,48,0,48,0.0,Available,Karimnagar
SL007151,S007151,D028,2026-10-23,Morning,24,0,24,0.0,Available,Karimnagar
SL007152,S007152,D028,2026-10-26,Afternoon,16,3,13,18.75,Available,Karimnagar
SL007153,S007153,D028,2026-10-27,Morning,29,1,28,3.45,Available,Karimnagar
SL007154,S007154,D028,2026-10-28,Full Day,32,0,32,0.0,Available,Karimnagar
SL007155,S007155,D028,2026-10-30,Full Day,45,3,42,6.67,Available,Karimnagar
SL007156,S007156,D028,2026-10-31,Morning,28,2,26,7.14,Available,Karimnagar
SL007157,S007157,D028,2026-11-02,Afternoon,18,1,17,5.56,Available,Karimnagar
SL007158,S007158,D028,2026-11-03,Full Day,41,1,40,2.44,Available,Karimnagar
SL007159,S007159,D028,2026-11-05,Morning,26,1,25,3.85,Available,Karimnagar
SL007160,S007160,D028,2026-11-06,Afternoon,30,1,29,3.33,Available,Karimnagar
SL007161,S007161,D028,2026-11-09,Morning,19,2,17,10.53,Available,Karimnagar
SL007162,S007162,D028,2026-11-12,Full Day,33,2,31,6.06,Available,Karimnagar
SL007163,S007163,D028,2026-11-13,Afternoon,16,2,14,12.5,Available,Karimnagar
SL007164,S007164,D028,2026-11-14,Morning,20,0,20,0.0,Available,Karimnagar
SL007165,S007165,D028,2026-11-16,Morning,17,4,13,23.53,Available,Karimnagar
SL007166,S007166,D028,2026-11-17,Afternoon,22,1,21,4.55,Available,Karimnagar
SL007167,S007167,D028,2026-11-19,Full Day,39,2,37,5.13,Available,Karimnagar
SL007168,S007168,D028,2026-11-20,Morning,19,1,18,5.26,Available,Karimnagar
SL007169,S007169,D028,2026-11-22,Afternoon,13,2,11,15.38,Available,Karimnagar
SL007170,S007170,D028,2026-11-24,Afternoon,16,0,16,0.0,Available,Karimnagar
SL007171,S007171,D028,2026-11-25,Afternoon,16,1,15,6.25,Available,Karimnagar
SL007172,S007172,D028,2026-11-26,Full Day,43,0,43,0.0,Available,Karimnagar
SL007173,S007173,D028,2026-11-27,Full Day,38,0,38,0.0,Available,Karimnagar
SL007174,S007174,D028,2026-11-28,Afternoon,28,0,28,0.0,Available,Karimnagar
SL007175,S007175,D028,2026-12-02,Morning,25,2,23,8.0,Available,Karimnagar
SL007176,S007176,D028,2026-12-03,Afternoon,23,2,21,8.7,Available,Karimnagar
SL007177,S007177,D028,2026-12-04,Afternoon,12,1,11,8.33,Available,Karimnagar
SL007178,S007178,D028,2026-12-07,Morning,13,2,11,15.38,Available,Karimnagar
SL007179,S007179,D028,2026-12-08,Full Day,35,1,34,2.86,Available,Karimnagar
SL007180,S007180,D028,2026-12-09,Afternoon,27,2,25,7.41,Available,Karimnagar
SL007181,S007181,D028,2026-12-10,Afternoon,22,2,20,9.09,Available,Karimnagar
SL007182,S007182,D028,2026-12-11,Afternoon,17,1,16,5.88,Available,Karimnagar
SL007183,S007183,D028,2026-12-14,Full Day,35,1,34,2.86,Available,Karimnagar
SL007184,S007184,D028,2026-12-15,Morning,17,2,15,11.76,Available,Karimnagar
SL007185,S007185,D028,2026-12-16,Morning,30,2,28,6.67,Available,Karimnagar
SL007186,S007186,D028,2026-12-17,Morning,30,1,29,3.33,Available,Karimnagar
SL007187,S007187,D028,2026-12-18,Afternoon,24,4,20,16.67,Available,Karimnagar
SL007188,S007188,D028,2026-12-19,Morning,16,2,14,12.5,Available,Karimnagar
SL007189,S007189,D028,2026-12-21,Morning,17,0,17,0.0,Available,Karimnagar
SL007190,S007190,D028,2026-12-22,Full Day,30,1,29,3.33,Available,Karimnagar
SL007191,S007191,D028,2026-12-23,Full Day,28,2,26,7.14,Available,Karimnagar
SL007192,S007192,D028,2026-12-24,Afternoon,13,0,13,0.0,Available,Karimnagar
SL007193,S007193,D028,2026-12-25,Morning,13,4,9,30.77,Available,Karimnagar
SL007194,S007194,D028,2026-12-28,Full Day,38,2,36,5.26,Available,Karimnagar
SL007195,S007195,D028,2026-12-29,Afternoon,20,1,19,5.0,Available,Karimnagar
SL007196,S007196,D028,2026-12-31,Afternoon,29,0,29,0.0,Available,Karimnagar
SL007197,S007197,D029,2026-01-01,Full Day,27,2,25,7.41,Available,Hanamkonda
SL007198,S007198,D029,2026-01-02,Full Day,33,1,32,3.03,Available,Hanamkonda
SL007199,S007199,D029,2026-01-03,Full Day,32,0,32,0.0,Available,Hanamkonda
SL007200,S007200,D029,2026-01-05,Full Day,46,0,46,0.0,Available,Hanamkonda
SL007201,S007201,D029,2026-01-07,Afternoon,21,0,21,0.0,Available,Hanamkonda
SL007202,S007202,D029,2026-01-09,Afternoon,28,0,28,0.0,Available,Hanamkonda
SL007203,S007203,D029,2026-01-10,Full Day,41,1,40,2.44,Available,Hanamkonda
SL007204,S007204,D029,2026-01-12,Morning,30,0,30,0.0,Available,Hanamkonda
SL007205,S007205,D029,2026-01-13,Morning,29,1,28,3.45,Available,Hanamkonda
SL007206,S007206,D029,2026-01-14,Morning,23,1,22,4.35,Available,Hanamkonda
SL007207,S007207,D029,2026-01-16,Morning,30,6,24,20.0,Available,Hanamkonda
SL007208,S007208,D029,2026-01-17,Full Day,42,1,41,2.38,Available,Hanamkonda
SL007209,S007209,D029,2026-01-18,Morning,12,1,11,8.33,Available,Hanamkonda
SL007210,S007210,D029,2026-01-19,Afternoon,21,1,20,4.76,Available,Hanamkonda
SL007211,S007211,D029,2026-01-20,Afternoon,28,0,28,0.0,Available,Hanamkonda
SL007212,S007212,D029,2026-01-21,Afternoon,19,2,17,10.53,Available,Hanamkonda
SL007213,S007213,D029,2026-01-23,Full Day,45,1,44,2.22,Available,Hanamkonda
SL007214,S007214,D029,2026-01-24,Full Day,46,0,46,0.0,Available,Hanamkonda
SL007215,S007215,D029,2026-01-25,Afternoon,23,3,20,13.04,Available,Hanamkonda
SL007216,S007216,D029,2026-01-26,Morning,28,2,26,7.14,Available,Hanamkonda
SL007217,S007217,D029,2026-01-28,Morning,18,2,16,11.11,Available,Hanamkonda
SL007218,S007218,D029,2026-01-29,Morning,14,0,14,0.0,Available,Hanamkonda
SL007219,S007219,D029,2026-01-30,Full Day,40,1,39,2.5,Available,Hanamkonda
SL007220,S007220,D029,2026-01-31,Morning,13,0,13,0.0,Available,Hanamkonda
SL007221,S007221,D029,2026-02-02,Morning,25,0,25,0.0,Available,Hanamkonda
SL007222,S007222,D029,2026-02-03,Full Day,28,1,27,3.57,Available,Hanamkonda
SL007223,S007223,D029,2026-02-04,Afternoon,12,0,12,0.0,Available,Hanamkonda
SL007224,S007224,D029,2026-02-05,Morning,15,0,15,0.0,Available,Hanamkonda
SL007225,S007225,D029,2026-02-06,Morning,16,0,16,0.0,Available,Hanamkonda
SL007226,S007226,D029,2026-02-09,Full Day,32,1,31,3.12,Available,Hanamkonda
SL007227,S007227,D029,2026-02-10,Full Day,41,3,38,7.32,Available,Hanamkonda
SL007228,S007228,D029,2026-02-11,Full Day,38,1,37,2.63,Available,Hanamkonda
SL007229,S007229,D029,2026-02-12,Full Day,49,0,49,0.0,Available,Hanamkonda
SL007230,S007230,D029,2026-02-13,Morning,19,0,19,0.0,Available,Hanamkonda
SL007231,S007231,D029,2026-02-15,Afternoon,13,3,10,23.08,Available,Hanamkonda
SL007232,S007232,D029,2026-02-16,Full Day,44,1,43,2.27,Available,Hanamkonda
SL007233,S007233,D029,2026-02-17,Afternoon,25,2,23,8.0,Available,Hanamkonda
SL007234,S007234,D029,2026-02-18,Afternoon,19,0,19,0.0,Available,Hanamkonda
SL007235,S007235,D029,2026-02-19,Full Day,39,0,39,0.0,Available,Hanamkonda
SL007236,S007236,D029,2026-02-20,Morning,18,1,17,5.56,Available,Hanamkonda
SL007237,S007237,D029,2026-02-21,Afternoon,18,2,16,11.11,Available,Hanamkonda
SL007238,S007238,D029,2026-02-24,Full Day,27,1,26,3.7,Available,Hanamkonda
SL007239,S007239,D029,2026-02-25,Full Day,48,0,48,0.0,Available,Hanamkonda
SL007240,S007240,D029,2026-02-26,Afternoon,25,2,23,8.0,Available,Hanamkonda
SL007241,S007241,D029,2026-02-27,Full Day,26,4,22,15.38,Available,Hanamkonda
SL007242,S007242,D029,2026-02-28,Afternoon,12,3,9,25.0,Available,Hanamkonda
SL007243,S007243,D029,2026-03-01,Full Day,41,2,39,4.88,Available,Hanamkonda
SL007244,S007244,D029,2026-03-02,Morning,19,1,18,5.26,Available,Hanamkonda
SL007245,S007245,D029,2026-03-05,Morning,19,1,18,5.26,Available,Hanamkonda
SL007246,S007246,D029,2026-03-06,Full Day,29,2,27,6.9,Available,Hanamkonda
SL007247,S007247,D029,2026-03-09,Afternoon,19,3,16,15.79,Available,Hanamkonda
SL007248,S007248,D029,2026-03-10,Full Day,39,1,38,2.56,Available,Hanamkonda
SL007249,S007249,D029,2026-03-11,Morning,30,0,30,0.0,Available,Hanamkonda
SL007250,S007250,D029,2026-03-13,Afternoon,22,1,21,4.55,Available,Hanamkonda
SL007251,S007251,D029,2026-03-14,Morning,17,0,17,0.0,Available,Hanamkonda
SL007252,S007252,D029,2026-03-16,Full Day,47,0,47,0.0,Available,Hanamkonda
SL007253,S007253,D029,2026-03-17,Morning,27,1,26,3.7,Available,Hanamkonda
SL007254,S007254,D029,2026-03-19,Morning,16,1,15,6.25,Available,Hanamkonda
SL007255,S007255,D029,2026-03-20,Full Day,38,0,38,0.0,Available,Hanamkonda
SL007256,S007256,D029,2026-03-23,Afternoon,12,1,11,8.33,Available,Hanamkonda
SL007257,S007257,D029,2026-03-25,Afternoon,26,1,25,3.85,Available,Hanamkonda
SL007258,S007258,D029,2026-03-26,Morning,27,4,23,14.81,Available,Hanamkonda
SL007259,S007259,D029,2026-03-28,Afternoon,17,0,17,0.0,Available,Hanamkonda
SL007260,S007260,D029,2026-03-30,Afternoon,15,1,14,6.67,Available,Hanamkonda
SL007261,S007261,D029,2026-03-31,Morning,12,2,10,16.67,Available,Hanamkonda
SL007262,S007262,D029,2026-04-01,Full Day,46,0,46,0.0,Available,Hanamkonda
SL007263,S007263,D029,2026-04-02,Morning,23,2,21,8.7,Available,Hanamkonda
SL007264,S007264,D029,2026-04-03,Afternoon,24,2,22,8.33,Available,Hanamkonda
SL007265,S007265,D029,2026-04-06,Afternoon,24,2,22,8.33,Available,Hanamkonda
SL007266,S007266,D029,2026-04-07,Afternoon,16,2,14,12.5,Available,Hanamkonda
SL007267,S007267,D029,2026-04-08,Morning,29,3,26,10.34,Available,Hanamkonda
SL007268,S007268,D029,2026-04-09,Full Day,25,1,24,4.0,Available,Hanamkonda
SL007269,S007269,D029,2026-04-13,Morning,18,1,17,5.56,Available,Hanamkonda
SL007270,S007270,D029,2026-04-14,Morning,20,3,17,15.0,Available,Hanamkonda
SL007271,S007271,D029,2026-04-15,Afternoon,14,1,13,7.14,Available,Hanamkonda
SL007272,S007272,D029,2026-04-16,Afternoon,27,2,25,7.41,Available,Hanamkonda
SL007273,S007273,D029,2026-04-17,Morning,14,1,13,7.14,Available,Hanamkonda
SL007274,S007274,D029,2026-04-18,Afternoon,18,0,18,0.0,Available,Hanamkonda
SL007275,S007275,D029,2026-04-20,Full Day,49,1,48,2.04,Available,Hanamkonda
SL007276,S007276,D029,2026-04-21,Morning,22,1,21,4.55,Available,Hanamkonda
SL007277,S007277,D029,2026-04-23,Full Day,33,1,32,3.03,Available,Hanamkonda
SL007278,S007278,D029,2026-04-24,Morning,16,0,16,0.0,Available,Hanamkonda
SL007279,S007279,D029,2026-04-26,Full Day,29,1,28,3.45,Available,Hanamkonda
SL007280,S007280,D029,2026-04-27,Morning,12,2,10,16.67,Available,Hanamkonda
SL007281,S007281,D029,2026-04-29,Full Day,43,2,41,4.65,Available,Hanamkonda
SL007282,S007282,D029,2026-04-30,Morning,30,0,30,0.0,Available,Hanamkonda
SL007283,S007283,D029,2026-05-01,Afternoon,26,2,24,7.69,Available,Hanamkonda
SL007284,S007284,D029,2026-05-02,Morning,17,1,16,5.88,Available,Hanamkonda
SL007285,S007285,D029,2026-05-04,Morning,14,2,12,14.29,Available,Hanamkonda
SL007286,S007286,D029,2026-05-05,Full Day,43,1,42,2.33,Available,Hanamkonda
SL007287,S007287,D029,2026-05-06,Morning,17,1,16,5.88,Available,Hanamkonda
SL007288,S007288,D029,2026-05-07,Afternoon,29,3,26,10.34,Available,Hanamkonda
SL007289,S007289,D029,2026-05-08,Morning,17,1,16,5.88,Available,Hanamkonda
SL007290,S007290,D029,2026-05-10,Afternoon,27,0,27,0.0,Available,Hanamkonda
SL007291,S007291,D029,2026-05-11,Afternoon,15,0,15,0.0,Available,Hanamkonda
SL007292,S007292,D029,2026-05-12,Afternoon,21,3,18,14.29,Available,Hanamkonda
SL007293,S007293,D029,2026-05-18,Full Day,26,0,26,0.0,Available,Hanamkonda
SL007294,S007294,D029,2026-05-19,Morning,18,1,17,5.56,Available,Hanamkonda
SL007295,S007295,D029,2026-05-20,Morning,24,3,21,12.5,Available,Hanamkonda
SL007296,S007296,D029,2026-05-21,Afternoon,19,2,17,10.53,Available,Hanamkonda
SL007297,S007297,D029,2026-05-22,Afternoon,27,1,26,3.7,Available,Hanamkonda
SL007298,S007298,D029,2026-05-23,Full Day,27,3,24,11.11,Available,Hanamkonda
SL007299,S007299,D029,2026-05-25,Full Day,35,1,34,2.86,Available,Hanamkonda
SL007300,S007300,D029,2026-05-26,Morning,28,3,25,10.71,Available,Hanamkonda
SL007301,S007301,D029,2026-05-27,Afternoon,28,1,27,3.57,Available,Hanamkonda
SL007302,S007302,D029,2026-05-28,Full Day,28,1,27,3.57,Available,Hanamkonda
SL007303,S007303,D029,2026-05-29,Morning,19,0,19,0.0,Available,Hanamkonda
SL007304,S007304,D029,2026-06-01,Afternoon,15,0,15,0.0,Available,Hanamkonda
SL007305,S007305,D029,2026-06-02,Morning,16,2,14,12.5,Available,Hanamkonda
SL007306,S007306,D029,2026-06-03,Full Day,43,1,42,2.33,Available,Hanamkonda
SL007307,S007307,D029,2026-06-04,Full Day,40,0,40,0.0,Available,Hanamkonda
SL007308,S007308,D029,2026-06-05,Morning,20,1,19,5.0,Available,Hanamkonda
SL007309,S007309,D029,2026-06-08,Full Day,50,0,50,0.0,Available,Hanamkonda
SL007310,S007310,D029,2026-06-09,Morning,23,0,23,0.0,Available,Hanamkonda
SL007311,S007311,D029,2026-06-10,Morning,15,1,14,6.67,Available,Hanamkonda
SL007312,S007312,D029,2026-06-12,Morning,29,3,26,10.34,Available,Hanamkonda
SL007313,S007313,D029,2026-06-14,Morning,21,4,17,19.05,Available,Hanamkonda
SL007314,S007314,D029,2026-06-16,Morning,26,2,24,7.69,Available,Hanamkonda
SL007315,S007315,D029,2026-06-21,Full Day,32,3,29,9.38,Available,Hanamkonda
SL007316,S007316,D029,2026-06-22,Afternoon,26,1,25,3.85,Available,Hanamkonda
SL007317,S007317,D029,2026-06-23,Morning,30,0,30,0.0,Available,Hanamkonda
SL007318,S007318,D029,2026-06-24,Afternoon,26,0,26,0.0,Available,Hanamkonda
SL007319,S007319,D029,2026-06-25,Morning,16,1,15,6.25,Available,Hanamkonda
SL007320,S007320,D029,2026-06-26,Morning,15,1,14,6.67,Available,Hanamkonda
SL007321,S007321,D029,2026-06-29,Afternoon,26,3,23,11.54,Available,Hanamkonda
SL007322,S007322,D029,2026-06-30,Afternoon,24,2,22,8.33,Available,Hanamkonda
SL007323,S007323,D029,2026-07-01,Afternoon,28,3,25,10.71,Available,Hanamkonda
SL007324,S007324,D029,2026-07-06,Morning,25,3,22,12.0,Available,Hanamkonda
SL007325,S007325,D029,2026-07-07,Full Day,25,0,25,0.0,Available,Hanamkonda
SL007326,S007326,D029,2026-07-08,Afternoon,28,2,26,7.14,Available,Hanamkonda
SL007327,S007327,D029,2026-07-09,Afternoon,18,1,17,5.56,Available,Hanamkonda
SL007328,S007328,D029,2026-07-10,Afternoon,29,2,27,6.9,Available,Hanamkonda
SL007329,S007329,D029,2026-07-13,Morning,13,2,11,15.38,Available,Hanamkonda
SL007330,S007330,D029,2026-07-14,Morning,15,2,13,13.33,Available,Hanamkonda
SL007331,S007331,D029,2026-07-15,Morning,12,3,9,25.0,Available,Hanamkonda
SL007332,S007332,D029,2026-07-16,Morning,15,4,11,26.67,Available,Hanamkonda
SL007333,S007333,D029,2026-07-17,Afternoon,29,1,28,3.45,Available,Hanamkonda
SL007334,S007334,D029,2026-07-20,Full Day,32,1,31,3.12,Available,Hanamkonda
SL007335,S007335,D029,2026-07-21,Afternoon,13,3,10,23.08,Available,Hanamkonda
SL007336,S007336,D029,2026-07-22,Morning,17,0,17,0.0,Available,Hanamkonda
SL007337,S007337,D029,2026-07-23,Afternoon,29,0,29,0.0,Available,Hanamkonda
SL007338,S007338,D029,2026-07-24,Afternoon,12,0,12,0.0,Available,Hanamkonda
SL007339,S007339,D029,2026-07-27,Full Day,30,0,30,0.0,Available,Hanamkonda
SL007340,S007340,D029,2026-07-28,Afternoon,20,1,19,5.0,Available,Hanamkonda
SL007341,S007341,D029,2026-07-29,Morning,22,2,20,9.09,Available,Hanamkonda
SL007342,S007342,D029,2026-07-30,Full Day,35,0,35,0.0,Available,Hanamkonda
SL007343,S007343,D029,2026-07-31,Afternoon,28,3,25,10.71,Available,Hanamkonda
SL007344,S007344,D029,2026-08-03,Morning,21,1,20,4.76,Available,Hanamkonda
SL007345,S007345,D029,2026-08-04,Morning,22,0,22,0.0,Available,Hanamkonda
SL007346,S007346,D029,2026-08-05,Full Day,30,4,26,13.33,Available,Hanamkonda
SL007347,S007347,D029,2026-08-06,Afternoon,30,0,30,0.0,Available,Hanamkonda
SL007348,S007348,D029,2026-08-07,Afternoon,26,4,22,15.38,Available,Hanamkonda
SL007349,S007349,D029,2026-08-09,Morning,27,1,26,3.7,Available,Hanamkonda
SL007350,S007350,D029,2026-08-10,Morning,16,1,15,6.25,Available,Hanamkonda
SL007351,S007351,D029,2026-08-11,Morning,15,2,13,13.33,Available,Hanamkonda
SL007352,S007352,D029,2026-08-12,Afternoon,20,1,19,5.0,Available,Hanamkonda
SL007353,S007353,D029,2026-08-13,Full Day,45,2,43,4.44,Available,Hanamkonda
SL007354,S007354,D029,2026-08-16,Afternoon,20,1,19,5.0,Available,Hanamkonda
SL007355,S007355,D029,2026-08-17,Full Day,48,1,47,2.08,Available,Hanamkonda
SL007356,S007356,D029,2026-08-18,Morning,29,1,28,3.45,Available,Hanamkonda
SL007357,S007357,D029,2026-08-19,Afternoon,18,0,18,0.0,Available,Hanamkonda
SL007358,S007358,D029,2026-08-20,Afternoon,19,3,16,15.79,Available,Hanamkonda
SL007359,S007359,D029,2026-08-21,Full Day,34,1,33,2.94,Available,Hanamkonda
SL007360,S007360,D029,2026-08-22,Morning,12,0,12,0.0,Available,Hanamkonda
SL007361,S007361,D029,2026-08-23,Morning,20,1,19,5.0,Available,Hanamkonda
SL007362,S007362,D029,2026-08-24,Full Day,30,2,28,6.67,Available,Hanamkonda
SL007363,S007363,D029,2026-08-26,Morning,12,1,11,8.33,Available,Hanamkonda
SL007364,S007364,D029,2026-08-27,Afternoon,13,0,13,0.0,Available,Hanamkonda
SL007365,S007365,D029,2026-08-29,Morning,18,0,18,0.0,Available,Hanamkonda
SL007366,S007366,D029,2026-08-31,Morning,13,1,12,7.69,Available,Hanamkonda
SL007367,S007367,D029,2026-09-01,Afternoon,30,1,29,3.33,Available,Hanamkonda
SL007368,S007368,D029,2026-09-02,Afternoon,23,1,22,4.35,Available,Hanamkonda
SL007369,S007369,D029,2026-09-03,Full Day,50,4,46,8.0,Available,Hanamkonda
SL007370,S007370,D029,2026-09-04,Afternoon,26,0,26,0.0,Available,Hanamkonda
SL007371,S007371,D029,2026-09-06,Afternoon,27,2,25,7.41,Available,Hanamkonda
SL007372,S007372,D029,2026-09-07,Afternoon,21,2,19,9.52,Available,Hanamkonda
SL007373,S007373,D029,2026-09-09,Morning,17,0,17,0.0,Available,Hanamkonda
SL007374,S007374,D029,2026-09-10,Morning,20,1,19,5.0,Available,Hanamkonda
SL007375,S007375,D029,2026-09-11,Afternoon,15,2,13,13.33,Available,Hanamkonda
SL007376,S007376,D029,2026-09-14,Afternoon,24,0,24,0.0,Available,Hanamkonda
SL007377,S007377,D029,2026-09-15,Afternoon,30,2,28,6.67,Available,Hanamkonda
SL007378,S007378,D029,2026-09-16,Afternoon,24,0,24,0.0,Available,Hanamkonda
SL007379,S007379,D029,2026-09-17,Full Day,25,2,23,8.0,Available,Hanamkonda
SL007380,S007380,D029,2026-09-18,Morning,28,0,28,0.0,Available,Hanamkonda
SL007381,S007381,D029,2026-09-19,Full Day,43,1,42,2.33,Available,Hanamkonda
SL007382,S007382,D029,2026-09-20,Morning,13,3,10,23.08,Available,Hanamkonda
SL007383,S007383,D029,2026-09-21,Full Day,42,3,39,7.14,Available,Hanamkonda
SL007384,S007384,D029,2026-09-23,Afternoon,16,0,16,0.0,Available,Hanamkonda
SL007385,S007385,D029,2026-09-24,Afternoon,14,2,12,14.29,Available,Hanamkonda
SL007386,S007386,D029,2026-09-25,Morning,22,4,18,18.18,Available,Hanamkonda
SL007387,S007387,D029,2026-09-29,Morning,29,0,29,0.0,Available,Hanamkonda
SL007388,S007388,D029,2026-09-30,Afternoon,16,0,16,0.0,Available,Hanamkonda
SL007389,S007389,D029,2026-10-01,Morning,23,1,22,4.35,Available,Hanamkonda
SL007390,S007390,D029,2026-10-02,Morning,12,3,9,25.0,Available,Hanamkonda
SL007391,S007391,D029,2026-10-05,Morning,16,2,14,12.5,Available,Hanamkonda
SL007392,S007392,D029,2026-10-06,Full Day,41,0,41,0.0,Available,Hanamkonda
SL007393,S007393,D029,2026-10-07,Full Day,41,4,37,9.76,Available,Hanamkonda
SL007394,S007394,D029,2026-10-08,Afternoon,30,4,26,13.33,Available,Hanamkonda
SL007395,S007395,D029,2026-10-12,Morning,22,2,20,9.09,Available,Hanamkonda
SL007396,S007396,D029,2026-10-13,Full Day,35,2,33,5.71,Available,Hanamkonda
SL007397,S007397,D029,2026-10-14,Full Day,33,2,31,6.06,Available,Hanamkonda
SL007398,S007398,D029,2026-10-15,Full Day,34,2,32,5.88,Available,Hanamkonda
SL007399,S007399,D029,2026-10-16,Afternoon,23,1,22,4.35,Available,Hanamkonda
SL007400,S007400,D029,2026-10-18,Morning,18,0,18,0.0,Available,Hanamkonda
SL007401,S007401,D029,2026-10-19,Full Day,38,4,34,10.53,Available,Hanamkonda
SL007402,S007402,D029,2026-10-20,Morning,29,0,29,0.0,Available,Hanamkonda
SL007403,S007403,D029,2026-10-21,Afternoon,13,1,12,7.69,Available,Hanamkonda
SL007404,S007404,D029,2026-10-22,Morning,30,0,30,0.0,Available,Hanamkonda
SL007405,S007405,D029,2026-10-23,Morning,26,5,21,19.23,Available,Hanamkonda
SL007406,S007406,D029,2026-10-26,Full Day,27,0,27,0.0,Available,Hanamkonda
SL007407,S007407,D029,2026-10-27,Afternoon,25,1,24,4.0,Available,Hanamkonda
SL007408,S007408,D029,2026-10-28,Afternoon,28,1,27,3.57,Available,Hanamkonda
SL007409,S007409,D029,2026-10-29,Afternoon,20,2,18,10.0,Available,Hanamkonda
SL007410,S007410,D029,2026-10-30,Afternoon,26,2,24,7.69,Available,Hanamkonda
SL007411,S007411,D029,2026-11-01,Afternoon,17,1,16,5.88,Available,Hanamkonda
SL007412,S007412,D029,2026-11-02,Morning,20,2,18,10.0,Available,Hanamkonda
SL007413,S007413,D029,2026-11-03,Morning,15,0,15,0.0,Available,Hanamkonda
SL007414,S007414,D029,2026-11-04,Full Day,33,1,32,3.03,Available,Hanamkonda
SL007415,S007415,D029,2026-11-05,Afternoon,19,0,19,0.0,Available,Hanamkonda
SL007416,S007416,D029,2026-11-06,Morning,17,2,15,11.76,Available,Hanamkonda
SL007417,S007417,D029,2026-11-10,Morning,28,0,28,0.0,Available,Hanamkonda
SL007418,S007418,D029,2026-11-11,Full Day,37,0,37,0.0,Available,Hanamkonda
SL007419,S007419,D029,2026-11-13,Morning,14,2,12,14.29,Available,Hanamkonda
SL007420,S007420,D029,2026-11-14,Morning,16,2,14,12.5,Available,Hanamkonda
SL007421,S007421,D029,2026-11-15,Full Day,44,1,43,2.27,Available,Hanamkonda
SL007422,S007422,D029,2026-11-16,Afternoon,15,3,12,20.0,Available,Hanamkonda
SL007423,S007423,D029,2026-11-17,Morning,28,1,27,3.57,Available,Hanamkonda
SL007424,S007424,D029,2026-11-18,Afternoon,20,1,19,5.0,Available,Hanamkonda
SL007425,S007425,D029,2026-11-19,Morning,26,1,25,3.85,Available,Hanamkonda
SL007426,S007426,D029,2026-11-20,Morning,18,1,17,5.56,Available,Hanamkonda
SL007427,S007427,D029,2026-11-23,Morning,18,1,17,5.56,Available,Hanamkonda
SL007428,S007428,D029,2026-11-24,Full Day,47,3,44,6.38,Available,Hanamkonda
SL007429,S007429,D029,2026-11-25,Afternoon,22,2,20,9.09,Available,Hanamkonda
SL007430,S007430,D029,2026-11-26,Morning,21,1,20,4.76,Available,Hanamkonda
SL007431,S007431,D029,2026-11-27,Afternoon,17,2,15,11.76,Available,Hanamkonda
SL007432,S007432,D029,2026-11-29,Full Day,50,3,47,6.0,Available,Hanamkonda
SL007433,S007433,D029,2026-11-30,Afternoon,13,1,12,7.69,Available,Hanamkonda
SL007434,S007434,D029,2026-12-01,Afternoon,16,1,15,6.25,Available,Hanamkonda
SL007435,S007435,D029,2026-12-02,Morning,19,0,19,0.0,Available,Hanamkonda
SL007436,S007436,D029,2026-12-03,Full Day,40,2,38,5.0,Available,Hanamkonda
SL007437,S007437,D029,2026-12-04,Morning,19,0,19,0.0,Available,Hanamkonda
SL007438,S007438,D029,2026-12-05,Afternoon,28,2,26,7.14,Available,Hanamkonda
SL007439,S007439,D029,2026-12-07,Morning,29,1,28,3.45,Available,Hanamkonda
SL007440,S007440,D029,2026-12-08,Morning,29,0,29,0.0,Available,Hanamkonda
SL007441,S007441,D029,2026-12-09,Full Day,42,3,39,7.14,Available,Hanamkonda
SL007442,S007442,D029,2026-12-11,Morning,30,0,30,0.0,Available,Hanamkonda
SL007443,S007443,D029,2026-12-14,Afternoon,18,1,17,5.56,Available,Hanamkonda
SL007444,S007444,D029,2026-12-15,Morning,26,1,25,3.85,Available,Hanamkonda
SL007445,S007445,D029,2026-12-16,Afternoon,25,1,24,4.0,Available,Hanamkonda
SL007446,S007446,D029,2026-12-17,Afternoon,25,3,22,12.0,Available,Hanamkonda
SL007447,S007447,D029,2026-12-21,Full Day,34,4,30,11.76,Available,Hanamkonda
SL007448,S007448,D029,2026-12-22,Morning,20,1,19,5.0,Available,Hanamkonda
SL007449,S007449,D029,2026-12-23,Full Day,28,1,27,3.57,Available,Hanamkonda
SL007450,S007450,D029,2026-12-24,Afternoon,27,3,24,11.11,Available,Hanamkonda
SL007451,S007451,D029,2026-12-25,Full Day,36,3,33,8.33,Available,Hanamkonda
SL007452,S007452,D029,2026-12-28,Afternoon,17,1,16,5.88,Available,Hanamkonda
SL007453,S007453,D029,2026-12-30,Full Day,26,1,25,3.85,Available,Hanamkonda
SL007454,S007454,D029,2026-12-31,Full Day,31,0,31,0.0,Available,Hanamkonda
SL007455,S007455,D030,2026-01-01,Afternoon,14,2,12,14.29,Available,Karimnagar
SL007456,S007456,D030,2026-01-05,Morning,21,1,20,4.76,Available,Karimnagar
SL007457,S007457,D030,2026-01-06,Afternoon,28,0,28,0.0,Available,Karimnagar
SL007458,S007458,D030,2026-01-08,Afternoon,22,1,21,4.55,Available,Karimnagar
SL007459,S007459,D030,2026-01-09,Morning,23,0,23,0.0,Available,Karimnagar
SL007460,S007460,D030,2026-01-12,Afternoon,26,2,24,7.69,Available,Karimnagar
SL007461,S007461,D030,2026-01-13,Morning,19,0,19,0.0,Available,Karimnagar
SL007462,S007462,D030,2026-01-15,Morning,18,3,15,16.67,Available,Karimnagar
SL007463,S007463,D030,2026-01-17,Afternoon,29,1,28,3.45,Available,Karimnagar
SL007464,S007464,D030,2026-01-19,Morning,18,0,18,0.0,Available,Karimnagar
SL007465,S007465,D030,2026-01-21,Afternoon,20,0,20,0.0,Available,Karimnagar
SL007466,S007466,D030,2026-01-22,Afternoon,27,2,25,7.41,Available,Karimnagar
SL007467,S007467,D030,2026-01-23,Afternoon,23,1,22,4.35,Available,Karimnagar
SL007468,S007468,D030,2026-01-25,Afternoon,17,2,15,11.76,Available,Karimnagar
SL007469,S007469,D030,2026-01-27,Full Day,41,2,39,4.88,Available,Karimnagar
SL007470,S007470,D030,2026-01-28,Morning,22,2,20,9.09,Available,Karimnagar
SL007471,S007471,D030,2026-01-29,Morning,26,2,24,7.69,Available,Karimnagar
SL007472,S007472,D030,2026-01-30,Full Day,33,1,32,3.03,Available,Karimnagar
SL007473,S007473,D030,2026-02-01,Afternoon,30,0,30,0.0,Available,Karimnagar
SL007474,S007474,D030,2026-02-02,Full Day,36,2,34,5.56,Available,Karimnagar
SL007475,S007475,D030,2026-02-03,Afternoon,28,0,28,0.0,Available,Karimnagar
SL007476,S007476,D030,2026-02-04,Morning,22,0,22,0.0,Available,Karimnagar
SL007477,S007477,D030,2026-02-05,Afternoon,29,2,27,6.9,Available,Karimnagar
SL007478,S007478,D030,2026-02-06,Morning,18,0,18,0.0,Available,Karimnagar
SL007479,S007479,D030,2026-02-09,Full Day,44,2,42,4.55,Available,Karimnagar
SL007480,S007480,D030,2026-02-10,Full Day,50,1,49,2.0,Available,Karimnagar
SL007481,S007481,D030,2026-02-11,Morning,12,2,10,16.67,Available,Karimnagar
SL007482,S007482,D030,2026-02-12,Afternoon,24,1,23,4.17,Available,Karimnagar
SL007483,S007483,D030,2026-02-13,Morning,29,2,27,6.9,Available,Karimnagar
SL007484,S007484,D030,2026-02-15,Full Day,35,3,32,8.57,Available,Karimnagar
SL007485,S007485,D030,2026-02-16,Afternoon,24,0,24,0.0,Available,Karimnagar
SL007486,S007486,D030,2026-02-18,Afternoon,19,1,18,5.26,Available,Karimnagar
SL007487,S007487,D030,2026-02-19,Full Day,42,1,41,2.38,Available,Karimnagar
SL007488,S007488,D030,2026-02-23,Afternoon,13,2,11,15.38,Available,Karimnagar
SL007489,S007489,D030,2026-02-24,Afternoon,16,0,16,0.0,Available,Karimnagar
SL007490,S007490,D030,2026-02-25,Morning,25,3,22,12.0,Available,Karimnagar
SL007491,S007491,D030,2026-02-26,Afternoon,29,1,28,3.45,Available,Karimnagar
SL007492,S007492,D030,2026-02-27,Full Day,27,1,26,3.7,Available,Karimnagar
SL007493,S007493,D030,2026-03-01,Afternoon,30,0,30,0.0,Available,Karimnagar
SL007494,S007494,D030,2026-03-02,Morning,18,2,16,11.11,Available,Karimnagar
SL007495,S007495,D030,2026-03-03,Full Day,26,2,24,7.69,Available,Karimnagar
SL007496,S007496,D030,2026-03-04,Full Day,32,0,32,0.0,Available,Karimnagar
SL007497,S007497,D030,2026-03-06,Morning,17,1,16,5.88,Available,Karimnagar
SL007498,S007498,D030,2026-03-07,Afternoon,20,1,19,5.0,Available,Karimnagar
SL007499,S007499,D030,2026-03-08,Afternoon,19,1,18,5.26,Available,Karimnagar
SL007500,S007500,D030,2026-03-09,Full Day,27,0,27,0.0,Available,Karimnagar
SL007501,S007501,D030,2026-03-10,Morning,13,1,12,7.69,Available,Karimnagar
SL007502,S007502,D030,2026-03-11,Afternoon,13,0,13,0.0,Available,Karimnagar
SL007503,S007503,D030,2026-03-12,Full Day,27,0,27,0.0,Available,Karimnagar
SL007504,S007504,D030,2026-03-13,Full Day,31,0,31,0.0,Available,Karimnagar
SL007505,S007505,D030,2026-03-15,Afternoon,17,4,13,23.53,Available,Karimnagar
SL007506,S007506,D030,2026-03-16,Full Day,46,1,45,2.17,Available,Karimnagar
SL007507,S007507,D030,2026-03-17,Morning,12,1,11,8.33,Available,Karimnagar
SL007508,S007508,D030,2026-03-18,Morning,22,2,20,9.09,Available,Karimnagar
SL007509,S007509,D030,2026-03-19,Full Day,27,0,27,0.0,Available,Karimnagar
SL007510,S007510,D030,2026-03-20,Morning,17,2,15,11.76,Available,Karimnagar
SL007511,S007511,D030,2026-03-23,Full Day,37,0,37,0.0,Available,Karimnagar
SL007512,S007512,D030,2026-03-24,Morning,28,1,27,3.57,Available,Karimnagar
SL007513,S007513,D030,2026-03-25,Morning,29,3,26,10.34,Available,Karimnagar
SL007514,S007514,D030,2026-03-26,Full Day,29,1,28,3.45,Available,Karimnagar
SL007515,S007515,D030,2026-03-27,Afternoon,17,1,16,5.88,Available,Karimnagar
SL007516,S007516,D030,2026-03-30,Afternoon,25,1,24,4.0,Available,Karimnagar
SL007517,S007517,D030,2026-03-31,Morning,16,4,12,25.0,Available,Karimnagar
SL007518,S007518,D030,2026-04-02,Morning,15,2,13,13.33,Available,Karimnagar
SL007519,S007519,D030,2026-04-06,Full Day,29,1,28,3.45,Available,Karimnagar
SL007520,S007520,D030,2026-04-07,Afternoon,22,3,19,13.64,Available,Karimnagar
SL007521,S007521,D030,2026-04-08,Morning,14,0,14,0.0,Available,Karimnagar
SL007522,S007522,D030,2026-04-09,Morning,16,2,14,12.5,Available,Karimnagar
SL007523,S007523,D030,2026-04-10,Afternoon,27,1,26,3.7,Available,Karimnagar
SL007524,S007524,D030,2026-04-14,Full Day,27,1,26,3.7,Available,Karimnagar
SL007525,S007525,D030,2026-04-15,Morning,13,0,13,0.0,Available,Karimnagar
SL007526,S007526,D030,2026-04-16,Afternoon,12,2,10,16.67,Available,Karimnagar
SL007527,S007527,D030,2026-04-17,Full Day,34,2,32,5.88,Available,Karimnagar
SL007528,S007528,D030,2026-04-18,Full Day,35,2,33,5.71,Available,Karimnagar
SL007529,S007529,D030,2026-04-20,Morning,19,0,19,0.0,Available,Karimnagar
SL007530,S007530,D030,2026-04-21,Afternoon,19,1,18,5.26,Available,Karimnagar
SL007531,S007531,D030,2026-04-23,Full Day,46,0,46,0.0,Available,Karimnagar
SL007532,S007532,D030,2026-04-24,Afternoon,26,3,23,11.54,Available,Karimnagar
SL007533,S007533,D030,2026-04-25,Morning,30,0,30,0.0,Available,Karimnagar
SL007534,S007534,D030,2026-04-27,Afternoon,23,1,22,4.35,Available,Karimnagar
SL007535,S007535,D030,2026-04-28,Afternoon,12,1,11,8.33,Available,Karimnagar
SL007536,S007536,D030,2026-04-30,Morning,24,0,24,0.0,Available,Karimnagar
SL007537,S007537,D030,2026-05-01,Afternoon,21,2,19,9.52,Available,Karimnagar
SL007538,S007538,D030,2026-05-02,Afternoon,24,3,21,12.5,Available,Karimnagar
SL007539,S007539,D030,2026-05-03,Morning,18,1,17,5.56,Available,Karimnagar
SL007540,S007540,D030,2026-05-04,Full Day,39,1,38,2.56,Available,Karimnagar
SL007541,S007541,D030,2026-05-05,Morning,17,1,16,5.88,Available,Karimnagar
SL007542,S007542,D030,2026-05-06,Full Day,49,1,48,2.04,Available,Karimnagar
SL007543,S007543,D030,2026-05-07,Morning,24,2,22,8.33,Available,Karimnagar
SL007544,S007544,D030,2026-05-10,Afternoon,16,4,12,25.0,Available,Karimnagar
SL007545,S007545,D030,2026-05-12,Morning,29,3,26,10.34,Available,Karimnagar
SL007546,S007546,D030,2026-05-14,Afternoon,22,2,20,9.09,Available,Karimnagar
SL007547,S007547,D030,2026-05-15,Morning,12,1,11,8.33,Available,Karimnagar
SL007548,S007548,D030,2026-05-16,Full Day,49,2,47,4.08,Available,Karimnagar
SL007549,S007549,D030,2026-05-19,Afternoon,26,3,23,11.54,Available,Karimnagar
SL007550,S007550,D030,2026-05-20,Afternoon,15,4,11,26.67,Available,Karimnagar
SL007551,S007551,D030,2026-05-21,Morning,24,0,24,0.0,Available,Karimnagar
SL007552,S007552,D030,2026-05-22,Full Day,48,2,46,4.17,Available,Karimnagar
SL007553,S007553,D030,2026-05-23,Morning,12,1,11,8.33,Available,Karimnagar
SL007554,S007554,D030,2026-05-25,Full Day,47,1,46,2.13,Available,Karimnagar
SL007555,S007555,D030,2026-05-26,Afternoon,27,2,25,7.41,Available,Karimnagar
SL007556,S007556,D030,2026-05-28,Morning,24,2,22,8.33,Available,Karimnagar
SL007557,S007557,D030,2026-05-29,Morning,16,1,15,6.25,Available,Karimnagar
SL007558,S007558,D030,2026-05-30,Morning,25,3,22,12.0,Available,Karimnagar
SL007559,S007559,D030,2026-05-31,Afternoon,22,0,22,0.0,Available,Karimnagar
SL007560,S007560,D030,2026-06-01,Full Day,33,1,32,3.03,Available,Karimnagar
SL007561,S007561,D030,2026-06-02,Morning,28,2,26,7.14,Available,Karimnagar
SL007562,S007562,D030,2026-06-03,Full Day,48,2,46,4.17,Available,Karimnagar
SL007563,S007563,D030,2026-06-04,Afternoon,18,0,18,0.0,Available,Karimnagar
SL007564,S007564,D030,2026-06-08,Full Day,39,0,39,0.0,Available,Karimnagar
SL007565,S007565,D030,2026-06-09,Afternoon,26,1,25,3.85,Available,Karimnagar
SL007566,S007566,D030,2026-06-10,Full Day,46,0,46,0.0,Available,Karimnagar
SL007567,S007567,D030,2026-06-11,Afternoon,19,1,18,5.26,Available,Karimnagar
SL007568,S007568,D030,2026-06-12,Full Day,28,0,28,0.0,Available,Karimnagar
SL007569,S007569,D030,2026-06-13,Full Day,34,1,33,2.94,Available,Karimnagar
SL007570,S007570,D030,2026-06-15,Afternoon,23,3,20,13.04,Available,Karimnagar
SL007571,S007571,D030,2026-06-17,Afternoon,13,2,11,15.38,Available,Karimnagar
SL007572,S007572,D030,2026-06-19,Morning,23,0,23,0.0,Available,Karimnagar
SL007573,S007573,D030,2026-06-22,Afternoon,19,0,19,0.0,Available,Karimnagar
SL007574,S007574,D030,2026-06-24,Full Day,40,0,40,0.0,Available,Karimnagar
SL007575,S007575,D030,2026-06-25,Morning,14,2,12,14.29,Available,Karimnagar
SL007576,S007576,D030,2026-06-26,Full Day,44,1,43,2.27,Available,Karimnagar
SL007577,S007577,D030,2026-06-27,Full Day,30,3,27,10.0,Available,Karimnagar
SL007578,S007578,D030,2026-06-28,Full Day,48,1,47,2.08,Available,Karimnagar
SL007579,S007579,D030,2026-06-29,Full Day,45,2,43,4.44,Available,Karimnagar
SL007580,S007580,D030,2026-06-30,Morning,16,1,15,6.25,Available,Karimnagar
SL007581,S007581,D030,2026-07-02,Full Day,48,0,48,0.0,Available,Karimnagar
SL007582,S007582,D030,2026-07-03,Morning,30,4,26,13.33,Available,Karimnagar
SL007583,S007583,D030,2026-07-04,Afternoon,28,1,27,3.57,Available,Karimnagar
SL007584,S007584,D030,2026-07-05,Morning,21,1,20,4.76,Available,Karimnagar
SL007585,S007585,D030,2026-07-06,Afternoon,22,0,22,0.0,Available,Karimnagar
SL007586,S007586,D030,2026-07-10,Full Day,28,1,27,3.57,Available,Karimnagar
SL007587,S007587,D030,2026-07-11,Afternoon,28,0,28,0.0,Available,Karimnagar
SL007588,S007588,D030,2026-07-13,Afternoon,22,2,20,9.09,Available,Karimnagar
SL007589,S007589,D030,2026-07-14,Full Day,50,0,50,0.0,Available,Karimnagar
SL007590,S007590,D030,2026-07-15,Full Day,33,1,32,3.03,Available,Karimnagar
SL007591,S007591,D030,2026-07-16,Morning,28,0,28,0.0,Available,Karimnagar
SL007592,S007592,D030,2026-07-17,Full Day,27,1,26,3.7,Available,Karimnagar
SL007593,S007593,D030,2026-07-19,Full Day,27,1,26,3.7,Available,Karimnagar
SL007594,S007594,D030,2026-07-20,Morning,16,1,15,6.25,Available,Karimnagar
SL007595,S007595,D030,2026-07-21,Morning,22,1,21,4.55,Available,Karimnagar
SL007596,S007596,D030,2026-07-22,Full Day,26,3,23,11.54,Available,Karimnagar
SL007597,S007597,D030,2026-07-23,Afternoon,15,1,14,6.67,Available,Karimnagar
SL007598,S007598,D030,2026-07-24,Full Day,35,1,34,2.86,Available,Karimnagar
SL007599,S007599,D030,2026-07-25,Full Day,38,2,36,5.26,Available,Karimnagar
SL007600,S007600,D030,2026-07-27,Full Day,29,0,29,0.0,Available,Karimnagar
SL007601,S007601,D030,2026-07-28,Afternoon,14,1,13,7.14,Available,Karimnagar
SL007602,S007602,D030,2026-07-29,Afternoon,26,1,25,3.85,Available,Karimnagar
SL007603,S007603,D030,2026-07-30,Morning,16,2,14,12.5,Available,Karimnagar
SL007604,S007604,D030,2026-07-31,Afternoon,12,3,9,25.0,Available,Karimnagar
SL007605,S007605,D030,2026-08-03,Afternoon,23,3,20,13.04,Available,Karimnagar
SL007606,S007606,D030,2026-08-04,Full Day,33,2,31,6.06,Available,Karimnagar
SL007607,S007607,D030,2026-08-05,Full Day,35,1,34,2.86,Available,Karimnagar
SL007608,S007608,D030,2026-08-06,Full Day,31,2,29,6.45,Available,Karimnagar
SL007609,S007609,D030,2026-08-07,Afternoon,21,2,19,9.52,Available,Karimnagar
SL007610,S007610,D030,2026-08-08,Morning,20,1,19,5.0,Available,Karimnagar
SL007611,S007611,D030,2026-08-09,Morning,25,2,23,8.0,Available,Karimnagar
SL007612,S007612,D030,2026-08-10,Afternoon,25,1,24,4.0,Available,Karimnagar
SL007613,S007613,D030,2026-08-11,Full Day,26,1,25,3.85,Available,Karimnagar
SL007614,S007614,D030,2026-08-12,Afternoon,13,0,13,0.0,Available,Karimnagar
SL007615,S007615,D030,2026-08-13,Morning,19,0,19,0.0,Available,Karimnagar
SL007616,S007616,D030,2026-08-14,Afternoon,24,0,24,0.0,Available,Karimnagar
SL007617,S007617,D030,2026-08-15,Full Day,30,2,28,6.67,Available,Karimnagar
SL007618,S007618,D030,2026-08-16,Full Day,42,1,41,2.38,Available,Karimnagar
SL007619,S007619,D030,2026-08-17,Full Day,39,3,36,7.69,Available,Karimnagar
SL007620,S007620,D030,2026-08-18,Afternoon,26,4,22,15.38,Available,Karimnagar
SL007621,S007621,D030,2026-08-19,Afternoon,29,3,26,10.34,Available,Karimnagar
SL007622,S007622,D030,2026-08-20,Morning,14,1,13,7.14,Available,Karimnagar
SL007623,S007623,D030,2026-08-21,Full Day,30,1,29,3.33,Available,Karimnagar
SL007624,S007624,D030,2026-08-24,Afternoon,25,0,25,0.0,Available,Karimnagar
SL007625,S007625,D030,2026-08-25,Afternoon,21,0,21,0.0,Available,Karimnagar
SL007626,S007626,D030,2026-08-26,Afternoon,27,1,26,3.7,Available,Karimnagar
SL007627,S007627,D030,2026-08-27,Full Day,25,1,24,4.0,Available,Karimnagar
SL007628,S007628,D030,2026-08-28,Afternoon,29,0,29,0.0,Available,Karimnagar
SL007629,S007629,D030,2026-08-31,Afternoon,23,0,23,0.0,Available,Karimnagar
SL007630,S007630,D030,2026-09-01,Morning,17,2,15,11.76,Available,Karimnagar
SL007631,S007631,D030,2026-09-02,Full Day,31,1,30,3.23,Available,Karimnagar
SL007632,S007632,D030,2026-09-03,Afternoon,28,1,27,3.57,Available,Karimnagar
SL007633,S007633,D030,2026-09-04,Full Day,26,0,26,0.0,Available,Karimnagar
SL007634,S007634,D030,2026-09-05,Morning,23,2,21,8.7,Available,Karimnagar
SL007635,S007635,D030,2026-09-07,Morning,29,2,27,6.9,Available,Karimnagar
SL007636,S007636,D030,2026-09-08,Morning,20,0,20,0.0,Available,Karimnagar
SL007637,S007637,D030,2026-09-09,Full Day,35,0,35,0.0,Available,Karimnagar
SL007638,S007638,D030,2026-09-10,Full Day,36,0,36,0.0,Available,Karimnagar
SL007639,S007639,D030,2026-09-13,Afternoon,27,2,25,7.41,Available,Karimnagar
SL007640,S007640,D030,2026-09-14,Full Day,38,0,38,0.0,Available,Karimnagar
SL007641,S007641,D030,2026-09-15,Morning,29,0,29,0.0,Available,Karimnagar
SL007642,S007642,D030,2026-09-16,Afternoon,12,3,9,25.0,Available,Karimnagar
SL007643,S007643,D030,2026-09-17,Afternoon,22,0,22,0.0,Available,Karimnagar
SL007644,S007644,D030,2026-09-18,Full Day,30,3,27,10.0,Available,Karimnagar
SL007645,S007645,D030,2026-09-19,Full Day,46,3,43,6.52,Available,Karimnagar
SL007646,S007646,D030,2026-09-22,Morning,26,0,26,0.0,Available,Karimnagar
SL007647,S007647,D030,2026-09-23,Morning,28,1,27,3.57,Available,Karimnagar
SL007648,S007648,D030,2026-09-24,Full Day,45,1,44,2.22,Available,Karimnagar
SL007649,S007649,D030,2026-09-25,Morning,28,1,27,3.57,Available,Karimnagar
SL007650,S007650,D030,2026-09-28,Afternoon,27,0,27,0.0,Available,Karimnagar
SL007651,S007651,D030,2026-09-29,Morning,23,1,22,4.35,Available,Karimnagar
SL007652,S007652,D030,2026-09-30,Morning,28,2,26,7.14,Available,Karimnagar
SL007653,S007653,D030,2026-10-02,Afternoon,28,0,28,0.0,Available,Karimnagar
SL007654,S007654,D030,2026-10-04,Full Day,26,1,25,3.85,Available,Karimnagar
SL007655,S007655,D030,2026-10-05,Morning,24,1,23,4.17,Available,Karimnagar
SL007656,S007656,D030,2026-10-07,Morning,18,0,18,0.0,Available,Karimnagar
SL007657,S007657,D030,2026-10-08,Morning,28,3,25,10.71,Available,Karimnagar
SL007658,S007658,D030,2026-10-09,Afternoon,21,4,17,19.05,Available,Karimnagar
SL007659,S007659,D030,2026-10-11,Afternoon,13,2,11,15.38,Available,Karimnagar
SL007660,S007660,D030,2026-10-13,Afternoon,18,1,17,5.56,Available,Karimnagar
SL007661,S007661,D030,2026-10-14,Morning,18,0,18,0.0,Available,Karimnagar
SL007662,S007662,D030,2026-10-15,Morning,26,1,25,3.85,Available,Karimnagar
SL007663,S007663,D030,2026-10-16,Morning,25,1,24,4.0,Available,Karimnagar
SL007664,S007664,D030,2026-10-18,Full Day,42,1,41,2.38,Available,Karimnagar
SL007665,S007665,D030,2026-10-19,Afternoon,23,1,22,4.35,Available,Karimnagar
SL007666,S007666,D030,2026-10-20,Afternoon,12,0,12,0.0,Available,Karimnagar
SL007667,S007667,D030,2026-10-21,Morning,20,0,20,0.0,Available,Karimnagar
SL007668,S007668,D030,2026-10-22,Afternoon,24,2,22,8.33,Available,Karimnagar
SL007669,S007669,D030,2026-10-24,Full Day,48,1,47,2.08,Available,Karimnagar
SL007670,S007670,D030,2026-10-26,Morning,18,3,15,16.67,Available,Karimnagar
SL007671,S007671,D030,2026-10-27,Full Day,40,1,39,2.5,Available,Karimnagar
SL007672,S007672,D030,2026-10-28,Afternoon,12,1,11,8.33,Available,Karimnagar
SL007673,S007673,D030,2026-10-29,Full Day,49,0,49,0.0,Available,Karimnagar
SL007674,S007674,D030,2026-10-30,Full Day,42,1,41,2.38,Available,Karimnagar
SL007675,S007675,D030,2026-10-31,Morning,19,3,16,15.79,Available,Karimnagar
SL007676,S007676,D030,2026-11-02,Afternoon,24,1,23,4.17,Available,Karimnagar
SL007677,S007677,D030,2026-11-03,Morning,17,1,16,5.88,Available,Karimnagar
SL007678,S007678,D030,2026-11-04,Morning,20,0,20,0.0,Available,Karimnagar
SL007679,S007679,D030,2026-11-05,Afternoon,19,4,15,21.05,Available,Karimnagar
SL007680,S007680,D030,2026-11-06,Full Day,36,3,33,8.33,Available,Karimnagar
SL007681,S007681,D030,2026-11-08,Morning,20,3,17,15.0,Available,Karimnagar
SL007682,S007682,D030,2026-11-09,Full Day,36,0,36,0.0,Available,Karimnagar
SL007683,S007683,D030,2026-11-10,Morning,14,0,14,0.0,Available,Karimnagar
SL007684,S007684,D030,2026-11-11,Morning,23,1,22,4.35,Available,Karimnagar
SL007685,S007685,D030,2026-11-12,Afternoon,25,2,23,8.0,Available,Karimnagar
SL007686,S007686,D030,2026-11-16,Full Day,46,0,46,0.0,Available,Karimnagar
SL007687,S007687,D030,2026-11-18,Afternoon,12,3,9,25.0,Available,Karimnagar
SL007688,S007688,D030,2026-11-19,Morning,23,3,20,13.04,Available,Karimnagar
SL007689,S007689,D030,2026-11-21,Morning,14,3,11,21.43,Available,Karimnagar
SL007690,S007690,D030,2026-11-23,Full Day,44,2,42,4.55,Available,Karimnagar
SL007691,S007691,D030,2026-11-24,Full Day,47,2,45,4.26,Available,Karimnagar
SL007692,S007692,D030,2026-11-25,Morning,12,2,10,16.67,Available,Karimnagar
SL007693,S007693,D030,2026-11-26,Morning,20,1,19,5.0,Available,Karimnagar
SL007694,S007694,D030,2026-11-27,Morning,25,3,22,12.0,Available,Karimnagar
SL007695,S007695,D030,2026-11-29,Full Day,31,2,29,6.45,Available,Karimnagar
SL007696,S007696,D030,2026-11-30,Full Day,44,1,43,2.27,Available,Karimnagar
SL007697,S007697,D030,2026-12-01,Afternoon,17,2,15,11.76,Available,Karimnagar
SL007698,S007698,D030,2026-12-02,Afternoon,28,3,25,10.71,Available,Karimnagar
SL007699,S007699,D030,2026-12-03,Morning,18,0,18,0.0,Available,Karimnagar
SL007700,S007700,D030,2026-12-04,Morning,15,0,15,0.0,Available,Karimnagar
SL007701,S007701,D030,2026-12-05,Afternoon,30,1,29,3.33,Available,Karimnagar
SL007702,S007702,D030,2026-12-07,Morning,12,2,10,16.67,Available,Karimnagar
SL007703,S007703,D030,2026-12-08,Morning,13,0,13,0.0,Available,Karimnagar
SL007704,S007704,D030,2026-12-09,Full Day,41,1,40,2.44,Available,Karimnagar
SL007705,S007705,D030,2026-12-10,Morning,26,4,22,15.38,Available,Karimnagar
SL007706,S007706,D030,2026-12-11,Full Day,25,3,22,12.0,Available,Karimnagar
SL007707,S007707,D030,2026-12-14,Morning,25,1,24,4.0,Available,Karimnagar
SL007708,S007708,D030,2026-12-15,Full Day,40,2,38,5.0,Available,Karimnagar
SL007709,S007709,D030,2026-12-16,Afternoon,13,2,11,15.38,Available,Karimnagar
SL007710,S007710,D030,2026-12-17,Afternoon,26,2,24,7.69,Available,Karimnagar
SL007711,S007711,D030,2026-12-19,Afternoon,23,1,22,4.35,Available,Karimnagar
SL007712,S007712,D030,2026-12-22,Morning,24,0,24,0.0,Available,Karimnagar
SL007713,S007713,D030,2026-12-23,Morning,13,0,13,0.0,Available,Karimnagar
SL007714,S007714,D030,2026-12-24,Morning,27,1,26,3.7,Available,Karimnagar
SL007715,S007715,D030,2026-12-25,Full Day,50,3,47,6.0,Available,Karimnagar
SL007716,S007716,D030,2026-12-26,Morning,29,1,28,3.45,Available,Karimnagar
SL007717,S007717,D030,2026-12-28,Morning,14,0,14,0.0,Available,Karimnagar
SL007718,S007718,D030,2026-12-29,Afternoon,20,2,18,10.0,Available,Karimnagar
SL007719,S007719,D030,2026-12-30,Morning,27,1,26,3.7,Available,Karimnagar
SL007720,S007720,D030,2026-12-31,Afternoon,16,0,16,0.0,Available,Karimnagar
